access_url,bandwidths,center_frequencies,configuration,freq_max,freq_min,instrument_name,nums_channels,obs_publisher_did,pol_states,project_code,proprietary_status,s_dec,s_ra,spectral_resolutions,spw_names,t_exptime,target_name
https://data.nrao.edu/portal/#/productViewer/12B-375.sb20703080.eb20806694.56402.33224212963,"128000000.0,128000000.0,128000000.0,128000000.0,128000000.0,128000000.0,128000000.0,128000000.0,128000000.0,128000000.0,128000000.0,128000000.0,128000000.0,128000000.0,128000000.0,128000000.0","36053000000.0,36181000000.0,36309000000.0,36437000000.0,36565000000.0,36693000000.0,36821000000.0,36949000000.0,27053000000.0,27181000000.0,27309000000.0,27437000000.0,27565000000.0,27693000000.0,27821000000.0,27949000000.0",D,3.6884E10,2.6988E10,EVLA,"64,64,64,64,64,64,64,64,64,64,64,64,64,64,64,64",12B-375.sb20703080.eb20806694.56402.33224212963,"RR, RL, LR, LL",12B-375,PUBLIC,30.50915523770354,202.78453326533136,"2000000.0,2000000.0,2000000.0,2000000.0,2000000.0,2000000.0,2000000.0,2000000.0,2000000.0,2000000.0,2000000.0,2000000.0,2000000.0,2000000.0,2000000.0,2000000.0","EVLA_KA#A0C0#32,EVLA_KA#A0C0#33,EVLA_KA#A0C0#34,EVLA_KA#A0C0#35,EVLA_KA#A0C0#36,EVLA_KA#A0C0#37,EVLA_KA#A0C0#38,EVLA_KA#A0C0#39,EVLA_KA#B0D0#40,EVLA_KA#B0D0#41,EVLA_KA#B0D0#42,EVLA_KA#B0D0#43,EVLA_KA#B0D0#44,EVLA_KA#B0D0#45,EVLA_KA#B0D0#46,EVLA_KA#B0D0#47",59.8,3C286
https://data.nrao.edu/portal/#/productViewer/12B-375.sb20703080.eb20806694.56402.33224212963,"128000000.0,128000000.0,128000000.0,128000000.0,128000000.0,128000000.0,128000000.0,128000000.0,128000000.0,128000000.0,128000000.0,128000000.0,128000000.0,128000000.0,128000000.0,128000000.0","36053000000.0,36181000000.0,36309000000.0,36437000000.0,36565000000.0,36693000000.0,36821000000.0,36949000000.0,27053000000.0,27181000000.0,27309000000.0,27437000000.0,27565000000.0,27693000000.0,27821000000.0,27949000000.0",D,3.6884E10,2.6988E10,EVLA,"64,64,64,64,64,64,64,64,64,64,64,64,64,64,64,64",12B-375.sb20703080.eb20806694.56402.33224212963,"RR, RL, LR, LL",12B-375,PUBLIC,-31.276662777309227,266.09826083491834,"2000000.0,2000000.0,2000000.0,2000000.0,2000000.0,2000000.0,2000000.0,2000000.0,2000000.0,2000000.0,2000000.0,2000000.0,2000000.0,2000000.0,2000000.0,2000000.0","EVLA_KA#A0C0#32,EVLA_KA#A0C0#33,EVLA_KA#A0C0#34,EVLA_KA#A0C0#35,EVLA_KA#A0C0#36,EVLA_KA#A0C0#37,EVLA_KA#A0C0#38,EVLA_KA#A0C0#39,EVLA_KA#B0D0#40,EVLA_KA#B0D0#41,EVLA_KA#B0D0#42,EVLA_KA#B0D0#43,EVLA_KA#B0D0#44,EVLA_KA#B0D0#45,EVLA_KA#B0D0#46,EVLA_KA#B0D0#47",44.9,J1744-3116
https://data.nrao.edu/portal/#/productViewer/12B-375.sb20703080.eb20806694.56402.33224212963,"128000000.0,128000000.0,128000000.0,128000000.0,128000000.0,128000000.0,128000000.0,128000000.0,128000000.0,128000000.0,128000000.0,128000000.0,128000000.0,128000000.0,128000000.0,128000000.0","36053000000.0,36181000000.0,36309000000.0,36437000000.0,36565000000.0,36693000000.0,36821000000.0,36949000000.0,27053000000.0,27181000000.0,27309000000.0,27437000000.0,27565000000.0,27693000000.0,27821000000.0,27949000000.0",D,3.6884E10,2.6988E10,EVLA,"64,64,64,64,64,64,64,64,64,64,64,64,64,64,64,64",12B-375.sb20703080.eb20806694.56402.33224212963,"RR, RL, LR, LL",12B-375,PUBLIC,-32.620972223403136,267.724583333528,"2000000.0,2000000.0,2000000.0,2000000.0,2000000.0,2000000.0,2000000.0,2000000.0,2000000.0,2000000.0,2000000.0,2000000.0,2000000.0,2000000.0,2000000.0,2000000.0","EVLA_KA#A0C0#32,EVLA_KA#A0C0#33,EVLA_KA#A0C0#34,EVLA_KA#A0C0#35,EVLA_KA#A0C0#36,EVLA_KA#A0C0#37,EVLA_KA#A0C0#38,EVLA_KA#A0C0#39,EVLA_KA#B0D0#40,EVLA_KA#B0D0#41,EVLA_KA#B0D0#42,EVLA_KA#B0D0#43,EVLA_KA#B0D0#44,EVLA_KA#B0D0#45,EVLA_KA#B0D0#46,EVLA_KA#B0D0#47",89.75,SCO12
https://data.nrao.edu/portal/#/productViewer/12B-375.sb20703080.eb20806694.56402.33224212963,"128000000.0,128000000.0,128000000.0,128000000.0,128000000.0,128000000.0,128000000.0,128000000.0,128000000.0,128000000.0,128000000.0,128000000.0,128000000.0,128000000.0,128000000.0,128000000.0","36053000000.0,36181000000.0,36309000000.0,36437000000.0,36565000000.0,36693000000.0,36821000000.0,36949000000.0,27053000000.0,27181000000.0,27309000000.0,27437000000.0,27565000000.0,27693000000.0,27821000000.0,27949000000.0",D,3.6884E10,2.6988E10,EVLA,"64,64,64,64,64,64,64,64,64,64,64,64,64,64,64,64",12B-375.sb20703080.eb20806694.56402.33224212963,"RR, RL, LR, LL",12B-375,PUBLIC,-29.00779694269657,266.4168262513661,"2000000.0,2000000.0,2000000.0,2000000.0,2000000.0,2000000.0,2000000.0,2000000.0,2000000.0,2000000.0,2000000.0,2000000.0,2000000.0,2000000.0,2000000.0,2000000.0","EVLA_KA#A0C0#32,EVLA_KA#A0C0#33,EVLA_KA#A0C0#34,EVLA_KA#A0C0#35,EVLA_KA#A0C0#36,EVLA_KA#A0C0#37,EVLA_KA#A0C0#38,EVLA_KA#A0C0#39,EVLA_KA#B0D0#40,EVLA_KA#B0D0#41,EVLA_KA#B0D0#42,EVLA_KA#B0D0#43,EVLA_KA#B0D0#44,EVLA_KA#B0D0#45,EVLA_KA#B0D0#46,EVLA_KA#B0D0#47",89.75,J1745-2900
https://data.nrao.edu/portal/#/productViewer/12B-375.sb14247826.eb14310856.56277.66487861111,,,A,3.6884E10,2.6988E10,EVLA,,12B-375.sb14247826.eb14310856.56277.66487861111,"RR, RL, LR, LL",12B-375,PUBLIC,30.50915523770354,202.78453326533136,,,59.85,3C286
https://data.nrao.edu/portal/#/productViewer/12B-375.sb14247826.eb14310856.56277.66487861111,,,A,3.6884E10,2.6988E10,EVLA,,12B-375.sb14247826.eb14310856.56277.66487861111,"RR, RL, LR, LL",12B-375,PUBLIC,-31.276662777309227,266.09826083491834,,,44.9,J1744-3116
https://data.nrao.edu/portal/#/productViewer/12B-375.sb14247826.eb14310856.56277.66487861111,,,A,3.6884E10,2.6988E10,EVLA,,12B-375.sb14247826.eb14310856.56277.66487861111,"RR, RL, LR, LL",12B-375,PUBLIC,-32.620972223403136,267.724583333528,,,89.75,SCO12
https://data.nrao.edu/portal/#/productViewer/12B-375.sb14247826.eb14310856.56277.66487861111,,,A,3.6884E10,2.6988E10,EVLA,,12B-375.sb14247826.eb14310856.56277.66487861111,"RR, RL, LR, LL",12B-375,PUBLIC,-29.00779694269657,266.4168262513661,,,89.75,J1745-2900
https://data.nrao.edu/portal/#/productViewer/12B-375.sb14251302.eb14272375.56268.17033887732,"128000000.0,128000000.0,128000000.0,128000000.0,128000000.0,128000000.0,128000000.0,128000000.0,128000000.0,128000000.0,128000000.0,128000000.0,128000000.0,128000000.0,128000000.0,128000000.0","36084000000.0,36212000000.0,36340000000.0,36468000000.0,36596000000.0,36724000000.0,36852000000.0,36980000000.0,27763000000.0,27891000000.0,28019000000.0,28147000000.0,28275000000.0,28403000000.0,28531000000.0,28659000000.0",A,3.6915E10,2.7698E10,EVLA,"64,64,64,64,64,64,64,64,64,64,64,64,64,64,64,64",12B-375.sb14251302.eb14272375.56268.17033887732,"RR, RL, LR, LL",12B-375,PUBLIC,41.51169529027947,49.95066709068327,"2000000.0,2000000.0,2000000.0,2000000.0,2000000.0,2000000.0,2000000.0,2000000.0,2000000.0,2000000.0,2000000.0,2000000.0,2000000.0,2000000.0,2000000.0,2000000.0","EVLA_KA#A0C0#16,EVLA_KA#A0C0#17,EVLA_KA#A0C0#18,EVLA_KA#A0C0#19,EVLA_KA#A0C0#20,EVLA_KA#A0C0#21,EVLA_KA#A0C0#22,EVLA_KA#A0C0#23,EVLA_KA#B0D0#24,EVLA_KA#B0D0#25,EVLA_KA#B0D0#26,EVLA_KA#B0D0#27,EVLA_KA#B0D0#28,EVLA_KA#B0D0#29,EVLA_KA#B0D0#30,EVLA_KA#B0D0#31",59.8,3c84
https://data.nrao.edu/portal/#/productViewer/12B-375.sb14251302.eb14272375.56268.17033887732,"128000000.0,128000000.0,128000000.0,128000000.0,128000000.0,128000000.0,128000000.0,128000000.0,128000000.0,128000000.0,128000000.0,128000000.0,128000000.0,128000000.0,128000000.0,128000000.0","36084000000.0,36212000000.0,36340000000.0,36468000000.0,36596000000.0,36724000000.0,36852000000.0,36980000000.0,27763000000.0,27891000000.0,28019000000.0,28147000000.0,28275000000.0,28403000000.0,28531000000.0,28659000000.0",A,3.6915E10,2.7698E10,EVLA,"64,64,64,64,64,64,64,64,64,64,64,64,64,64,64,64",12B-375.sb14251302.eb14272375.56268.17033887732,"RR, RL, LR, LL",12B-375,PUBLIC,49.85200932178193,85.65057465185124,"2000000.0,2000000.0,2000000.0,2000000.0,2000000.0,2000000.0,2000000.0,2000000.0,2000000.0,2000000.0,2000000.0,2000000.0,2000000.0,2000000.0,2000000.0,2000000.0","EVLA_KA#A0C0#16,EVLA_KA#A0C0#17,EVLA_KA#A0C0#18,EVLA_KA#A0C0#19,EVLA_KA#A0C0#20,EVLA_KA#A0C0#21,EVLA_KA#A0C0#22,EVLA_KA#A0C0#23,EVLA_KA#B0D0#24,EVLA_KA#B0D0#25,EVLA_KA#B0D0#26,EVLA_KA#B0D0#27,EVLA_KA#B0D0#28,EVLA_KA#B0D0#29,EVLA_KA#B0D0#30,EVLA_KA#B0D0#31",59.85,3C147
https://data.nrao.edu/portal/#/productViewer/12B-375.sb14251302.eb14272375.56268.17033887732,"128000000.0,128000000.0,128000000.0,128000000.0,128000000.0,128000000.0,128000000.0,128000000.0,128000000.0,128000000.0,128000000.0,128000000.0,128000000.0,128000000.0,128000000.0,128000000.0","36084000000.0,36212000000.0,36340000000.0,36468000000.0,36596000000.0,36724000000.0,36852000000.0,36980000000.0,27763000000.0,27891000000.0,28019000000.0,28147000000.0,28275000000.0,28403000000.0,28531000000.0,28659000000.0",A,3.6915E10,2.7698E10,EVLA,"64,64,64,64,64,64,64,64,64,64,64,64,64,64,64,64",12B-375.sb14251302.eb14272375.56268.17033887732,"RR, RL, LR, LL",12B-375,PUBLIC,8.960555277538434,100.86021541714922,"2000000.0,2000000.0,2000000.0,2000000.0,2000000.0,2000000.0,2000000.0,2000000.0,2000000.0,2000000.0,2000000.0,2000000.0,2000000.0,2000000.0,2000000.0,2000000.0","EVLA_KA#A0C0#16,EVLA_KA#A0C0#17,EVLA_KA#A0C0#18,EVLA_KA#A0C0#19,EVLA_KA#A0C0#20,EVLA_KA#A0C0#21,EVLA_KA#A0C0#22,EVLA_KA#A0C0#23,EVLA_KA#B0D0#24,EVLA_KA#B0D0#25,EVLA_KA#B0D0#26,EVLA_KA#B0D0#27,EVLA_KA#B0D0#28,EVLA_KA#B0D0#29,EVLA_KA#B0D0#30,EVLA_KA#B0D0#31",45.85,J0643+0857
https://data.nrao.edu/portal/#/productViewer/12B-375.sb14251302.eb14272375.56268.17033887732,"128000000.0,128000000.0,128000000.0,128000000.0,128000000.0,128000000.0,128000000.0,128000000.0,128000000.0,128000000.0,128000000.0,128000000.0,128000000.0,128000000.0,128000000.0,128000000.0","36084000000.0,36212000000.0,36340000000.0,36468000000.0,36596000000.0,36724000000.0,36852000000.0,36980000000.0,27763000000.0,27891000000.0,28019000000.0,28147000000.0,28275000000.0,28403000000.0,28531000000.0,28659000000.0",A,3.6915E10,2.7698E10,EVLA,"64,64,64,64,64,64,64,64,64,64,64,64,64,64,64,64",12B-375.sb14251302.eb14272375.56268.17033887732,"RR, RL, LR, LL",12B-375,PUBLIC,5.899166669117084,99.91141666865647,"2000000.0,2000000.0,2000000.0,2000000.0,2000000.0,2000000.0,2000000.0,2000000.0,2000000.0,2000000.0,2000000.0,2000000.0,2000000.0,2000000.0,2000000.0,2000000.0","EVLA_KA#A0C0#16,EVLA_KA#A0C0#17,EVLA_KA#A0C0#18,EVLA_KA#A0C0#19,EVLA_KA#A0C0#20,EVLA_KA#A0C0#21,EVLA_KA#A0C0#22,EVLA_KA#A0C0#23,EVLA_KA#B0D0#24,EVLA_KA#B0D0#25,EVLA_KA#B0D0#26,EVLA_KA#B0D0#27,EVLA_KA#B0D0#28,EVLA_KA#B0D0#29,EVLA_KA#B0D0#30,EVLA_KA#B0D0#31",88.75,MON12
https://data.nrao.edu/portal/#/productViewer/12B-375.sb14251302.eb14272375.56268.17033887732,"128000000.0,128000000.0,128000000.0,128000000.0,128000000.0,128000000.0,128000000.0,128000000.0,128000000.0,128000000.0,128000000.0,128000000.0,128000000.0,128000000.0,128000000.0,128000000.0","36084000000.0,36212000000.0,36340000000.0,36468000000.0,36596000000.0,36724000000.0,36852000000.0,36980000000.0,27763000000.0,27891000000.0,28019000000.0,28147000000.0,28275000000.0,28403000000.0,28531000000.0,28659000000.0",A,3.6915E10,2.7698E10,EVLA,"64,64,64,64,64,64,64,64,64,64,64,64,64,64,64,64",12B-375.sb14251302.eb14272375.56268.17033887732,"RR, RL, LR, LL",12B-375,PUBLIC,8.225264776600811,104.82498344134463,"2000000.0,2000000.0,2000000.0,2000000.0,2000000.0,2000000.0,2000000.0,2000000.0,2000000.0,2000000.0,2000000.0,2000000.0,2000000.0,2000000.0,2000000.0,2000000.0","EVLA_KA#A0C0#16,EVLA_KA#A0C0#17,EVLA_KA#A0C0#18,EVLA_KA#A0C0#19,EVLA_KA#A0C0#20,EVLA_KA#A0C0#21,EVLA_KA#A0C0#22,EVLA_KA#A0C0#23,EVLA_KA#B0D0#24,EVLA_KA#B0D0#25,EVLA_KA#B0D0#26,EVLA_KA#B0D0#27,EVLA_KA#B0D0#28,EVLA_KA#B0D0#29,EVLA_KA#B0D0#30,EVLA_KA#B0D0#31",84.75,J0659+0813
https://data.nrao.edu/portal/#/productViewer/12B-090_sb10878905_1.56259.080814849534,,,A,3.9872E10,3.1808E10,EVLA,,12B-090_sb10878905_1.56259.080814849534,"RR, RL, LR, LL",12B-090,PUBLIC,32.20835988726248,31.27052237715965,,,299.15,J0205+3212
https://data.nrao.edu/portal/#/productViewer/12B-090_sb10878905_1.56259.080814849534,,,A,3.9872E10,3.1808E10,EVLA,,12B-090_sb10878905_1.56259.080814849534,"RR, RL, LR, LL",12B-090,PUBLIC,33.15975916513661,24.42208096340236,,,89.75,0137+331=3C48
https://data.nrao.edu/portal/#/productViewer/12B-090_sb10878905_1.56259.080814849534,,,A,3.9872E10,3.1808E10,EVLA,,12B-090_sb10878905_1.56259.080814849534,"RR, RL, LR, LL",12B-090,PUBLIC,32.308150663014956,54.125448331342646,,,89.75,J0336+3218
https://data.nrao.edu/portal/#/productViewer/12B-090_sb10878905_1.56259.080814849534,,,A,3.9872E10,3.1808E10,EVLA,,12B-090_sb10878905_1.56259.080814849534,"RR, RL, LR, LL",12B-090,PUBLIC,27.937638651436767,52.490289219250215,,,49.85,J0329+2756
https://data.nrao.edu/portal/#/productViewer/12B-090_sb10878905_1.56259.080814849534,,,A,3.9872E10,3.1808E10,EVLA,,12B-090_sb10878905_1.56259.080814849534,"RR, RL, LR, LL",12B-090,PUBLIC,31.47083333258569,52.35608333246275,,,84.75,Per-Bolo 58
https://data.nrao.edu/portal/#/productViewer/13A-115_sb14717028_1.56375.74038144676,"128000000.0,128000000.0,128000000.0,128000000.0,128000000.0,128000000.0,128000000.0,128000000.0,128000000.0,128000000.0,128000000.0,128000000.0,128000000.0,128000000.0,128000000.0,128000000.0,128000000.0,128000000.0,128000000.0,128000000.0,128000000.0,128000000.0,128000000.0,128000000.0,128000000.0,128000000.0,128000000.0,128000000.0,128000000.0,128000000.0,128000000.0,128000000.0,128000000.0,128000000.0,128000000.0,128000000.0,128000000.0,128000000.0,128000000.0,128000000.0,128000000.0,128000000.0,128000000.0,128000000.0,128000000.0,128000000.0,128000000.0,128000000.0,128000000.0,128000000.0,128000000.0,128000000.0,128000000.0,128000000.0,128000000.0,128000000.0,128000000.0,128000000.0,128000000.0,128000000.0,128000000.0,128000000.0,128000000.0,128000000.0","34939500000.0,35067500000.0,35195500000.0,35323500000.0,35451500000.0,35579500000.0,35707500000.0,35835500000.0,35963500000.0,36091500000.0,36219500000.0,36347500000.0,36475500000.0,36603500000.0,36731500000.0,36859500000.0,34875500000.0,35003500000.0,35131500000.0,35259500000.0,35387500000.0,35515500000.0,35643500000.0,35771500000.0,35899500000.0,36027500000.0,36155500000.0,36283500000.0,36411500000.0,36539500000.0,36667500000.0,36795500000.0,33140500000.0,33268500000.0,33396500000.0,33524500000.0,33652500000.0,33780500000.0,33908500000.0,34036500000.0,34164500000.0,34292500000.0,34420500000.0,34548500000.0,34676500000.0,34804500000.0,34932500000.0,35060500000.0,33204500000.0,33332500000.0,33460500000.0,33588500000.0,33716500000.0,33844500000.0,33972500000.0,34100500000.0,34228500000.0,34356500000.0,34484500000.0,34612500000.0,34740500000.0,34868500000.0,34996500000.0,35124500000.0",D,3.6795E10,3.3076E10,EVLA,"128,128,128,128,128,128,128,128,128,128,128,128,128,128,128,128,128,128,128,128,128,128,128,128,128,128,128,128,128,128,128,128,128,128,128,128,128,128,128,128,128,128,128,128,128,128,128,128,128,128,128,128,128,128,128,128,128,128,128,128,128,128,128,128",13A-115_sb14717028_1.56375.74038144676,"RR, LL",13A-115,PUBLIC,33.15975916513661,24.42208096340236,"1000000.0,1000000.0,1000000.0,1000000.0,1000000.0,1000000.0,1000000.0,1000000.0,1000000.0,1000000.0,1000000.0,1000000.0,1000000.0,1000000.0,1000000.0,1000000.0,1000000.0,1000000.0,1000000.0,1000000.0,1000000.0,1000000.0,1000000.0,1000000.0,1000000.0,1000000.0,1000000.0,1000000.0,1000000.0,1000000.0,1000000.0,1000000.0,1000000.0,1000000.0,1000000.0,1000000.0,1000000.0,1000000.0,1000000.0,1000000.0,1000000.0,1000000.0,1000000.0,1000000.0,1000000.0,1000000.0,1000000.0,1000000.0,1000000.0,1000000.0,1000000.0,1000000.0,1000000.0,1000000.0,1000000.0,1000000.0,1000000.0,1000000.0,1000000.0,1000000.0,1000000.0,1000000.0,1000000.0,1000000.0","EVLA_KA#A1C1#2,EVLA_KA#A1C1#3,EVLA_KA#A1C1#4,EVLA_KA#A1C1#5,EVLA_KA#A1C1#6,EVLA_KA#A1C1#7,EVLA_KA#A1C1#8,EVLA_KA#A1C1#9,EVLA_KA#A1C1#10,EVLA_KA#A1C1#11,EVLA_KA#A1C1#12,EVLA_KA#A1C1#13,EVLA_KA#A1C1#14,EVLA_KA#A1C1#15,EVLA_KA#A1C1#16,EVLA_KA#A1C1#17,EVLA_KA#A2C2#18,EVLA_KA#A2C2#19,EVLA_KA#A2C2#20,EVLA_KA#A2C2#21,EVLA_KA#A2C2#22,EVLA_KA#A2C2#23,EVLA_KA#A2C2#24,EVLA_KA#A2C2#25,EVLA_KA#A2C2#26,EVLA_KA#A2C2#27,EVLA_KA#A2C2#28,EVLA_KA#A2C2#29,EVLA_KA#A2C2#30,EVLA_KA#A2C2#31,EVLA_KA#A2C2#32,EVLA_KA#A2C2#33,EVLA_KA#B1D1#34,EVLA_KA#B1D1#35,EVLA_KA#B1D1#36,EVLA_KA#B1D1#37,EVLA_KA#B1D1#38,EVLA_KA#B1D1#39,EVLA_KA#B1D1#40,EVLA_KA#B1D1#41,EVLA_KA#B1D1#42,EVLA_KA#B1D1#43,EVLA_KA#B1D1#44,EVLA_KA#B1D1#45,EVLA_KA#B1D1#46,EVLA_KA#B1D1#47,EVLA_KA#B1D1#48,EVLA_KA#B1D1#49,EVLA_KA#B2D2#50,EVLA_KA#B2D2#51,EVLA_KA#B2D2#52,EVLA_KA#B2D2#53,EVLA_KA#B2D2#54,EVLA_KA#B2D2#55,EVLA_KA#B2D2#56,EVLA_KA#B2D2#57,EVLA_KA#B2D2#58,EVLA_KA#B2D2#59,EVLA_KA#B2D2#60,EVLA_KA#B2D2#61,EVLA_KA#B2D2#62,EVLA_KA#B2D2#63,EVLA_KA#B2D2#64,EVLA_KA#B2D2#65",299.2,3C48
https://data.nrao.edu/portal/#/productViewer/13A-115_sb14717028_1.56375.74038144676,"128000000.0,128000000.0,128000000.0,128000000.0,128000000.0,128000000.0,128000000.0,128000000.0,128000000.0,128000000.0,128000000.0,128000000.0,128000000.0,128000000.0,128000000.0,128000000.0,128000000.0,128000000.0,128000000.0,128000000.0,128000000.0,128000000.0,128000000.0,128000000.0,128000000.0,128000000.0,128000000.0,128000000.0,128000000.0,128000000.0,128000000.0,128000000.0,128000000.0,128000000.0,128000000.0,128000000.0,128000000.0,128000000.0,128000000.0,128000000.0,128000000.0,128000000.0,128000000.0,128000000.0,128000000.0,128000000.0,128000000.0,128000000.0,128000000.0,128000000.0,128000000.0,128000000.0,128000000.0,128000000.0,128000000.0,128000000.0,128000000.0,128000000.0,128000000.0,128000000.0,128000000.0,128000000.0,128000000.0,128000000.0","34939500000.0,35067500000.0,35195500000.0,35323500000.0,35451500000.0,35579500000.0,35707500000.0,35835500000.0,35963500000.0,36091500000.0,36219500000.0,36347500000.0,36475500000.0,36603500000.0,36731500000.0,36859500000.0,34875500000.0,35003500000.0,35131500000.0,35259500000.0,35387500000.0,35515500000.0,35643500000.0,35771500000.0,35899500000.0,36027500000.0,36155500000.0,36283500000.0,36411500000.0,36539500000.0,36667500000.0,36795500000.0,33140500000.0,33268500000.0,33396500000.0,33524500000.0,33652500000.0,33780500000.0,33908500000.0,34036500000.0,34164500000.0,34292500000.0,34420500000.0,34548500000.0,34676500000.0,34804500000.0,34932500000.0,35060500000.0,33204500000.0,33332500000.0,33460500000.0,33588500000.0,33716500000.0,33844500000.0,33972500000.0,34100500000.0,34228500000.0,34356500000.0,34484500000.0,34612500000.0,34740500000.0,34868500000.0,34996500000.0,35124500000.0",D,3.6795E10,3.3076E10,EVLA,"128,128,128,128,128,128,128,128,128,128,128,128,128,128,128,128,128,128,128,128,128,128,128,128,128,128,128,128,128,128,128,128,128,128,128,128,128,128,128,128,128,128,128,128,128,128,128,128,128,128,128,128,128,128,128,128,128,128,128,128,128,128,128,128",13A-115_sb14717028_1.56375.74038144676,"RR, LL",13A-115,PUBLIC,9.512643044874574,356.6534939918731,"1000000.0,1000000.0,1000000.0,1000000.0,1000000.0,1000000.0,1000000.0,1000000.0,1000000.0,1000000.0,1000000.0,1000000.0,1000000.0,1000000.0,1000000.0,1000000.0,1000000.0,1000000.0,1000000.0,1000000.0,1000000.0,1000000.0,1000000.0,1000000.0,1000000.0,1000000.0,1000000.0,1000000.0,1000000.0,1000000.0,1000000.0,1000000.0,1000000.0,1000000.0,1000000.0,1000000.0,1000000.0,1000000.0,1000000.0,1000000.0,1000000.0,1000000.0,1000000.0,1000000.0,1000000.0,1000000.0,1000000.0,1000000.0,1000000.0,1000000.0,1000000.0,1000000.0,1000000.0,1000000.0,1000000.0,1000000.0,1000000.0,1000000.0,1000000.0,1000000.0,1000000.0,1000000.0,1000000.0,1000000.0","EVLA_KA#A1C1#2,EVLA_KA#A1C1#3,EVLA_KA#A1C1#4,EVLA_KA#A1C1#5,EVLA_KA#A1C1#6,EVLA_KA#A1C1#7,EVLA_KA#A1C1#8,EVLA_KA#A1C1#9,EVLA_KA#A1C1#10,EVLA_KA#A1C1#11,EVLA_KA#A1C1#12,EVLA_KA#A1C1#13,EVLA_KA#A1C1#14,EVLA_KA#A1C1#15,EVLA_KA#A1C1#16,EVLA_KA#A1C1#17,EVLA_KA#A2C2#18,EVLA_KA#A2C2#19,EVLA_KA#A2C2#20,EVLA_KA#A2C2#21,EVLA_KA#A2C2#22,EVLA_KA#A2C2#23,EVLA_KA#A2C2#24,EVLA_KA#A2C2#25,EVLA_KA#A2C2#26,EVLA_KA#A2C2#27,EVLA_KA#A2C2#28,EVLA_KA#A2C2#29,EVLA_KA#A2C2#30,EVLA_KA#A2C2#31,EVLA_KA#A2C2#32,EVLA_KA#A2C2#33,EVLA_KA#B1D1#34,EVLA_KA#B1D1#35,EVLA_KA#B1D1#36,EVLA_KA#B1D1#37,EVLA_KA#B1D1#38,EVLA_KA#B1D1#39,EVLA_KA#B1D1#40,EVLA_KA#B1D1#41,EVLA_KA#B1D1#42,EVLA_KA#B1D1#43,EVLA_KA#B1D1#44,EVLA_KA#B1D1#45,EVLA_KA#B1D1#46,EVLA_KA#B1D1#47,EVLA_KA#B1D1#48,EVLA_KA#B1D1#49,EVLA_KA#B2D2#50,EVLA_KA#B2D2#51,EVLA_KA#B2D2#52,EVLA_KA#B2D2#53,EVLA_KA#B2D2#54,EVLA_KA#B2D2#55,EVLA_KA#B2D2#56,EVLA_KA#B2D2#57,EVLA_KA#B2D2#58,EVLA_KA#B2D2#59,EVLA_KA#B2D2#60,EVLA_KA#B2D2#61,EVLA_KA#B2D2#62,EVLA_KA#B2D2#63,EVLA_KA#B2D2#64,EVLA_KA#B2D2#65",89.8,J2346+0930
https://data.nrao.edu/portal/#/productViewer/13A-115_sb14717028_1.56375.74038144676,"128000000.0,128000000.0,128000000.0,128000000.0,128000000.0,128000000.0,128000000.0,128000000.0,128000000.0,128000000.0,128000000.0,128000000.0,128000000.0,128000000.0,128000000.0,128000000.0,128000000.0,128000000.0,128000000.0,128000000.0,128000000.0,128000000.0,128000000.0,128000000.0,128000000.0,128000000.0,128000000.0,128000000.0,128000000.0,128000000.0,128000000.0,128000000.0,128000000.0,128000000.0,128000000.0,128000000.0,128000000.0,128000000.0,128000000.0,128000000.0,128000000.0,128000000.0,128000000.0,128000000.0,128000000.0,128000000.0,128000000.0,128000000.0,128000000.0,128000000.0,128000000.0,128000000.0,128000000.0,128000000.0,128000000.0,128000000.0,128000000.0,128000000.0,128000000.0,128000000.0,128000000.0,128000000.0,128000000.0,128000000.0","34939500000.0,35067500000.0,35195500000.0,35323500000.0,35451500000.0,35579500000.0,35707500000.0,35835500000.0,35963500000.0,36091500000.0,36219500000.0,36347500000.0,36475500000.0,36603500000.0,36731500000.0,36859500000.0,34875500000.0,35003500000.0,35131500000.0,35259500000.0,35387500000.0,35515500000.0,35643500000.0,35771500000.0,35899500000.0,36027500000.0,36155500000.0,36283500000.0,36411500000.0,36539500000.0,36667500000.0,36795500000.0,33140500000.0,33268500000.0,33396500000.0,33524500000.0,33652500000.0,33780500000.0,33908500000.0,34036500000.0,34164500000.0,34292500000.0,34420500000.0,34548500000.0,34676500000.0,34804500000.0,34932500000.0,35060500000.0,33204500000.0,33332500000.0,33460500000.0,33588500000.0,33716500000.0,33844500000.0,33972500000.0,34100500000.0,34228500000.0,34356500000.0,34484500000.0,34612500000.0,34740500000.0,34868500000.0,34996500000.0,35124500000.0",D,3.6795E10,3.3076E10,EVLA,"128,128,128,128,128,128,128,128,128,128,128,128,128,128,128,128,128,128,128,128,128,128,128,128,128,128,128,128,128,128,128,128,128,128,128,128,128,128,128,128,128,128,128,128,128,128,128,128,128,128,128,128,128,128,128,128,128,128,128,128,128,128,128,128",13A-115_sb14717028_1.56375.74038144676,"RR, LL",13A-115,PUBLIC,12.821944446544293,356.5392916659955,"1000000.0,1000000.0,1000000.0,1000000.0,1000000.0,1000000.0,1000000.0,1000000.0,1000000.0,1000000.0,1000000.0,1000000.0,1000000.0,1000000.0,1000000.0,1000000.0,1000000.0,1000000.0,1000000.0,1000000.0,1000000.0,1000000.0,1000000.0,1000000.0,1000000.0,1000000.0,1000000.0,1000000.0,1000000.0,1000000.0,1000000.0,1000000.0,1000000.0,1000000.0,1000000.0,1000000.0,1000000.0,1000000.0,1000000.0,1000000.0,1000000.0,1000000.0,1000000.0,1000000.0,1000000.0,1000000.0,1000000.0,1000000.0,1000000.0,1000000.0,1000000.0,1000000.0,1000000.0,1000000.0,1000000.0,1000000.0,1000000.0,1000000.0,1000000.0,1000000.0,1000000.0,1000000.0,1000000.0,1000000.0","EVLA_KA#A1C1#2,EVLA_KA#A1C1#3,EVLA_KA#A1C1#4,EVLA_KA#A1C1#5,EVLA_KA#A1C1#6,EVLA_KA#A1C1#7,EVLA_KA#A1C1#8,EVLA_KA#A1C1#9,EVLA_KA#A1C1#10,EVLA_KA#A1C1#11,EVLA_KA#A1C1#12,EVLA_KA#A1C1#13,EVLA_KA#A1C1#14,EVLA_KA#A1C1#15,EVLA_KA#A1C1#16,EVLA_KA#A1C1#17,EVLA_KA#A2C2#18,EVLA_KA#A2C2#19,EVLA_KA#A2C2#20,EVLA_KA#A2C2#21,EVLA_KA#A2C2#22,EVLA_KA#A2C2#23,EVLA_KA#A2C2#24,EVLA_KA#A2C2#25,EVLA_KA#A2C2#26,EVLA_KA#A2C2#27,EVLA_KA#A2C2#28,EVLA_KA#A2C2#29,EVLA_KA#A2C2#30,EVLA_KA#A2C2#31,EVLA_KA#A2C2#32,EVLA_KA#A2C2#33,EVLA_KA#B1D1#34,EVLA_KA#B1D1#35,EVLA_KA#B1D1#36,EVLA_KA#B1D1#37,EVLA_KA#B1D1#38,EVLA_KA#B1D1#39,EVLA_KA#B1D1#40,EVLA_KA#B1D1#41,EVLA_KA#B1D1#42,EVLA_KA#B1D1#43,EVLA_KA#B1D1#44,EVLA_KA#B1D1#45,EVLA_KA#B1D1#46,EVLA_KA#B1D1#47,EVLA_KA#B1D1#48,EVLA_KA#B1D1#49,EVLA_KA#B2D2#50,EVLA_KA#B2D2#51,EVLA_KA#B2D2#52,EVLA_KA#B2D2#53,EVLA_KA#B2D2#54,EVLA_KA#B2D2#55,EVLA_KA#B2D2#56,EVLA_KA#B2D2#57,EVLA_KA#B2D2#58,EVLA_KA#B2D2#59,EVLA_KA#B2D2#60,EVLA_KA#B2D2#61,EVLA_KA#B2D2#62,EVLA_KA#B2D2#63,EVLA_KA#B2D2#64,EVLA_KA#B2D2#65",269.25,Q2343BX610
https://data.nrao.edu/portal/#/productViewer/13A-115_sb14717028_1.56375.74038144676,"128000000.0,128000000.0,128000000.0,128000000.0,128000000.0,128000000.0,128000000.0,128000000.0,128000000.0,128000000.0,128000000.0,128000000.0,128000000.0,128000000.0,128000000.0,128000000.0,128000000.0,128000000.0,128000000.0,128000000.0,128000000.0,128000000.0,128000000.0,128000000.0,128000000.0,128000000.0,128000000.0,128000000.0,128000000.0,128000000.0,128000000.0,128000000.0,128000000.0,128000000.0,128000000.0,128000000.0,128000000.0,128000000.0,128000000.0,128000000.0,128000000.0,128000000.0,128000000.0,128000000.0,128000000.0,128000000.0,128000000.0,128000000.0,128000000.0,128000000.0,128000000.0,128000000.0,128000000.0,128000000.0,128000000.0,128000000.0,128000000.0,128000000.0,128000000.0,128000000.0,128000000.0,128000000.0,128000000.0,128000000.0","34939500000.0,35067500000.0,35195500000.0,35323500000.0,35451500000.0,35579500000.0,35707500000.0,35835500000.0,35963500000.0,36091500000.0,36219500000.0,36347500000.0,36475500000.0,36603500000.0,36731500000.0,36859500000.0,34875500000.0,35003500000.0,35131500000.0,35259500000.0,35387500000.0,35515500000.0,35643500000.0,35771500000.0,35899500000.0,36027500000.0,36155500000.0,36283500000.0,36411500000.0,36539500000.0,36667500000.0,36795500000.0,33140500000.0,33268500000.0,33396500000.0,33524500000.0,33652500000.0,33780500000.0,33908500000.0,34036500000.0,34164500000.0,34292500000.0,34420500000.0,34548500000.0,34676500000.0,34804500000.0,34932500000.0,35060500000.0,33204500000.0,33332500000.0,33460500000.0,33588500000.0,33716500000.0,33844500000.0,33972500000.0,34100500000.0,34228500000.0,34356500000.0,34484500000.0,34612500000.0,34740500000.0,34868500000.0,34996500000.0,35124500000.0",D,3.6795E10,3.3076E10,EVLA,"128,128,128,128,128,128,128,128,128,128,128,128,128,128,128,128,128,128,128,128,128,128,128,128,128,128,128,128,128,128,128,128,128,128,128,128,128,128,128,128,128,128,128,128,128,128,128,128,128,128,128,128,128,128,128,128,128,128,128,128,128,128,128,128",13A-115_sb14717028_1.56375.74038144676,"RR, LL",13A-115,PUBLIC,11.005197178728318,352.6702177349399,"1000000.0,1000000.0,1000000.0,1000000.0,1000000.0,1000000.0,1000000.0,1000000.0,1000000.0,1000000.0,1000000.0,1000000.0,1000000.0,1000000.0,1000000.0,1000000.0,1000000.0,1000000.0,1000000.0,1000000.0,1000000.0,1000000.0,1000000.0,1000000.0,1000000.0,1000000.0,1000000.0,1000000.0,1000000.0,1000000.0,1000000.0,1000000.0,1000000.0,1000000.0,1000000.0,1000000.0,1000000.0,1000000.0,1000000.0,1000000.0,1000000.0,1000000.0,1000000.0,1000000.0,1000000.0,1000000.0,1000000.0,1000000.0,1000000.0,1000000.0,1000000.0,1000000.0,1000000.0,1000000.0,1000000.0,1000000.0,1000000.0,1000000.0,1000000.0,1000000.0,1000000.0,1000000.0,1000000.0,1000000.0","EVLA_KA#A1C1#2,EVLA_KA#A1C1#3,EVLA_KA#A1C1#4,EVLA_KA#A1C1#5,EVLA_KA#A1C1#6,EVLA_KA#A1C1#7,EVLA_KA#A1C1#8,EVLA_KA#A1C1#9,EVLA_KA#A1C1#10,EVLA_KA#A1C1#11,EVLA_KA#A1C1#12,EVLA_KA#A1C1#13,EVLA_KA#A1C1#14,EVLA_KA#A1C1#15,EVLA_KA#A1C1#16,EVLA_KA#A1C1#17,EVLA_KA#A2C2#18,EVLA_KA#A2C2#19,EVLA_KA#A2C2#20,EVLA_KA#A2C2#21,EVLA_KA#A2C2#22,EVLA_KA#A2C2#23,EVLA_KA#A2C2#24,EVLA_KA#A2C2#25,EVLA_KA#A2C2#26,EVLA_KA#A2C2#27,EVLA_KA#A2C2#28,EVLA_KA#A2C2#29,EVLA_KA#A2C2#30,EVLA_KA#A2C2#31,EVLA_KA#A2C2#32,EVLA_KA#A2C2#33,EVLA_KA#B1D1#34,EVLA_KA#B1D1#35,EVLA_KA#B1D1#36,EVLA_KA#B1D1#37,EVLA_KA#B1D1#38,EVLA_KA#B1D1#39,EVLA_KA#B1D1#40,EVLA_KA#B1D1#41,EVLA_KA#B1D1#42,EVLA_KA#B1D1#43,EVLA_KA#B1D1#44,EVLA_KA#B1D1#45,EVLA_KA#B1D1#46,EVLA_KA#B1D1#47,EVLA_KA#B1D1#48,EVLA_KA#B1D1#49,EVLA_KA#B2D2#50,EVLA_KA#B2D2#51,EVLA_KA#B2D2#52,EVLA_KA#B2D2#53,EVLA_KA#B2D2#54,EVLA_KA#B2D2#55,EVLA_KA#B2D2#56,EVLA_KA#B2D2#57,EVLA_KA#B2D2#58,EVLA_KA#B2D2#59,EVLA_KA#B2D2#60,EVLA_KA#B2D2#61,EVLA_KA#B2D2#62,EVLA_KA#B2D2#63,EVLA_KA#B2D2#64,EVLA_KA#B2D2#65",279.25,J2330+1100
https://data.nrao.edu/portal/#/productViewer/13A-398.sb21301698.eb21782879.56427.08940965278,,,DnC,3.788E10,2.996E10,EVLA,,13A-398.sb21301698.eb21782879.56427.08940965278,"RR, RL, LR, LL",13A-398,PUBLIC,57.81044706304379,195.7186053403234,,,299.2,J1302+5748
https://data.nrao.edu/portal/#/productViewer/13A-398.sb21301698.eb21782879.56427.08940965278,,,DnC,3.788E10,2.996E10,EVLA,,13A-398.sb21301698.eb21782879.56427.08940965278,"RR, RL, LR, LL",13A-398,PUBLIC,62.172269442002424,189.22916666446443,,,384.95,GN29
https://data.nrao.edu/portal/#/productViewer/13A-398.sb21301698.eb21782879.56427.08940965278,,,DnC,3.788E10,2.996E10,EVLA,,13A-398.sb21301698.eb21782879.56427.08940965278,"RR, RL, LR, LL",13A-398,PUBLIC,62.172269442002424,189.26205833228835,,,384.95,GN30
https://data.nrao.edu/portal/#/productViewer/13A-398.sb21301698.eb21782879.56427.08940965278,,,DnC,3.788E10,2.996E10,EVLA,,13A-398.sb21301698.eb21782879.56427.08940965278,"RR, RL, LR, LL",13A-398,PUBLIC,62.22534444197401,189.13049166672218,,,384.95,GN31
https://data.nrao.edu/portal/#/productViewer/13A-398.sb21301698.eb21782879.56427.08940965278,,,DnC,3.788E10,2.996E10,EVLA,,13A-398.sb21301698.eb21782879.56427.08940965278,"RR, RL, LR, LL",13A-398,PUBLIC,62.22534444197401,189.32784166793624,,,384.95,GN32
https://data.nrao.edu/portal/#/productViewer/13A-398.sb21301698.eb21782879.56427.08940965278,,,DnC,3.788E10,2.996E10,EVLA,,13A-398.sb21301698.eb21782879.56427.08940965278,"RR, RL, LR, LL",13A-398,PUBLIC,62.278413889984556,189.19627500237007,,,384.95,GN33
https://data.nrao.edu/portal/#/productViewer/13A-398.sb21301698.eb21782879.56427.08940965278,,,DnC,3.788E10,2.996E10,EVLA,,13A-398.sb21301698.eb21782879.56427.08940965278,"RR, RL, LR, LL",13A-398,PUBLIC,62.265147224125634,189.1798291655933,,,384.95,GN34
https://data.nrao.edu/portal/#/productViewer/13A-398.sb21301698.eb21782879.56427.08940965278,,,DnC,3.788E10,2.996E10,EVLA,,13A-398.sb21301698.eb21782879.56427.08940965278,"RR, RL, LR, LL",13A-398,PUBLIC,62.265147224125634,189.21272083341722,,,384.95,GN35
https://data.nrao.edu/portal/#/productViewer/13A-398.sb21301698.eb21782879.56427.08940965278,,,DnC,3.788E10,2.996E10,EVLA,,13A-398.sb21301698.eb21782879.56427.08940965278,"RR, RL, LR, LL",13A-398,PUBLIC,49.51911948490095,178.35194427315503,,,89.75,J1153+4931
https://data.nrao.edu/portal/#/productViewer/13A-398.sb20204800.eb21407890.56421.9574440625,"128000000.0,128000000.0,128000000.0,128000000.0,128000000.0,128000000.0,128000000.0,128000000.0,128000000.0,128000000.0,128000000.0,128000000.0,128000000.0,128000000.0,128000000.0,128000000.0,128000000.0,128000000.0,128000000.0,128000000.0,128000000.0,128000000.0,128000000.0,128000000.0,128000000.0,128000000.0,128000000.0,128000000.0,128000000.0,128000000.0,128000000.0,128000000.0,128000000.0,128000000.0,128000000.0,128000000.0,128000000.0,128000000.0,128000000.0,128000000.0,128000000.0,128000000.0,128000000.0,128000000.0,128000000.0,128000000.0,128000000.0,128000000.0,128000000.0,128000000.0,128000000.0,128000000.0,128000000.0,128000000.0,128000000.0,128000000.0,128000000.0,128000000.0,128000000.0,128000000.0,128000000.0,128000000.0,128000000.0,128000000.0","35041000000.0,35169000000.0,35297000000.0,35425000000.0,35553000000.0,35681000000.0,35809000000.0,35937000000.0,36065000000.0,36193000000.0,36321000000.0,36449000000.0,36577000000.0,36705000000.0,36833000000.0,36961000000.0,37041000000.0,37169000000.0,37297000000.0,37425000000.0,37553000000.0,37681000000.0,37809000000.0,37937000000.0,38065000000.0,38193000000.0,38321000000.0,38449000000.0,38577000000.0,38705000000.0,38833000000.0,38961000000.0,31041000000.0,31169000000.0,31297000000.0,31425000000.0,31553000000.0,31681000000.0,31809000000.0,31937000000.0,32065000000.0,32193000000.0,32321000000.0,32449000000.0,32577000000.0,32705000000.0,32833000000.0,32961000000.0,33041000000.0,33169000000.0,33297000000.0,33425000000.0,33553000000.0,33681000000.0,33809000000.0,33937000000.0,34065000000.0,34193000000.0,34321000000.0,34449000000.0,34577000000.0,34705000000.0,34833000000.0,34961000000.0",DnC,3.8896E10,3.0976E10,EVLA,"64,64,64,64,64,64,64,64,64,64,64,64,64,64,64,64,64,64,64,64,64,64,64,64,64,64,64,64,64,64,64,64,64,64,64,64,64,64,64,64,64,64,64,64,64,64,64,64,64,64,64,64,64,64,64,64,64,64,64,64,64,64,64,64",13A-398.sb20204800.eb21407890.56421.9574440625,"RR, RL, LR, LL",13A-398,PUBLIC,6.1713677162588425,160.32151043149372,"2000000.0,2000000.0,2000000.0,2000000.0,2000000.0,2000000.0,2000000.0,2000000.0,2000000.0,2000000.0,2000000.0,2000000.0,2000000.0,2000000.0,2000000.0,2000000.0,2000000.0,2000000.0,2000000.0,2000000.0,2000000.0,2000000.0,2000000.0,2000000.0,2000000.0,2000000.0,2000000.0,2000000.0,2000000.0,2000000.0,2000000.0,2000000.0,2000000.0,2000000.0,2000000.0,2000000.0,2000000.0,2000000.0,2000000.0,2000000.0,2000000.0,2000000.0,2000000.0,2000000.0,2000000.0,2000000.0,2000000.0,2000000.0,2000000.0,2000000.0,2000000.0,2000000.0,2000000.0,2000000.0,2000000.0,2000000.0,2000000.0,2000000.0,2000000.0,2000000.0,2000000.0,2000000.0,2000000.0,2000000.0","EVLA_KA#A1C1#2,EVLA_KA#A1C1#3,EVLA_KA#A1C1#4,EVLA_KA#A1C1#5,EVLA_KA#A1C1#6,EVLA_KA#A1C1#7,EVLA_KA#A1C1#8,EVLA_KA#A1C1#9,EVLA_KA#A1C1#10,EVLA_KA#A1C1#11,EVLA_KA#A1C1#12,EVLA_KA#A1C1#13,EVLA_KA#A1C1#14,EVLA_KA#A1C1#15,EVLA_KA#A1C1#16,EVLA_KA#A1C1#17,EVLA_KA#A2C2#18,EVLA_KA#A2C2#19,EVLA_KA#A2C2#20,EVLA_KA#A2C2#21,EVLA_KA#A2C2#22,EVLA_KA#A2C2#23,EVLA_KA#A2C2#24,EVLA_KA#A2C2#25,EVLA_KA#A2C2#26,EVLA_KA#A2C2#27,EVLA_KA#A2C2#28,EVLA_KA#A2C2#29,EVLA_KA#A2C2#30,EVLA_KA#A2C2#31,EVLA_KA#A2C2#32,EVLA_KA#A2C2#33,EVLA_KA#B1D1#34,EVLA_KA#B1D1#35,EVLA_KA#B1D1#36,EVLA_KA#B1D1#37,EVLA_KA#B1D1#38,EVLA_KA#B1D1#39,EVLA_KA#B1D1#40,EVLA_KA#B1D1#41,EVLA_KA#B1D1#42,EVLA_KA#B1D1#43,EVLA_KA#B1D1#44,EVLA_KA#B1D1#45,EVLA_KA#B1D1#46,EVLA_KA#B1D1#47,EVLA_KA#B1D1#48,EVLA_KA#B1D1#49,EVLA_KA#B2D2#50,EVLA_KA#B2D2#51,EVLA_KA#B2D2#52,EVLA_KA#B2D2#53,EVLA_KA#B2D2#54,EVLA_KA#B2D2#55,EVLA_KA#B2D2#56,EVLA_KA#B2D2#57,EVLA_KA#B2D2#58,EVLA_KA#B2D2#59,EVLA_KA#B2D2#60,EVLA_KA#B2D2#61,EVLA_KA#B2D2#62,EVLA_KA#B2D2#63,EVLA_KA#B2D2#64,EVLA_KA#B2D2#65",299.2,J1041+0610
https://data.nrao.edu/portal/#/productViewer/14A-232.sb28857771.eb29015194.56725.408101863424,"128000000.0,128000000.0,128000000.0,128000000.0,128000000.0,128000000.0,128000000.0,128000000.0,128000000.0,128000000.0,128000000.0,128000000.0,128000000.0,128000000.0,128000000.0,128000000.0,128000000.0,128000000.0,128000000.0,128000000.0,128000000.0,128000000.0,128000000.0,128000000.0,128000000.0,128000000.0,128000000.0,128000000.0,128000000.0,128000000.0,128000000.0,128000000.0,128000000.0,128000000.0,128000000.0,128000000.0,128000000.0,128000000.0,128000000.0,128000000.0,128000000.0,128000000.0,128000000.0,128000000.0,128000000.0,128000000.0,128000000.0,128000000.0,128000000.0,128000000.0,128000000.0,128000000.0,128000000.0,128000000.0,128000000.0,128000000.0,128000000.0,128000000.0,128000000.0,128000000.0,128000000.0,128000000.0,128000000.0,128000000.0","36541000000.0,36669000000.0,36797000000.0,36925000000.0,37053000000.0,37181000000.0,37309000000.0,37437000000.0,37565000000.0,37693000000.0,37821000000.0,37949000000.0,38077000000.0,38205000000.0,38333000000.0,38461000000.0,34541000000.0,34669000000.0,34797000000.0,34925000000.0,35053000000.0,35181000000.0,35309000000.0,35437000000.0,35565000000.0,35693000000.0,35821000000.0,35949000000.0,36077000000.0,36205000000.0,36333000000.0,36461000000.0,32541000000.0,32669000000.0,32797000000.0,32925000000.0,33053000000.0,33181000000.0,33309000000.0,33437000000.0,33565000000.0,33693000000.0,33821000000.0,33949000000.0,34077000000.0,34205000000.0,34333000000.0,34461000000.0,30541000000.0,30669000000.0,30797000000.0,30925000000.0,31053000000.0,31181000000.0,31309000000.0,31437000000.0,31565000000.0,31693000000.0,31821000000.0,31949000000.0,32077000000.0,32205000000.0,32333000000.0,32461000000.0",A,3.8396E10,3.0476E10,EVLA,"64,64,64,64,64,64,64,64,64,64,64,64,64,64,64,64,64,64,64,64,64,64,64,64,64,64,64,64,64,64,64,64,64,64,64,64,64,64,64,64,64,64,64,64,64,64,64,64,64,64,64,64,64,64,64,64,64,64,64,64,64,64,64,64",14A-232.sb28857771.eb29015194.56725.408101863424,"RR, RL, LR, LL",14A-232,PUBLIC,30.50915523770354,202.78453326533136,"2000000.0,2000000.0,2000000.0,2000000.0,2000000.0,2000000.0,2000000.0,2000000.0,2000000.0,2000000.0,2000000.0,2000000.0,2000000.0,2000000.0,2000000.0,2000000.0,2000000.0,2000000.0,2000000.0,2000000.0,2000000.0,2000000.0,2000000.0,2000000.0,2000000.0,2000000.0,2000000.0,2000000.0,2000000.0,2000000.0,2000000.0,2000000.0,2000000.0,2000000.0,2000000.0,2000000.0,2000000.0,2000000.0,2000000.0,2000000.0,2000000.0,2000000.0,2000000.0,2000000.0,2000000.0,2000000.0,2000000.0,2000000.0,2000000.0,2000000.0,2000000.0,2000000.0,2000000.0,2000000.0,2000000.0,2000000.0,2000000.0,2000000.0,2000000.0,2000000.0,2000000.0,2000000.0,2000000.0,2000000.0","EVLA_KA#A1C1#2,EVLA_KA#A1C1#3,EVLA_KA#A1C1#4,EVLA_KA#A1C1#5,EVLA_KA#A1C1#6,EVLA_KA#A1C1#7,EVLA_KA#A1C1#8,EVLA_KA#A1C1#9,EVLA_KA#A1C1#10,EVLA_KA#A1C1#11,EVLA_KA#A1C1#12,EVLA_KA#A1C1#13,EVLA_KA#A1C1#14,EVLA_KA#A1C1#15,EVLA_KA#A1C1#16,EVLA_KA#A1C1#17,EVLA_KA#A2C2#18,EVLA_KA#A2C2#19,EVLA_KA#A2C2#20,EVLA_KA#A2C2#21,EVLA_KA#A2C2#22,EVLA_KA#A2C2#23,EVLA_KA#A2C2#24,EVLA_KA#A2C2#25,EVLA_KA#A2C2#26,EVLA_KA#A2C2#27,EVLA_KA#A2C2#28,EVLA_KA#A2C2#29,EVLA_KA#A2C2#30,EVLA_KA#A2C2#31,EVLA_KA#A2C2#32,EVLA_KA#A2C2#33,EVLA_KA#B1D1#34,EVLA_KA#B1D1#35,EVLA_KA#B1D1#36,EVLA_KA#B1D1#37,EVLA_KA#B1D1#38,EVLA_KA#B1D1#39,EVLA_KA#B1D1#40,EVLA_KA#B1D1#41,EVLA_KA#B1D1#42,EVLA_KA#B1D1#43,EVLA_KA#B1D1#44,EVLA_KA#B1D1#45,EVLA_KA#B1D1#46,EVLA_KA#B1D1#47,EVLA_KA#B1D1#48,EVLA_KA#B1D1#49,EVLA_KA#B2D2#50,EVLA_KA#B2D2#51,EVLA_KA#B2D2#52,EVLA_KA#B2D2#53,EVLA_KA#B2D2#54,EVLA_KA#B2D2#55,EVLA_KA#B2D2#56,EVLA_KA#B2D2#57,EVLA_KA#B2D2#58,EVLA_KA#B2D2#59,EVLA_KA#B2D2#60,EVLA_KA#B2D2#61,EVLA_KA#B2D2#62,EVLA_KA#B2D2#63,EVLA_KA#B2D2#64,EVLA_KA#B2D2#65",191.45,J1331+3030
https://data.nrao.edu/portal/#/productViewer/14A-232.sb28857771.eb29015194.56725.408101863424,"128000000.0,128000000.0,128000000.0,128000000.0,128000000.0,128000000.0,128000000.0,128000000.0,128000000.0,128000000.0,128000000.0,128000000.0,128000000.0,128000000.0,128000000.0,128000000.0,128000000.0,128000000.0,128000000.0,128000000.0,128000000.0,128000000.0,128000000.0,128000000.0,128000000.0,128000000.0,128000000.0,128000000.0,128000000.0,128000000.0,128000000.0,128000000.0,128000000.0,128000000.0,128000000.0,128000000.0,128000000.0,128000000.0,128000000.0,128000000.0,128000000.0,128000000.0,128000000.0,128000000.0,128000000.0,128000000.0,128000000.0,128000000.0,128000000.0,128000000.0,128000000.0,128000000.0,128000000.0,128000000.0,128000000.0,128000000.0,128000000.0,128000000.0,128000000.0,128000000.0,128000000.0,128000000.0,128000000.0,128000000.0","36541000000.0,36669000000.0,36797000000.0,36925000000.0,37053000000.0,37181000000.0,37309000000.0,37437000000.0,37565000000.0,37693000000.0,37821000000.0,37949000000.0,38077000000.0,38205000000.0,38333000000.0,38461000000.0,34541000000.0,34669000000.0,34797000000.0,34925000000.0,35053000000.0,35181000000.0,35309000000.0,35437000000.0,35565000000.0,35693000000.0,35821000000.0,35949000000.0,36077000000.0,36205000000.0,36333000000.0,36461000000.0,32541000000.0,32669000000.0,32797000000.0,32925000000.0,33053000000.0,33181000000.0,33309000000.0,33437000000.0,33565000000.0,33693000000.0,33821000000.0,33949000000.0,34077000000.0,34205000000.0,34333000000.0,34461000000.0,30541000000.0,30669000000.0,30797000000.0,30925000000.0,31053000000.0,31181000000.0,31309000000.0,31437000000.0,31565000000.0,31693000000.0,31821000000.0,31949000000.0,32077000000.0,32205000000.0,32333000000.0,32461000000.0",A,3.8396E10,3.0476E10,EVLA,"64,64,64,64,64,64,64,64,64,64,64,64,64,64,64,64,64,64,64,64,64,64,64,64,64,64,64,64,64,64,64,64,64,64,64,64,64,64,64,64,64,64,64,64,64,64,64,64,64,64,64,64,64,64,64,64,64,64,64,64,64,64,64,64",14A-232.sb28857771.eb29015194.56725.408101863424,"RR, RL, LR, LL",14A-232,PUBLIC,-13.080430064363679,263.2612741263405,"2000000.0,2000000.0,2000000.0,2000000.0,2000000.0,2000000.0,2000000.0,2000000.0,2000000.0,2000000.0,2000000.0,2000000.0,2000000.0,2000000.0,2000000.0,2000000.0,2000000.0,2000000.0,2000000.0,2000000.0,2000000.0,2000000.0,2000000.0,2000000.0,2000000.0,2000000.0,2000000.0,2000000.0,2000000.0,2000000.0,2000000.0,2000000.0,2000000.0,2000000.0,2000000.0,2000000.0,2000000.0,2000000.0,2000000.0,2000000.0,2000000.0,2000000.0,2000000.0,2000000.0,2000000.0,2000000.0,2000000.0,2000000.0,2000000.0,2000000.0,2000000.0,2000000.0,2000000.0,2000000.0,2000000.0,2000000.0,2000000.0,2000000.0,2000000.0,2000000.0,2000000.0,2000000.0,2000000.0,2000000.0","EVLA_KA#A1C1#2,EVLA_KA#A1C1#3,EVLA_KA#A1C1#4,EVLA_KA#A1C1#5,EVLA_KA#A1C1#6,EVLA_KA#A1C1#7,EVLA_KA#A1C1#8,EVLA_KA#A1C1#9,EVLA_KA#A1C1#10,EVLA_KA#A1C1#11,EVLA_KA#A1C1#12,EVLA_KA#A1C1#13,EVLA_KA#A1C1#14,EVLA_KA#A1C1#15,EVLA_KA#A1C1#16,EVLA_KA#A1C1#17,EVLA_KA#A2C2#18,EVLA_KA#A2C2#19,EVLA_KA#A2C2#20,EVLA_KA#A2C2#21,EVLA_KA#A2C2#22,EVLA_KA#A2C2#23,EVLA_KA#A2C2#24,EVLA_KA#A2C2#25,EVLA_KA#A2C2#26,EVLA_KA#A2C2#27,EVLA_KA#A2C2#28,EVLA_KA#A2C2#29,EVLA_KA#A2C2#30,EVLA_KA#A2C2#31,EVLA_KA#A2C2#32,EVLA_KA#A2C2#33,EVLA_KA#B1D1#34,EVLA_KA#B1D1#35,EVLA_KA#B1D1#36,EVLA_KA#B1D1#37,EVLA_KA#B1D1#38,EVLA_KA#B1D1#39,EVLA_KA#B1D1#40,EVLA_KA#B1D1#41,EVLA_KA#B1D1#42,EVLA_KA#B1D1#43,EVLA_KA#B1D1#44,EVLA_KA#B1D1#45,EVLA_KA#B1D1#46,EVLA_KA#B1D1#47,EVLA_KA#B1D1#48,EVLA_KA#B1D1#49,EVLA_KA#B2D2#50,EVLA_KA#B2D2#51,EVLA_KA#B2D2#52,EVLA_KA#B2D2#53,EVLA_KA#B2D2#54,EVLA_KA#B2D2#55,EVLA_KA#B2D2#56,EVLA_KA#B2D2#57,EVLA_KA#B2D2#58,EVLA_KA#B2D2#59,EVLA_KA#B2D2#60,EVLA_KA#B2D2#61,EVLA_KA#B2D2#62,EVLA_KA#B2D2#63,EVLA_KA#B2D2#64,EVLA_KA#B2D2#65",19.95,J1733-1304
https://data.nrao.edu/portal/#/productViewer/14A-232.sb28857771.eb29015194.56725.408101863424,"128000000.0,128000000.0,128000000.0,128000000.0,128000000.0,128000000.0,128000000.0,128000000.0,128000000.0,128000000.0,128000000.0,128000000.0,128000000.0,128000000.0,128000000.0,128000000.0,128000000.0,128000000.0,128000000.0,128000000.0,128000000.0,128000000.0,128000000.0,128000000.0,128000000.0,128000000.0,128000000.0,128000000.0,128000000.0,128000000.0,128000000.0,128000000.0,128000000.0,128000000.0,128000000.0,128000000.0,128000000.0,128000000.0,128000000.0,128000000.0,128000000.0,128000000.0,128000000.0,128000000.0,128000000.0,128000000.0,128000000.0,128000000.0,128000000.0,128000000.0,128000000.0,128000000.0,128000000.0,128000000.0,128000000.0,128000000.0,128000000.0,128000000.0,128000000.0,128000000.0,128000000.0,128000000.0,128000000.0,128000000.0","36541000000.0,36669000000.0,36797000000.0,36925000000.0,37053000000.0,37181000000.0,37309000000.0,37437000000.0,37565000000.0,37693000000.0,37821000000.0,37949000000.0,38077000000.0,38205000000.0,38333000000.0,38461000000.0,34541000000.0,34669000000.0,34797000000.0,34925000000.0,35053000000.0,35181000000.0,35309000000.0,35437000000.0,35565000000.0,35693000000.0,35821000000.0,35949000000.0,36077000000.0,36205000000.0,36333000000.0,36461000000.0,32541000000.0,32669000000.0,32797000000.0,32925000000.0,33053000000.0,33181000000.0,33309000000.0,33437000000.0,33565000000.0,33693000000.0,33821000000.0,33949000000.0,34077000000.0,34205000000.0,34333000000.0,34461000000.0,30541000000.0,30669000000.0,30797000000.0,30925000000.0,31053000000.0,31181000000.0,31309000000.0,31437000000.0,31565000000.0,31693000000.0,31821000000.0,31949000000.0,32077000000.0,32205000000.0,32333000000.0,32461000000.0",A,3.8396E10,3.0476E10,EVLA,"64,64,64,64,64,64,64,64,64,64,64,64,64,64,64,64,64,64,64,64,64,64,64,64,64,64,64,64,64,64,64,64,64,64,64,64,64,64,64,64,64,64,64,64,64,64,64,64,64,64,64,64,64,64,64,64,64,64,64,64,64,64,64,64",14A-232.sb28857771.eb29015194.56725.408101863424,"RR, RL, LR, LL",14A-232,PUBLIC,-31.276662777309227,266.09826083491834,"2000000.0,2000000.0,2000000.0,2000000.0,2000000.0,2000000.0,2000000.0,2000000.0,2000000.0,2000000.0,2000000.0,2000000.0,2000000.0,2000000.0,2000000.0,2000000.0,2000000.0,2000000.0,2000000.0,2000000.0,2000000.0,2000000.0,2000000.0,2000000.0,2000000.0,2000000.0,2000000.0,2000000.0,2000000.0,2000000.0,2000000.0,2000000.0,2000000.0,2000000.0,2000000.0,2000000.0,2000000.0,2000000.0,2000000.0,2000000.0,2000000.0,2000000.0,2000000.0,2000000.0,2000000.0,2000000.0,2000000.0,2000000.0,2000000.0,2000000.0,2000000.0,2000000.0,2000000.0,2000000.0,2000000.0,2000000.0,2000000.0,2000000.0,2000000.0,2000000.0,2000000.0,2000000.0,2000000.0,2000000.0","EVLA_KA#A1C1#2,EVLA_KA#A1C1#3,EVLA_KA#A1C1#4,EVLA_KA#A1C1#5,EVLA_KA#A1C1#6,EVLA_KA#A1C1#7,EVLA_KA#A1C1#8,EVLA_KA#A1C1#9,EVLA_KA#A1C1#10,EVLA_KA#A1C1#11,EVLA_KA#A1C1#12,EVLA_KA#A1C1#13,EVLA_KA#A1C1#14,EVLA_KA#A1C1#15,EVLA_KA#A1C1#16,EVLA_KA#A1C1#17,EVLA_KA#A2C2#18,EVLA_KA#A2C2#19,EVLA_KA#A2C2#20,EVLA_KA#A2C2#21,EVLA_KA#A2C2#22,EVLA_KA#A2C2#23,EVLA_KA#A2C2#24,EVLA_KA#A2C2#25,EVLA_KA#A2C2#26,EVLA_KA#A2C2#27,EVLA_KA#A2C2#28,EVLA_KA#A2C2#29,EVLA_KA#A2C2#30,EVLA_KA#A2C2#31,EVLA_KA#A2C2#32,EVLA_KA#A2C2#33,EVLA_KA#B1D1#34,EVLA_KA#B1D1#35,EVLA_KA#B1D1#36,EVLA_KA#B1D1#37,EVLA_KA#B1D1#38,EVLA_KA#B1D1#39,EVLA_KA#B1D1#40,EVLA_KA#B1D1#41,EVLA_KA#B1D1#42,EVLA_KA#B1D1#43,EVLA_KA#B1D1#44,EVLA_KA#B1D1#45,EVLA_KA#B1D1#46,EVLA_KA#B1D1#47,EVLA_KA#B1D1#48,EVLA_KA#B1D1#49,EVLA_KA#B2D2#50,EVLA_KA#B2D2#51,EVLA_KA#B2D2#52,EVLA_KA#B2D2#53,EVLA_KA#B2D2#54,EVLA_KA#B2D2#55,EVLA_KA#B2D2#56,EVLA_KA#B2D2#57,EVLA_KA#B2D2#58,EVLA_KA#B2D2#59,EVLA_KA#B2D2#60,EVLA_KA#B2D2#61,EVLA_KA#B2D2#62,EVLA_KA#B2D2#63,EVLA_KA#B2D2#64,EVLA_KA#B2D2#65",134.65,J1744-3116
https://data.nrao.edu/portal/#/productViewer/14A-232.sb28857771.eb29015194.56725.408101863424,"128000000.0,128000000.0,128000000.0,128000000.0,128000000.0,128000000.0,128000000.0,128000000.0,128000000.0,128000000.0,128000000.0,128000000.0,128000000.0,128000000.0,128000000.0,128000000.0,128000000.0,128000000.0,128000000.0,128000000.0,128000000.0,128000000.0,128000000.0,128000000.0,128000000.0,128000000.0,128000000.0,128000000.0,128000000.0,128000000.0,128000000.0,128000000.0,128000000.0,128000000.0,128000000.0,128000000.0,128000000.0,128000000.0,128000000.0,128000000.0,128000000.0,128000000.0,128000000.0,128000000.0,128000000.0,128000000.0,128000000.0,128000000.0,128000000.0,128000000.0,128000000.0,128000000.0,128000000.0,128000000.0,128000000.0,128000000.0,128000000.0,128000000.0,128000000.0,128000000.0,128000000.0,128000000.0,128000000.0,128000000.0","36541000000.0,36669000000.0,36797000000.0,36925000000.0,37053000000.0,37181000000.0,37309000000.0,37437000000.0,37565000000.0,37693000000.0,37821000000.0,37949000000.0,38077000000.0,38205000000.0,38333000000.0,38461000000.0,34541000000.0,34669000000.0,34797000000.0,34925000000.0,35053000000.0,35181000000.0,35309000000.0,35437000000.0,35565000000.0,35693000000.0,35821000000.0,35949000000.0,36077000000.0,36205000000.0,36333000000.0,36461000000.0,32541000000.0,32669000000.0,32797000000.0,32925000000.0,33053000000.0,33181000000.0,33309000000.0,33437000000.0,33565000000.0,33693000000.0,33821000000.0,33949000000.0,34077000000.0,34205000000.0,34333000000.0,34461000000.0,30541000000.0,30669000000.0,30797000000.0,30925000000.0,31053000000.0,31181000000.0,31309000000.0,31437000000.0,31565000000.0,31693000000.0,31821000000.0,31949000000.0,32077000000.0,32205000000.0,32333000000.0,32461000000.0",A,3.8396E10,3.0476E10,EVLA,"64,64,64,64,64,64,64,64,64,64,64,64,64,64,64,64,64,64,64,64,64,64,64,64,64,64,64,64,64,64,64,64,64,64,64,64,64,64,64,64,64,64,64,64,64,64,64,64,64,64,64,64,64,64,64,64,64,64,64,64,64,64,64,64",14A-232.sb28857771.eb29015194.56725.408101863424,"RR, RL, LR, LL",14A-232,PUBLIC,-29.00779694269657,266.4168262513661,"2000000.0,2000000.0,2000000.0,2000000.0,2000000.0,2000000.0,2000000.0,2000000.0,2000000.0,2000000.0,2000000.0,2000000.0,2000000.0,2000000.0,2000000.0,2000000.0,2000000.0,2000000.0,2000000.0,2000000.0,2000000.0,2000000.0,2000000.0,2000000.0,2000000.0,2000000.0,2000000.0,2000000.0,2000000.0,2000000.0,2000000.0,2000000.0,2000000.0,2000000.0,2000000.0,2000000.0,2000000.0,2000000.0,2000000.0,2000000.0,2000000.0,2000000.0,2000000.0,2000000.0,2000000.0,2000000.0,2000000.0,2000000.0,2000000.0,2000000.0,2000000.0,2000000.0,2000000.0,2000000.0,2000000.0,2000000.0,2000000.0,2000000.0,2000000.0,2000000.0,2000000.0,2000000.0,2000000.0,2000000.0","EVLA_KA#A1C1#2,EVLA_KA#A1C1#3,EVLA_KA#A1C1#4,EVLA_KA#A1C1#5,EVLA_KA#A1C1#6,EVLA_KA#A1C1#7,EVLA_KA#A1C1#8,EVLA_KA#A1C1#9,EVLA_KA#A1C1#10,EVLA_KA#A1C1#11,EVLA_KA#A1C1#12,EVLA_KA#A1C1#13,EVLA_KA#A1C1#14,EVLA_KA#A1C1#15,EVLA_KA#A1C1#16,EVLA_KA#A1C1#17,EVLA_KA#A2C2#18,EVLA_KA#A2C2#19,EVLA_KA#A2C2#20,EVLA_KA#A2C2#21,EVLA_KA#A2C2#22,EVLA_KA#A2C2#23,EVLA_KA#A2C2#24,EVLA_KA#A2C2#25,EVLA_KA#A2C2#26,EVLA_KA#A2C2#27,EVLA_KA#A2C2#28,EVLA_KA#A2C2#29,EVLA_KA#A2C2#30,EVLA_KA#A2C2#31,EVLA_KA#A2C2#32,EVLA_KA#A2C2#33,EVLA_KA#B1D1#34,EVLA_KA#B1D1#35,EVLA_KA#B1D1#36,EVLA_KA#B1D1#37,EVLA_KA#B1D1#38,EVLA_KA#B1D1#39,EVLA_KA#B1D1#40,EVLA_KA#B1D1#41,EVLA_KA#B1D1#42,EVLA_KA#B1D1#43,EVLA_KA#B1D1#44,EVLA_KA#B1D1#45,EVLA_KA#B1D1#46,EVLA_KA#B1D1#47,EVLA_KA#B1D1#48,EVLA_KA#B1D1#49,EVLA_KA#B2D2#50,EVLA_KA#B2D2#51,EVLA_KA#B2D2#52,EVLA_KA#B2D2#53,EVLA_KA#B2D2#54,EVLA_KA#B2D2#55,EVLA_KA#B2D2#56,EVLA_KA#B2D2#57,EVLA_KA#B2D2#58,EVLA_KA#B2D2#59,EVLA_KA#B2D2#60,EVLA_KA#B2D2#61,EVLA_KA#B2D2#62,EVLA_KA#B2D2#63,EVLA_KA#B2D2#64,EVLA_KA#B2D2#65",568.45,SGRA
https://data.nrao.edu/portal/#/productViewer/14B-326.sb29865909.eb30078714.57008.333156782406,"128000000.0,128000000.0,128000000.0,128000000.0,128000000.0,128000000.0,128000000.0,128000000.0,128000000.0,128000000.0,128000000.0,128000000.0,128000000.0,128000000.0,128000000.0,128000000.0,128000000.0,128000000.0,128000000.0,128000000.0,128000000.0,128000000.0,128000000.0,128000000.0,128000000.0,128000000.0,128000000.0,128000000.0,128000000.0,128000000.0,128000000.0,128000000.0,128000000.0,128000000.0,128000000.0,128000000.0,128000000.0,128000000.0,128000000.0,128000000.0,128000000.0,128000000.0,128000000.0,128000000.0,128000000.0,128000000.0,128000000.0,128000000.0,128000000.0,128000000.0,128000000.0,128000000.0,128000000.0,128000000.0,128000000.0,128000000.0,128000000.0,128000000.0,128000000.0,128000000.0,128000000.0,128000000.0,128000000.0,128000000.0","34025000000.0,34153000000.0,34281000000.0,34409000000.0,34537000000.0,34665000000.0,34793000000.0,34921000000.0,35049000000.0,35177000000.0,35305000000.0,35433000000.0,35561000000.0,35689000000.0,35817000000.0,35945000000.0,36025000000.0,36153000000.0,36281000000.0,36409000000.0,36537000000.0,36665000000.0,36793000000.0,36921000000.0,37049000000.0,37177000000.0,37305000000.0,37433000000.0,37561000000.0,37689000000.0,37817000000.0,37945000000.0,30025000000.0,30153000000.0,30281000000.0,30409000000.0,30537000000.0,30665000000.0,30793000000.0,30921000000.0,31049000000.0,31177000000.0,31305000000.0,31433000000.0,31561000000.0,31689000000.0,31817000000.0,31945000000.0,32025000000.0,32153000000.0,32281000000.0,32409000000.0,32537000000.0,32665000000.0,32793000000.0,32921000000.0,33049000000.0,33177000000.0,33305000000.0,33433000000.0,33561000000.0,33689000000.0,33817000000.0,33945000000.0",C,3.788E10,2.996E10,EVLA,"64,64,64,64,64,64,64,64,64,64,64,64,64,64,64,64,64,64,64,64,64,64,64,64,64,64,64,64,64,64,64,64,64,64,64,64,64,64,64,64,64,64,64,64,64,64,64,64,64,64,64,64,64,64,64,64,64,64,64,64,64,64,64,64",14B-326.sb29865909.eb30078714.57008.333156782406,"RR, RL, LR, LL",14B-326,PUBLIC,57.81044706304379,195.7186053403234,"2000000.0,2000000.0,2000000.0,2000000.0,2000000.0,2000000.0,2000000.0,2000000.0,2000000.0,2000000.0,2000000.0,2000000.0,2000000.0,2000000.0,2000000.0,2000000.0,2000000.0,2000000.0,2000000.0,2000000.0,2000000.0,2000000.0,2000000.0,2000000.0,2000000.0,2000000.0,2000000.0,2000000.0,2000000.0,2000000.0,2000000.0,2000000.0,2000000.0,2000000.0,2000000.0,2000000.0,2000000.0,2000000.0,2000000.0,2000000.0,2000000.0,2000000.0,2000000.0,2000000.0,2000000.0,2000000.0,2000000.0,2000000.0,2000000.0,2000000.0,2000000.0,2000000.0,2000000.0,2000000.0,2000000.0,2000000.0,2000000.0,2000000.0,2000000.0,2000000.0,2000000.0,2000000.0,2000000.0,2000000.0","EVLA_KA#A1C1#2,EVLA_KA#A1C1#3,EVLA_KA#A1C1#4,EVLA_KA#A1C1#5,EVLA_KA#A1C1#6,EVLA_KA#A1C1#7,EVLA_KA#A1C1#8,EVLA_KA#A1C1#9,EVLA_KA#A1C1#10,EVLA_KA#A1C1#11,EVLA_KA#A1C1#12,EVLA_KA#A1C1#13,EVLA_KA#A1C1#14,EVLA_KA#A1C1#15,EVLA_KA#A1C1#16,EVLA_KA#A1C1#17,EVLA_KA#A2C2#18,EVLA_KA#A2C2#19,EVLA_KA#A2C2#20,EVLA_KA#A2C2#21,EVLA_KA#A2C2#22,EVLA_KA#A2C2#23,EVLA_KA#A2C2#24,EVLA_KA#A2C2#25,EVLA_KA#A2C2#26,EVLA_KA#A2C2#27,EVLA_KA#A2C2#28,EVLA_KA#A2C2#29,EVLA_KA#A2C2#30,EVLA_KA#A2C2#31,EVLA_KA#A2C2#32,EVLA_KA#A2C2#33,EVLA_KA#B1D1#34,EVLA_KA#B1D1#35,EVLA_KA#B1D1#36,EVLA_KA#B1D1#37,EVLA_KA#B1D1#38,EVLA_KA#B1D1#39,EVLA_KA#B1D1#40,EVLA_KA#B1D1#41,EVLA_KA#B1D1#42,EVLA_KA#B1D1#43,EVLA_KA#B1D1#44,EVLA_KA#B1D1#45,EVLA_KA#B1D1#46,EVLA_KA#B1D1#47,EVLA_KA#B1D1#48,EVLA_KA#B1D1#49,EVLA_KA#B2D2#50,EVLA_KA#B2D2#51,EVLA_KA#B2D2#52,EVLA_KA#B2D2#53,EVLA_KA#B2D2#54,EVLA_KA#B2D2#55,EVLA_KA#B2D2#56,EVLA_KA#B2D2#57,EVLA_KA#B2D2#58,EVLA_KA#B2D2#59,EVLA_KA#B2D2#60,EVLA_KA#B2D2#61,EVLA_KA#B2D2#62,EVLA_KA#B2D2#63,EVLA_KA#B2D2#64,EVLA_KA#B2D2#65",299.2,J1302+5748
https://data.nrao.edu/portal/#/productViewer/14B-326.sb29865909.eb30078714.57008.333156782406,"128000000.0,128000000.0,128000000.0,128000000.0,128000000.0,128000000.0,128000000.0,128000000.0,128000000.0,128000000.0,128000000.0,128000000.0,128000000.0,128000000.0,128000000.0,128000000.0,128000000.0,128000000.0,128000000.0,128000000.0,128000000.0,128000000.0,128000000.0,128000000.0,128000000.0,128000000.0,128000000.0,128000000.0,128000000.0,128000000.0,128000000.0,128000000.0,128000000.0,128000000.0,128000000.0,128000000.0,128000000.0,128000000.0,128000000.0,128000000.0,128000000.0,128000000.0,128000000.0,128000000.0,128000000.0,128000000.0,128000000.0,128000000.0,128000000.0,128000000.0,128000000.0,128000000.0,128000000.0,128000000.0,128000000.0,128000000.0,128000000.0,128000000.0,128000000.0,128000000.0,128000000.0,128000000.0,128000000.0,128000000.0","34025000000.0,34153000000.0,34281000000.0,34409000000.0,34537000000.0,34665000000.0,34793000000.0,34921000000.0,35049000000.0,35177000000.0,35305000000.0,35433000000.0,35561000000.0,35689000000.0,35817000000.0,35945000000.0,36025000000.0,36153000000.0,36281000000.0,36409000000.0,36537000000.0,36665000000.0,36793000000.0,36921000000.0,37049000000.0,37177000000.0,37305000000.0,37433000000.0,37561000000.0,37689000000.0,37817000000.0,37945000000.0,30025000000.0,30153000000.0,30281000000.0,30409000000.0,30537000000.0,30665000000.0,30793000000.0,30921000000.0,31049000000.0,31177000000.0,31305000000.0,31433000000.0,31561000000.0,31689000000.0,31817000000.0,31945000000.0,32025000000.0,32153000000.0,32281000000.0,32409000000.0,32537000000.0,32665000000.0,32793000000.0,32921000000.0,33049000000.0,33177000000.0,33305000000.0,33433000000.0,33561000000.0,33689000000.0,33817000000.0,33945000000.0",C,3.788E10,2.996E10,EVLA,"64,64,64,64,64,64,64,64,64,64,64,64,64,64,64,64,64,64,64,64,64,64,64,64,64,64,64,64,64,64,64,64,64,64,64,64,64,64,64,64,64,64,64,64,64,64,64,64,64,64,64,64,64,64,64,64,64,64,64,64,64,64,64,64",14B-326.sb29865909.eb30078714.57008.333156782406,"RR, RL, LR, LL",14B-326,PUBLIC,62.21283333555952,189.2362083329553,"2000000.0,2000000.0,2000000.0,2000000.0,2000000.0,2000000.0,2000000.0,2000000.0,2000000.0,2000000.0,2000000.0,2000000.0,2000000.0,2000000.0,2000000.0,2000000.0,2000000.0,2000000.0,2000000.0,2000000.0,2000000.0,2000000.0,2000000.0,2000000.0,2000000.0,2000000.0,2000000.0,2000000.0,2000000.0,2000000.0,2000000.0,2000000.0,2000000.0,2000000.0,2000000.0,2000000.0,2000000.0,2000000.0,2000000.0,2000000.0,2000000.0,2000000.0,2000000.0,2000000.0,2000000.0,2000000.0,2000000.0,2000000.0,2000000.0,2000000.0,2000000.0,2000000.0,2000000.0,2000000.0,2000000.0,2000000.0,2000000.0,2000000.0,2000000.0,2000000.0,2000000.0,2000000.0,2000000.0,2000000.0","EVLA_KA#A1C1#2,EVLA_KA#A1C1#3,EVLA_KA#A1C1#4,EVLA_KA#A1C1#5,EVLA_KA#A1C1#6,EVLA_KA#A1C1#7,EVLA_KA#A1C1#8,EVLA_KA#A1C1#9,EVLA_KA#A1C1#10,EVLA_KA#A1C1#11,EVLA_KA#A1C1#12,EVLA_KA#A1C1#13,EVLA_KA#A1C1#14,EVLA_KA#A1C1#15,EVLA_KA#A1C1#16,EVLA_KA#A1C1#17,EVLA_KA#A2C2#18,EVLA_KA#A2C2#19,EVLA_KA#A2C2#20,EVLA_KA#A2C2#21,EVLA_KA#A2C2#22,EVLA_KA#A2C2#23,EVLA_KA#A2C2#24,EVLA_KA#A2C2#25,EVLA_KA#A2C2#26,EVLA_KA#A2C2#27,EVLA_KA#A2C2#28,EVLA_KA#A2C2#29,EVLA_KA#A2C2#30,EVLA_KA#A2C2#31,EVLA_KA#A2C2#32,EVLA_KA#A2C2#33,EVLA_KA#B1D1#34,EVLA_KA#B1D1#35,EVLA_KA#B1D1#36,EVLA_KA#B1D1#37,EVLA_KA#B1D1#38,EVLA_KA#B1D1#39,EVLA_KA#B1D1#40,EVLA_KA#B1D1#41,EVLA_KA#B1D1#42,EVLA_KA#B1D1#43,EVLA_KA#B1D1#44,EVLA_KA#B1D1#45,EVLA_KA#B1D1#46,EVLA_KA#B1D1#47,EVLA_KA#B1D1#48,EVLA_KA#B1D1#49,EVLA_KA#B2D2#50,EVLA_KA#B2D2#51,EVLA_KA#B2D2#52,EVLA_KA#B2D2#53,EVLA_KA#B2D2#54,EVLA_KA#B2D2#55,EVLA_KA#B2D2#56,EVLA_KA#B2D2#57,EVLA_KA#B2D2#58,EVLA_KA#B2D2#59,EVLA_KA#B2D2#60,EVLA_KA#B2D2#61,EVLA_KA#B2D2#62,EVLA_KA#B2D2#63,EVLA_KA#B2D2#64,EVLA_KA#B2D2#65",299.2,GN-DF3
https://data.nrao.edu/portal/#/productViewer/14B-326.sb29865909.eb30078714.57008.333156782406,"128000000.0,128000000.0,128000000.0,128000000.0,128000000.0,128000000.0,128000000.0,128000000.0,128000000.0,128000000.0,128000000.0,128000000.0,128000000.0,128000000.0,128000000.0,128000000.0,128000000.0,128000000.0,128000000.0,128000000.0,128000000.0,128000000.0,128000000.0,128000000.0,128000000.0,128000000.0,128000000.0,128000000.0,128000000.0,128000000.0,128000000.0,128000000.0,128000000.0,128000000.0,128000000.0,128000000.0,128000000.0,128000000.0,128000000.0,128000000.0,128000000.0,128000000.0,128000000.0,128000000.0,128000000.0,128000000.0,128000000.0,128000000.0,128000000.0,128000000.0,128000000.0,128000000.0,128000000.0,128000000.0,128000000.0,128000000.0,128000000.0,128000000.0,128000000.0,128000000.0,128000000.0,128000000.0,128000000.0,128000000.0","34025000000.0,34153000000.0,34281000000.0,34409000000.0,34537000000.0,34665000000.0,34793000000.0,34921000000.0,35049000000.0,35177000000.0,35305000000.0,35433000000.0,35561000000.0,35689000000.0,35817000000.0,35945000000.0,36025000000.0,36153000000.0,36281000000.0,36409000000.0,36537000000.0,36665000000.0,36793000000.0,36921000000.0,37049000000.0,37177000000.0,37305000000.0,37433000000.0,37561000000.0,37689000000.0,37817000000.0,37945000000.0,30025000000.0,30153000000.0,30281000000.0,30409000000.0,30537000000.0,30665000000.0,30793000000.0,30921000000.0,31049000000.0,31177000000.0,31305000000.0,31433000000.0,31561000000.0,31689000000.0,31817000000.0,31945000000.0,32025000000.0,32153000000.0,32281000000.0,32409000000.0,32537000000.0,32665000000.0,32793000000.0,32921000000.0,33049000000.0,33177000000.0,33305000000.0,33433000000.0,33561000000.0,33689000000.0,33817000000.0,33945000000.0",C,3.788E10,2.996E10,EVLA,"64,64,64,64,64,64,64,64,64,64,64,64,64,64,64,64,64,64,64,64,64,64,64,64,64,64,64,64,64,64,64,64,64,64,64,64,64,64,64,64,64,64,64,64,64,64,64,64,64,64,64,64,64,64,64,64,64,64,64,64,64,64,64,64",14B-326.sb29865909.eb30078714.57008.333156782406,"RR, RL, LR, LL",14B-326,PUBLIC,30.50915523770354,202.78453326533136,"2000000.0,2000000.0,2000000.0,2000000.0,2000000.0,2000000.0,2000000.0,2000000.0,2000000.0,2000000.0,2000000.0,2000000.0,2000000.0,2000000.0,2000000.0,2000000.0,2000000.0,2000000.0,2000000.0,2000000.0,2000000.0,2000000.0,2000000.0,2000000.0,2000000.0,2000000.0,2000000.0,2000000.0,2000000.0,2000000.0,2000000.0,2000000.0,2000000.0,2000000.0,2000000.0,2000000.0,2000000.0,2000000.0,2000000.0,2000000.0,2000000.0,2000000.0,2000000.0,2000000.0,2000000.0,2000000.0,2000000.0,2000000.0,2000000.0,2000000.0,2000000.0,2000000.0,2000000.0,2000000.0,2000000.0,2000000.0,2000000.0,2000000.0,2000000.0,2000000.0,2000000.0,2000000.0,2000000.0,2000000.0","EVLA_KA#A1C1#2,EVLA_KA#A1C1#3,EVLA_KA#A1C1#4,EVLA_KA#A1C1#5,EVLA_KA#A1C1#6,EVLA_KA#A1C1#7,EVLA_KA#A1C1#8,EVLA_KA#A1C1#9,EVLA_KA#A1C1#10,EVLA_KA#A1C1#11,EVLA_KA#A1C1#12,EVLA_KA#A1C1#13,EVLA_KA#A1C1#14,EVLA_KA#A1C1#15,EVLA_KA#A1C1#16,EVLA_KA#A1C1#17,EVLA_KA#A2C2#18,EVLA_KA#A2C2#19,EVLA_KA#A2C2#20,EVLA_KA#A2C2#21,EVLA_KA#A2C2#22,EVLA_KA#A2C2#23,EVLA_KA#A2C2#24,EVLA_KA#A2C2#25,EVLA_KA#A2C2#26,EVLA_KA#A2C2#27,EVLA_KA#A2C2#28,EVLA_KA#A2C2#29,EVLA_KA#A2C2#30,EVLA_KA#A2C2#31,EVLA_KA#A2C2#32,EVLA_KA#A2C2#33,EVLA_KA#B1D1#34,EVLA_KA#B1D1#35,EVLA_KA#B1D1#36,EVLA_KA#B1D1#37,EVLA_KA#B1D1#38,EVLA_KA#B1D1#39,EVLA_KA#B1D1#40,EVLA_KA#B1D1#41,EVLA_KA#B1D1#42,EVLA_KA#B1D1#43,EVLA_KA#B1D1#44,EVLA_KA#B1D1#45,EVLA_KA#B1D1#46,EVLA_KA#B1D1#47,EVLA_KA#B1D1#48,EVLA_KA#B1D1#49,EVLA_KA#B2D2#50,EVLA_KA#B2D2#51,EVLA_KA#B2D2#52,EVLA_KA#B2D2#53,EVLA_KA#B2D2#54,EVLA_KA#B2D2#55,EVLA_KA#B2D2#56,EVLA_KA#B2D2#57,EVLA_KA#B2D2#58,EVLA_KA#B2D2#59,EVLA_KA#B2D2#60,EVLA_KA#B2D2#61,EVLA_KA#B2D2#62,EVLA_KA#B2D2#63,EVLA_KA#B2D2#64,EVLA_KA#B2D2#65",29.9,1331+305=3C286
https://data.nrao.edu/portal/#/productViewer/14B-326.sb29870947.eb29959527.56962.52775466435,,,C,3.7896E10,2.9976E10,EVLA,,14B-326.sb29870947.eb29959527.56962.52775466435,"RR, RL, LR, LL",14B-326,PUBLIC,57.81044706304379,195.7186053403234,,,299.2,J1302+5748
https://data.nrao.edu/portal/#/productViewer/14B-326.sb29870947.eb29959527.56962.52775466435,,,C,3.7896E10,2.9976E10,EVLA,,14B-326.sb29870947.eb29959527.56962.52775466435,"RR, RL, LR, LL",14B-326,PUBLIC,62.204844441782576,189.22337500080644,,,299.2,GN-DF5
https://data.nrao.edu/portal/#/productViewer/14B-326.sb29870947.eb29959527.56962.52775466435,,,C,3.7896E10,2.9976E10,EVLA,,14B-326.sb29870947.eb29959527.56962.52775466435,"RR, RL, LR, LL",14B-326,PUBLIC,49.51911948490095,178.35194427315503,,,242.35,J1153+4931
https://data.nrao.edu/portal/#/productViewer/14B-326.sb29871127.eb30085706.57015.63420707176,,,C,3.7896E10,2.9976E10,EVLA,,14B-326.sb29871127.eb30085706.57015.63420707176,"RR, RL, LR, LL",14B-326,PUBLIC,57.81044706304379,195.7186053403234,,,299.2,J1302+5748
https://data.nrao.edu/portal/#/productViewer/14B-326.sb29871127.eb30085706.57015.63420707176,,,C,3.7896E10,2.9976E10,EVLA,,14B-326.sb29871127.eb30085706.57015.63420707176,"RR, RL, LR, LL",14B-326,PUBLIC,62.204844441782576,189.22337500080644,,,299.2,GN-DF5
https://data.nrao.edu/portal/#/productViewer/14B-326.sb29871127.eb30085706.57015.63420707176,,,C,3.7896E10,2.9976E10,EVLA,,14B-326.sb29871127.eb30085706.57015.63420707176,"RR, RL, LR, LL",14B-326,PUBLIC,49.51911948490095,178.35194427315503,,,224.35,J1153+4931
https://data.nrao.edu/portal/#/productViewer/14B-326.sb29877066.eb30062853.56998.63903236111,,,C,3.788E10,2.996E10,EVLA,,14B-326.sb29877066.eb30062853.56998.63903236111,"RR, RL, LR, LL",14B-326,PUBLIC,57.81044706304379,195.7186053403234,,,299.2,J1302+5748
https://data.nrao.edu/portal/#/productViewer/14B-326.sb29877066.eb30062853.56998.63903236111,,,C,3.788E10,2.996E10,EVLA,,14B-326.sb29877066.eb30062853.56998.63903236111,"RR, RL, LR, LL",14B-326,PUBLIC,62.235580556437554,189.2687291653055,,,299.2,GN-DF7
https://data.nrao.edu/portal/#/productViewer/14B-326.sb29877066.eb30062853.56998.63903236111,,,C,3.788E10,2.996E10,EVLA,,14B-326.sb29877066.eb30062853.56998.63903236111,"RR, RL, LR, LL",14B-326,PUBLIC,49.51911948490095,178.35194427315503,,,242.35,J1153+4931
https://data.nrao.edu/portal/#/productViewer/14B-301.sb29718291.eb29831509.56944.41532626157,"128000000.0,128000000.0,128000000.0,128000000.0,128000000.0,128000000.0,128000000.0,128000000.0,128000000.0,128000000.0,128000000.0,128000000.0,128000000.0,128000000.0,128000000.0,128000000.0","36935000000.0,37063000000.0,37191000000.0,37319000000.0,37447000000.0,37575000000.0,37703000000.0,37831000000.0,26935000000.0,27063000000.0,27191000000.0,27319000000.0,27447000000.0,27575000000.0,27703000000.0,27831000000.0",C,3.7766E10,2.687E10,EVLA,"64,64,64,64,64,64,64,64,64,64,64,64,64,64,64,64",14B-301.sb29718291.eb29831509.56944.41532626157,"RR, RL, LR, LL",14B-301,PUBLIC,24.00669727051371,117.1504553231795,"2000000.0,2000000.0,2000000.0,2000000.0,2000000.0,2000000.0,2000000.0,2000000.0,2000000.0,2000000.0,2000000.0,2000000.0,2000000.0,2000000.0,2000000.0,2000000.0","EVLA_KA#A0C0#0,EVLA_KA#A0C0#1,EVLA_KA#A0C0#2,EVLA_KA#A0C0#3,EVLA_KA#A0C0#4,EVLA_KA#A0C0#5,EVLA_KA#A0C0#6,EVLA_KA#A0C0#7,EVLA_KA#B0D0#8,EVLA_KA#B0D0#9,EVLA_KA#B0D0#10,EVLA_KA#B0D0#11,EVLA_KA#B0D0#12,EVLA_KA#B0D0#13,EVLA_KA#B0D0#14,EVLA_KA#B0D0#15",55.45,J0748+2400
https://data.nrao.edu/portal/#/productViewer/14B-301.sb29718291.eb29831509.56944.41532626157,"128000000.0,128000000.0,128000000.0,128000000.0,128000000.0,128000000.0,128000000.0,128000000.0,128000000.0,128000000.0,128000000.0,128000000.0,128000000.0,128000000.0,128000000.0,128000000.0","36935000000.0,37063000000.0,37191000000.0,37319000000.0,37447000000.0,37575000000.0,37703000000.0,37831000000.0,26935000000.0,27063000000.0,27191000000.0,27319000000.0,27447000000.0,27575000000.0,27703000000.0,27831000000.0",C,3.7766E10,2.687E10,EVLA,"64,64,64,64,64,64,64,64,64,64,64,64,64,64,64,64",14B-301.sb29718291.eb29831509.56944.41532626157,"RR, RL, LR, LL",14B-301,PUBLIC,27.2752777767313,117.92291666734106,"2000000.0,2000000.0,2000000.0,2000000.0,2000000.0,2000000.0,2000000.0,2000000.0,2000000.0,2000000.0,2000000.0,2000000.0,2000000.0,2000000.0,2000000.0,2000000.0","EVLA_KA#A0C0#0,EVLA_KA#A0C0#1,EVLA_KA#A0C0#2,EVLA_KA#A0C0#3,EVLA_KA#A0C0#4,EVLA_KA#A0C0#5,EVLA_KA#A0C0#6,EVLA_KA#A0C0#7,EVLA_KA#B0D0#8,EVLA_KA#B0D0#9,EVLA_KA#B0D0#10,EVLA_KA#B0D0#11,EVLA_KA#B0D0#12,EVLA_KA#B0D0#13,EVLA_KA#B0D0#14,EVLA_KA#B0D0#15",179.5,J0751+2716
https://data.nrao.edu/portal/#/productViewer/15A-235.sb32083354.eb32089908.57523.25661873842,"128000000.0,128000000.0,128000000.0,128000000.0,128000000.0,128000000.0,128000000.0,128000000.0,128000000.0,128000000.0,128000000.0,128000000.0,128000000.0,128000000.0,128000000.0,128000000.0","36553000000.0,36681000000.0,36809000000.0,36937000000.0,37065000000.0,37193000000.0,37321000000.0,37449000000.0,29553000000.0,29681000000.0,29809000000.0,29937000000.0,30065000000.0,30193000000.0,30321000000.0,30449000000.0",CnB,3.7384E10,2.9488E10,EVLA,"64,64,64,64,64,64,64,64,64,64,64,64,64,64,64,64",15A-235.sb32083354.eb32089908.57523.25661873842,"RR, RL, LR, LL",15A-235,PUBLIC,30.50915523770354,202.78453326533136,"2000000.0,2000000.0,2000000.0,2000000.0,2000000.0,2000000.0,2000000.0,2000000.0,2000000.0,2000000.0,2000000.0,2000000.0,2000000.0,2000000.0,2000000.0,2000000.0","EVLA_KA#A0C0#64,EVLA_KA#A0C0#65,EVLA_KA#A0C0#66,EVLA_KA#A0C0#67,EVLA_KA#A0C0#68,EVLA_KA#A0C0#69,EVLA_KA#A0C0#70,EVLA_KA#A0C0#71,EVLA_KA#B0D0#72,EVLA_KA#B0D0#73,EVLA_KA#B0D0#74,EVLA_KA#B0D0#75,EVLA_KA#B0D0#76,EVLA_KA#B0D0#77,EVLA_KA#B0D0#78,EVLA_KA#B0D0#79",59.85,1331+305=3C286
https://data.nrao.edu/portal/#/productViewer/15A-235.sb32083354.eb32089908.57523.25661873842,"128000000.0,128000000.0,128000000.0,128000000.0,128000000.0,128000000.0,128000000.0,128000000.0,128000000.0,128000000.0,128000000.0,128000000.0,128000000.0,128000000.0,128000000.0,128000000.0","36553000000.0,36681000000.0,36809000000.0,36937000000.0,37065000000.0,37193000000.0,37321000000.0,37449000000.0,29553000000.0,29681000000.0,29809000000.0,29937000000.0,30065000000.0,30193000000.0,30321000000.0,30449000000.0",CnB,3.7384E10,2.9488E10,EVLA,"64,64,64,64,64,64,64,64,64,64,64,64,64,64,64,64",15A-235.sb32083354.eb32089908.57523.25661873842,"RR, RL, LR, LL",15A-235,PUBLIC,77.87867989073366,301.37916049304204,"2000000.0,2000000.0,2000000.0,2000000.0,2000000.0,2000000.0,2000000.0,2000000.0,2000000.0,2000000.0,2000000.0,2000000.0,2000000.0,2000000.0,2000000.0,2000000.0","EVLA_KA#A0C0#64,EVLA_KA#A0C0#65,EVLA_KA#A0C0#66,EVLA_KA#A0C0#67,EVLA_KA#A0C0#68,EVLA_KA#A0C0#69,EVLA_KA#A0C0#70,EVLA_KA#A0C0#71,EVLA_KA#B0D0#72,EVLA_KA#B0D0#73,EVLA_KA#B0D0#74,EVLA_KA#B0D0#75,EVLA_KA#B0D0#76,EVLA_KA#B0D0#77,EVLA_KA#B0D0#78,EVLA_KA#B0D0#79",89.75,J2005+7752
https://data.nrao.edu/portal/#/productViewer/15A-235.sb32083354.eb32089908.57523.25661873842,"128000000.0,128000000.0,128000000.0,128000000.0,128000000.0,128000000.0,128000000.0,128000000.0,128000000.0,128000000.0,128000000.0,128000000.0,128000000.0,128000000.0,128000000.0,128000000.0","36553000000.0,36681000000.0,36809000000.0,36937000000.0,37065000000.0,37193000000.0,37321000000.0,37449000000.0,29553000000.0,29681000000.0,29809000000.0,29937000000.0,30065000000.0,30193000000.0,30321000000.0,30449000000.0",CnB,3.7384E10,2.9488E10,EVLA,"64,64,64,64,64,64,64,64,64,64,64,64,64,64,64,64",15A-235.sb32083354.eb32089908.57523.25661873842,"RR, RL, LR, LL",15A-235,PUBLIC,76.10633333407945,311.74416666556147,"2000000.0,2000000.0,2000000.0,2000000.0,2000000.0,2000000.0,2000000.0,2000000.0,2000000.0,2000000.0,2000000.0,2000000.0,2000000.0,2000000.0,2000000.0,2000000.0","EVLA_KA#A0C0#64,EVLA_KA#A0C0#65,EVLA_KA#A0C0#66,EVLA_KA#A0C0#67,EVLA_KA#A0C0#68,EVLA_KA#A0C0#69,EVLA_KA#A0C0#70,EVLA_KA#A0C0#71,EVLA_KA#B0D0#72,EVLA_KA#B0D0#73,EVLA_KA#B0D0#74,EVLA_KA#B0D0#75,EVLA_KA#B0D0#76,EVLA_KA#B0D0#77,EVLA_KA#B0D0#78,EVLA_KA#B0D0#79",59.8,GRB160509A
https://data.nrao.edu/portal/#/productViewer/15A-235.sb31410671.eb31411796.57339.694261192126,,,D,3.7384E10,2.9488E10,EVLA,,15A-235.sb31410671.eb31411796.57339.694261192126,"RR, RL, LR, LL",15A-235,PUBLIC,56.82304678425353,272.5138298899865,,,59.85,J1810+5649
https://data.nrao.edu/portal/#/productViewer/15A-235.sb31410671.eb31411796.57339.694261192126,,,D,3.7384E10,2.9488E10,EVLA,,15A-235.sb31410671.eb31411796.57339.694261192126,"RR, RL, LR, LL",15A-235,PUBLIC,61.356947222212675,272.4862499992896,,,59.8,GRB151027A
https://data.nrao.edu/portal/#/productViewer/15A-235.sb31410671.eb31411796.57339.694261192126,,,D,3.7384E10,2.9488E10,EVLA,,15A-235.sb31410671.eb31411796.57339.694261192126,"RR, RL, LR, LL",15A-235,PUBLIC,30.50915523770354,202.78453326533136,,,59.85,1331+305=3C286
https://data.nrao.edu/portal/#/productViewer/15A-235.sb31663613.eb31665738.57407.26997486111,,,DnC,3.7384E10,2.9488E10,EVLA,,15A-235.sb31663613.eb31665738.57407.26997486111,"RR, RL, LR, LL",15A-235,PUBLIC,-14.258576495846672,135.57012877634892,,,89.75,J0902-1415
https://data.nrao.edu/portal/#/productViewer/15A-235.sb31663613.eb31665738.57407.26997486111,,,DnC,3.7384E10,2.9488E10,EVLA,,15A-235.sb31663613.eb31665738.57407.26997486111,"RR, RL, LR, LL",15A-235,PUBLIC,-16.366694443102595,132.19483333380217,,,64.8,GRB160117B
https://data.nrao.edu/portal/#/productViewer/15B-273.sb31973786.eb32201969.57535.40765246528,,,B,3.7384E10,2.9488E10,EVLA,,15B-273.sb31973786.eb32201969.57535.40765246528,"RR, RL, LR, LL",15B-273,PUBLIC,30.50915523770354,202.78453326533136,,,56.65,1331+305=3C286
https://data.nrao.edu/portal/#/productViewer/15B-273.sb31973786.eb32201969.57535.40765246528,,,B,3.7384E10,2.9488E10,EVLA,,15B-273.sb31973786.eb32201969.57535.40765246528,"RR, RL, LR, LL",15B-273,PUBLIC,57.33999421922549,249.55606788936984,,,54.85,J1638+5720
https://data.nrao.edu/portal/#/productViewer/15B-273.sb31973786.eb32201969.57535.40765246528,,,B,3.7384E10,2.9488E10,EVLA,,15B-273.sb31973786.eb32201969.57535.40765246528,"RR, RL, LR, LL",15B-273,PUBLIC,57.582527775295965,251.20787500066749,,,69.8,GRB110328
https://data.nrao.edu/portal/#/productViewer/15B-197.sb31207751.eb31413430.57341.31432148148,,,D,3.6896E10,2.8976E10,EVLA,,15B-197.sb31207751.eb31413430.57341.31432148148,"RR, LL",15B-197,PUBLIC,-8.255764397196279,40.26999383049838,,,59.8,J0241-0815
https://data.nrao.edu/portal/#/productViewer/15B-197.sb31207751.eb31413430.57341.31432148148,,,D,3.6896E10,2.8976E10,EVLA,,15B-197.sb31207751.eb31413430.57341.31432148148,"RR, LL",15B-197,PUBLIC,-10.027777778892611,43.64000000170023,,,314.1,NGC1140
https://data.nrao.edu/portal/#/productViewer/15B-197.sb31207751.eb31413430.57341.31432148148,,,D,3.6896E10,2.8976E10,EVLA,,15B-197.sb31207751.eb31413430.57341.31432148148,"RR, LL",15B-197,PUBLIC,33.15975916513661,24.42208096340236,,,29.9,0137+331=3C48
https://data.nrao.edu/portal/#/productViewer/15B-017.sb31099604.eb31511783.57375.231547800926,,,D,3.7283E10,3.41E10,EVLA,,15B-017.sb31099604.eb31511783.57375.231547800926,"RR, LL",15B-017,PUBLIC,35.93713889131779,35.27291666581201,,,56.6,TXS0218+357
https://data.nrao.edu/portal/#/productViewer/15B-017.sb31099604.eb31511783.57375.231547800926,,,D,3.7283E10,3.41E10,EVLA,,15B-017.sb31099604.eb31511783.57375.231547800926,"RR, LL",15B-017,PUBLIC,33.15975916513661,24.42208096340236,,,299.2,3C48
https://data.nrao.edu/portal/#/productViewer/15B-017.sb31099604.eb31511783.57375.231547800926,,,D,3.7283E10,3.41E10,EVLA,,15B-017.sb31099604.eb31511783.57375.231547800926,"RR, LL",15B-017,PUBLIC,41.51169529027947,49.95066709068327,,,299.15,J0319+4130
https://data.nrao.edu/portal/#/productViewer/15B-125.sb31528031.eb31550960.57388.12196207176,,,D,3.8654651E10,3.6688E10,EVLA,,15B-125.sb31528031.eb31550960.57388.12196207176,"RR, RL, LR, LL",15B-125,PUBLIC,-1.9872933866413354,75.3033745351029,,,58.5,J0501-0159
https://data.nrao.edu/portal/#/productViewer/15B-125.sb31528031.eb31550960.57388.12196207176,,,D,3.8654651E10,3.6688E10,EVLA,,15B-125.sb31528031.eb31550960.57388.12196207176,"RR, RL, LR, LL",15B-125,PUBLIC,0.10289999998268722,72.9878875028526,,,339.1,MACSJ0451-A
https://data.nrao.edu/portal/#/productViewer/15B-125.sb31528031.eb31550960.57388.12196207176,,,D,3.8654651E10,3.6688E10,EVLA,,15B-125.sb31528031.eb31550960.57388.12196207176,"RR, RL, LR, LL",15B-125,PUBLIC,49.85200932178193,85.65057465185124,,,140.6,0542+498=3C147
https://data.nrao.edu/portal/#/productViewer/15B-243.sb31337425.eb31361697.57317.44082805555,,,D,3.750327136686132E10,3.600313823150677E10,EVLA,,15B-243.sb31337425.eb31361697.57317.44082805555,"RR, LL",15B-243,PUBLIC,33.15975916513661,24.42208096340236,,,55.35,0137+331=3C48
https://data.nrao.edu/portal/#/productViewer/15B-243.sb31337425.eb31361697.57317.44082805555,,,D,3.750327136686132E10,3.600313823150677E10,EVLA,,15B-243.sb31337425.eb31361697.57317.44082805555,"RR, LL",15B-243,PUBLIC,76.94591694177159,62.690023750518954,,,79.75,J0410+7656
https://data.nrao.edu/portal/#/productViewer/15B-243.sb31337425.eb31361697.57317.44082805555,,,D,3.750327136686132E10,3.600313823150677E10,EVLA,,15B-243.sb31337425.eb31361697.57317.44082805555,"RR, LL",15B-243,PUBLIC,78.35694444686035,94.65708333325794,,,588.4,NGC2146
https://data.nrao.edu/portal/#/productViewer/15B-281.sb31404333.eb31488909.57359.03550958334,,,D,3.96853E10,3.2358699999999996E10,EVLA,,15B-281.sb31404333.eb31488909.57359.03550958334,"RR, LL",15B-281,PUBLIC,33.15975916513661,24.42208096340236,,,59.85,0137+331=3C48
https://data.nrao.edu/portal/#/productViewer/15B-281.sb31404333.eb31488909.57359.03550958334,,,D,3.96853E10,3.2358699999999996E10,EVLA,,15B-281.sb31404333.eb31488909.57359.03550958334,"RR, LL",15B-281,PUBLIC,-31.5621722245557,359.8978916684316,,,49.9,J2359-3133
https://data.nrao.edu/portal/#/productViewer/15B-281.sb31404333.eb31488909.57359.03550958334,,,D,3.96853E10,3.2358699999999996E10,EVLA,,15B-281.sb31404333.eb31488909.57359.03550958334,"RR, LL",15B-281,PUBLIC,-33.726333333804256,10.599333334304365,,,223.35,SGP-UR-54092
https://data.nrao.edu/portal/#/productViewer/16B-353.sb32807099.eb32946441.57672.346565949076,,,A,3.6896E10,2.8976E10,EVLA,,16B-353.sb32807099.eb32946441.57672.346565949076,"RR, RL, LR, LL",16B-353,PUBLIC,16.639458673379497,80.2911917564396,,,59.85,3C138
https://data.nrao.edu/portal/#/productViewer/16B-353.sb32807099.eb32946441.57672.346565949076,,,A,3.6896E10,2.8976E10,EVLA,,16B-353.sb32807099.eb32946441.57672.346565949076,"RR, RL, LR, LL",16B-353,PUBLIC,5.354338729681912,68.29623139805558,,,29.95,J0433+0521
https://data.nrao.edu/portal/#/productViewer/16B-353.sb32807099.eb32946441.57672.346565949076,,,A,3.6896E10,2.8976E10,EVLA,,16B-353.sb32807099.eb32946441.57672.346565949076,"RR, RL, LR, LL",16B-353,PUBLIC,7.205333335031308,61.17054166599556,,,59.85,J0404+0712
https://data.nrao.edu/portal/#/productViewer/16B-080.sb32559296.eb32938685.57668.456336145835,"128000000.0,128000000.0,128000000.0,128000000.0,128000000.0,128000000.0,128000000.0,128000000.0,128000000.0,128000000.0,128000000.0,128000000.0,128000000.0,128000000.0,128000000.0,128000000.0,128000000.0,128000000.0,128000000.0,128000000.0,128000000.0,128000000.0,128000000.0,128000000.0,128000000.0,128000000.0,128000000.0,128000000.0,128000000.0,128000000.0,128000000.0,128000000.0,128000000.0,128000000.0,128000000.0,128000000.0,128000000.0,128000000.0,128000000.0,128000000.0,128000000.0,128000000.0,128000000.0,128000000.0,128000000.0,128000000.0,128000000.0,128000000.0,128000000.0,128000000.0,128000000.0,128000000.0,128000000.0,128000000.0,128000000.0,128000000.0,128000000.0,128000000.0,128000000.0,128000000.0,128000000.0,128000000.0,128000000.0,128000000.0","33041000000.0,33169000000.0,33297000000.0,33425000000.0,33553000000.0,33681000000.0,33809000000.0,33937000000.0,34065000000.0,34193000000.0,34321000000.0,34449000000.0,34577000000.0,34705000000.0,34833000000.0,34961000000.0,35041000000.0,35169000000.0,35297000000.0,35425000000.0,35553000000.0,35681000000.0,35809000000.0,35937000000.0,36065000000.0,36193000000.0,36321000000.0,36449000000.0,36577000000.0,36705000000.0,36833000000.0,36961000000.0,29041000000.0,29169000000.0,29297000000.0,29425000000.0,29553000000.0,29681000000.0,29809000000.0,29937000000.0,30065000000.0,30193000000.0,30321000000.0,30449000000.0,30577000000.0,30705000000.0,30833000000.0,30961000000.0,31041000000.0,31169000000.0,31297000000.0,31425000000.0,31553000000.0,31681000000.0,31809000000.0,31937000000.0,32065000000.0,32193000000.0,32321000000.0,32449000000.0,32577000000.0,32705000000.0,32833000000.0,32961000000.0",A,3.6896E10,2.8976E10,EVLA,"64,64,64,64,64,64,64,64,64,64,64,64,64,64,64,64,64,64,64,64,64,64,64,64,64,64,64,64,64,64,64,64,64,64,64,64,64,64,64,64,64,64,64,64,64,64,64,64,64,64,64,64,64,64,64,64,64,64,64,64,64,64,64,64",16B-080.sb32559296.eb32938685.57668.456336145835,"RR, RL, LR, LL",16B-080,PUBLIC,49.85200932178193,85.65057465185124,"2000000.0,2000000.0,2000000.0,2000000.0,2000000.0,2000000.0,2000000.0,2000000.0,2000000.0,2000000.0,2000000.0,2000000.0,2000000.0,2000000.0,2000000.0,2000000.0,2000000.0,2000000.0,2000000.0,2000000.0,2000000.0,2000000.0,2000000.0,2000000.0,2000000.0,2000000.0,2000000.0,2000000.0,2000000.0,2000000.0,2000000.0,2000000.0,2000000.0,2000000.0,2000000.0,2000000.0,2000000.0,2000000.0,2000000.0,2000000.0,2000000.0,2000000.0,2000000.0,2000000.0,2000000.0,2000000.0,2000000.0,2000000.0,2000000.0,2000000.0,2000000.0,2000000.0,2000000.0,2000000.0,2000000.0,2000000.0,2000000.0,2000000.0,2000000.0,2000000.0,2000000.0,2000000.0,2000000.0,2000000.0","EVLA_KA#A1C1#2,EVLA_KA#A1C1#3,EVLA_KA#A1C1#4,EVLA_KA#A1C1#5,EVLA_KA#A1C1#6,EVLA_KA#A1C1#7,EVLA_KA#A1C1#8,EVLA_KA#A1C1#9,EVLA_KA#A1C1#10,EVLA_KA#A1C1#11,EVLA_KA#A1C1#12,EVLA_KA#A1C1#13,EVLA_KA#A1C1#14,EVLA_KA#A1C1#15,EVLA_KA#A1C1#16,EVLA_KA#A1C1#17,EVLA_KA#A2C2#18,EVLA_KA#A2C2#19,EVLA_KA#A2C2#20,EVLA_KA#A2C2#21,EVLA_KA#A2C2#22,EVLA_KA#A2C2#23,EVLA_KA#A2C2#24,EVLA_KA#A2C2#25,EVLA_KA#A2C2#26,EVLA_KA#A2C2#27,EVLA_KA#A2C2#28,EVLA_KA#A2C2#29,EVLA_KA#A2C2#30,EVLA_KA#A2C2#31,EVLA_KA#A2C2#32,EVLA_KA#A2C2#33,EVLA_KA#B1D1#34,EVLA_KA#B1D1#35,EVLA_KA#B1D1#36,EVLA_KA#B1D1#37,EVLA_KA#B1D1#38,EVLA_KA#B1D1#39,EVLA_KA#B1D1#40,EVLA_KA#B1D1#41,EVLA_KA#B1D1#42,EVLA_KA#B1D1#43,EVLA_KA#B1D1#44,EVLA_KA#B1D1#45,EVLA_KA#B1D1#46,EVLA_KA#B1D1#47,EVLA_KA#B1D1#48,EVLA_KA#B1D1#49,EVLA_KA#B2D2#50,EVLA_KA#B2D2#51,EVLA_KA#B2D2#52,EVLA_KA#B2D2#53,EVLA_KA#B2D2#54,EVLA_KA#B2D2#55,EVLA_KA#B2D2#56,EVLA_KA#B2D2#57,EVLA_KA#B2D2#58,EVLA_KA#B2D2#59,EVLA_KA#B2D2#60,EVLA_KA#B2D2#61,EVLA_KA#B2D2#62,EVLA_KA#B2D2#63,EVLA_KA#B2D2#64,EVLA_KA#B2D2#65",59.85,0542+498=3C147
https://data.nrao.edu/portal/#/productViewer/16B-080.sb32559296.eb32938685.57668.456336145835,"128000000.0,128000000.0,128000000.0,128000000.0,128000000.0,128000000.0,128000000.0,128000000.0,128000000.0,128000000.0,128000000.0,128000000.0,128000000.0,128000000.0,128000000.0,128000000.0,128000000.0,128000000.0,128000000.0,128000000.0,128000000.0,128000000.0,128000000.0,128000000.0,128000000.0,128000000.0,128000000.0,128000000.0,128000000.0,128000000.0,128000000.0,128000000.0,128000000.0,128000000.0,128000000.0,128000000.0,128000000.0,128000000.0,128000000.0,128000000.0,128000000.0,128000000.0,128000000.0,128000000.0,128000000.0,128000000.0,128000000.0,128000000.0,128000000.0,128000000.0,128000000.0,128000000.0,128000000.0,128000000.0,128000000.0,128000000.0,128000000.0,128000000.0,128000000.0,128000000.0,128000000.0,128000000.0,128000000.0,128000000.0","33041000000.0,33169000000.0,33297000000.0,33425000000.0,33553000000.0,33681000000.0,33809000000.0,33937000000.0,34065000000.0,34193000000.0,34321000000.0,34449000000.0,34577000000.0,34705000000.0,34833000000.0,34961000000.0,35041000000.0,35169000000.0,35297000000.0,35425000000.0,35553000000.0,35681000000.0,35809000000.0,35937000000.0,36065000000.0,36193000000.0,36321000000.0,36449000000.0,36577000000.0,36705000000.0,36833000000.0,36961000000.0,29041000000.0,29169000000.0,29297000000.0,29425000000.0,29553000000.0,29681000000.0,29809000000.0,29937000000.0,30065000000.0,30193000000.0,30321000000.0,30449000000.0,30577000000.0,30705000000.0,30833000000.0,30961000000.0,31041000000.0,31169000000.0,31297000000.0,31425000000.0,31553000000.0,31681000000.0,31809000000.0,31937000000.0,32065000000.0,32193000000.0,32321000000.0,32449000000.0,32577000000.0,32705000000.0,32833000000.0,32961000000.0",A,3.6896E10,2.8976E10,EVLA,"64,64,64,64,64,64,64,64,64,64,64,64,64,64,64,64,64,64,64,64,64,64,64,64,64,64,64,64,64,64,64,64,64,64,64,64,64,64,64,64,64,64,64,64,64,64,64,64,64,64,64,64,64,64,64,64,64,64,64,64,64,64,64,64",16B-080.sb32559296.eb32938685.57668.456336145835,"RR, RL, LR, LL",16B-080,PUBLIC,-11.686833465200106,112.57963530117834,"2000000.0,2000000.0,2000000.0,2000000.0,2000000.0,2000000.0,2000000.0,2000000.0,2000000.0,2000000.0,2000000.0,2000000.0,2000000.0,2000000.0,2000000.0,2000000.0,2000000.0,2000000.0,2000000.0,2000000.0,2000000.0,2000000.0,2000000.0,2000000.0,2000000.0,2000000.0,2000000.0,2000000.0,2000000.0,2000000.0,2000000.0,2000000.0,2000000.0,2000000.0,2000000.0,2000000.0,2000000.0,2000000.0,2000000.0,2000000.0,2000000.0,2000000.0,2000000.0,2000000.0,2000000.0,2000000.0,2000000.0,2000000.0,2000000.0,2000000.0,2000000.0,2000000.0,2000000.0,2000000.0,2000000.0,2000000.0,2000000.0,2000000.0,2000000.0,2000000.0,2000000.0,2000000.0,2000000.0,2000000.0","EVLA_KA#A1C1#2,EVLA_KA#A1C1#3,EVLA_KA#A1C1#4,EVLA_KA#A1C1#5,EVLA_KA#A1C1#6,EVLA_KA#A1C1#7,EVLA_KA#A1C1#8,EVLA_KA#A1C1#9,EVLA_KA#A1C1#10,EVLA_KA#A1C1#11,EVLA_KA#A1C1#12,EVLA_KA#A1C1#13,EVLA_KA#A1C1#14,EVLA_KA#A1C1#15,EVLA_KA#A1C1#16,EVLA_KA#A1C1#17,EVLA_KA#A2C2#18,EVLA_KA#A2C2#19,EVLA_KA#A2C2#20,EVLA_KA#A2C2#21,EVLA_KA#A2C2#22,EVLA_KA#A2C2#23,EVLA_KA#A2C2#24,EVLA_KA#A2C2#25,EVLA_KA#A2C2#26,EVLA_KA#A2C2#27,EVLA_KA#A2C2#28,EVLA_KA#A2C2#29,EVLA_KA#A2C2#30,EVLA_KA#A2C2#31,EVLA_KA#A2C2#32,EVLA_KA#A2C2#33,EVLA_KA#B1D1#34,EVLA_KA#B1D1#35,EVLA_KA#B1D1#36,EVLA_KA#B1D1#37,EVLA_KA#B1D1#38,EVLA_KA#B1D1#39,EVLA_KA#B1D1#40,EVLA_KA#B1D1#41,EVLA_KA#B1D1#42,EVLA_KA#B1D1#43,EVLA_KA#B1D1#44,EVLA_KA#B1D1#45,EVLA_KA#B1D1#46,EVLA_KA#B1D1#47,EVLA_KA#B1D1#48,EVLA_KA#B1D1#49,EVLA_KA#B2D2#50,EVLA_KA#B2D2#51,EVLA_KA#B2D2#52,EVLA_KA#B2D2#53,EVLA_KA#B2D2#54,EVLA_KA#B2D2#55,EVLA_KA#B2D2#56,EVLA_KA#B2D2#57,EVLA_KA#B2D2#58,EVLA_KA#B2D2#59,EVLA_KA#B2D2#60,EVLA_KA#B2D2#61,EVLA_KA#B2D2#62,EVLA_KA#B2D2#63,EVLA_KA#B2D2#64,EVLA_KA#B2D2#65",29.95,J0730-1141
https://data.nrao.edu/portal/#/productViewer/16B-080.sb32559296.eb32938685.57668.456336145835,"128000000.0,128000000.0,128000000.0,128000000.0,128000000.0,128000000.0,128000000.0,128000000.0,128000000.0,128000000.0,128000000.0,128000000.0,128000000.0,128000000.0,128000000.0,128000000.0,128000000.0,128000000.0,128000000.0,128000000.0,128000000.0,128000000.0,128000000.0,128000000.0,128000000.0,128000000.0,128000000.0,128000000.0,128000000.0,128000000.0,128000000.0,128000000.0,128000000.0,128000000.0,128000000.0,128000000.0,128000000.0,128000000.0,128000000.0,128000000.0,128000000.0,128000000.0,128000000.0,128000000.0,128000000.0,128000000.0,128000000.0,128000000.0,128000000.0,128000000.0,128000000.0,128000000.0,128000000.0,128000000.0,128000000.0,128000000.0,128000000.0,128000000.0,128000000.0,128000000.0,128000000.0,128000000.0,128000000.0,128000000.0","33041000000.0,33169000000.0,33297000000.0,33425000000.0,33553000000.0,33681000000.0,33809000000.0,33937000000.0,34065000000.0,34193000000.0,34321000000.0,34449000000.0,34577000000.0,34705000000.0,34833000000.0,34961000000.0,35041000000.0,35169000000.0,35297000000.0,35425000000.0,35553000000.0,35681000000.0,35809000000.0,35937000000.0,36065000000.0,36193000000.0,36321000000.0,36449000000.0,36577000000.0,36705000000.0,36833000000.0,36961000000.0,29041000000.0,29169000000.0,29297000000.0,29425000000.0,29553000000.0,29681000000.0,29809000000.0,29937000000.0,30065000000.0,30193000000.0,30321000000.0,30449000000.0,30577000000.0,30705000000.0,30833000000.0,30961000000.0,31041000000.0,31169000000.0,31297000000.0,31425000000.0,31553000000.0,31681000000.0,31809000000.0,31937000000.0,32065000000.0,32193000000.0,32321000000.0,32449000000.0,32577000000.0,32705000000.0,32833000000.0,32961000000.0",A,3.6896E10,2.8976E10,EVLA,"64,64,64,64,64,64,64,64,64,64,64,64,64,64,64,64,64,64,64,64,64,64,64,64,64,64,64,64,64,64,64,64,64,64,64,64,64,64,64,64,64,64,64,64,64,64,64,64,64,64,64,64,64,64,64,64,64,64,64,64,64,64,64,64",16B-080.sb32559296.eb32938685.57668.456336145835,"RR, RL, LR, LL",16B-080,PUBLIC,-11.551722224882244,105.9298499974953,"2000000.0,2000000.0,2000000.0,2000000.0,2000000.0,2000000.0,2000000.0,2000000.0,2000000.0,2000000.0,2000000.0,2000000.0,2000000.0,2000000.0,2000000.0,2000000.0,2000000.0,2000000.0,2000000.0,2000000.0,2000000.0,2000000.0,2000000.0,2000000.0,2000000.0,2000000.0,2000000.0,2000000.0,2000000.0,2000000.0,2000000.0,2000000.0,2000000.0,2000000.0,2000000.0,2000000.0,2000000.0,2000000.0,2000000.0,2000000.0,2000000.0,2000000.0,2000000.0,2000000.0,2000000.0,2000000.0,2000000.0,2000000.0,2000000.0,2000000.0,2000000.0,2000000.0,2000000.0,2000000.0,2000000.0,2000000.0,2000000.0,2000000.0,2000000.0,2000000.0,2000000.0,2000000.0,2000000.0,2000000.0","EVLA_KA#A1C1#2,EVLA_KA#A1C1#3,EVLA_KA#A1C1#4,EVLA_KA#A1C1#5,EVLA_KA#A1C1#6,EVLA_KA#A1C1#7,EVLA_KA#A1C1#8,EVLA_KA#A1C1#9,EVLA_KA#A1C1#10,EVLA_KA#A1C1#11,EVLA_KA#A1C1#12,EVLA_KA#A1C1#13,EVLA_KA#A1C1#14,EVLA_KA#A1C1#15,EVLA_KA#A1C1#16,EVLA_KA#A1C1#17,EVLA_KA#A2C2#18,EVLA_KA#A2C2#19,EVLA_KA#A2C2#20,EVLA_KA#A2C2#21,EVLA_KA#A2C2#22,EVLA_KA#A2C2#23,EVLA_KA#A2C2#24,EVLA_KA#A2C2#25,EVLA_KA#A2C2#26,EVLA_KA#A2C2#27,EVLA_KA#A2C2#28,EVLA_KA#A2C2#29,EVLA_KA#A2C2#30,EVLA_KA#A2C2#31,EVLA_KA#A2C2#32,EVLA_KA#A2C2#33,EVLA_KA#B1D1#34,EVLA_KA#B1D1#35,EVLA_KA#B1D1#36,EVLA_KA#B1D1#37,EVLA_KA#B1D1#38,EVLA_KA#B1D1#39,EVLA_KA#B1D1#40,EVLA_KA#B1D1#41,EVLA_KA#B1D1#42,EVLA_KA#B1D1#43,EVLA_KA#B1D1#44,EVLA_KA#B1D1#45,EVLA_KA#B1D1#46,EVLA_KA#B1D1#47,EVLA_KA#B1D1#48,EVLA_KA#B1D1#49,EVLA_KA#B2D2#50,EVLA_KA#B2D2#51,EVLA_KA#B2D2#52,EVLA_KA#B2D2#53,EVLA_KA#B2D2#54,EVLA_KA#B2D2#55,EVLA_KA#B2D2#56,EVLA_KA#B2D2#57,EVLA_KA#B2D2#58,EVLA_KA#B2D2#59,EVLA_KA#B2D2#60,EVLA_KA#B2D2#61,EVLA_KA#B2D2#62,EVLA_KA#B2D2#63,EVLA_KA#B2D2#64,EVLA_KA#B2D2#65",59.85,Z_CMa
https://data.nrao.edu/portal/#/productViewer/17A-335.sb33541528.eb33655330.57865.61016644676,,,D,3.6896E10,2.7476E10,EVLA,,17A-335.sb33541528.eb33655330.57865.61016644676,"RR, RL, LR, LL",17A-335,PUBLIC,31.8839738727881,305.82923896455395,,,59.8,J2023+3153
https://data.nrao.edu/portal/#/productViewer/17A-335.sb33541528.eb33655330.57865.61016644676,,,D,3.6896E10,2.7476E10,EVLA,,17A-335.sb33541528.eb33655330.57865.61016644676,"RR, RL, LR, LL",17A-335,PUBLIC,31.05822222257472,305.42641666658545,,,89.75,CYG14
https://data.nrao.edu/portal/#/productViewer/17A-335.sb33541528.eb33655330.57865.61016644676,,,D,3.6896E10,2.7476E10,EVLA,,17A-335.sb33541528.eb33655330.57865.61016644676,"RR, RL, LR, LL",17A-335,PUBLIC,33.7167262639744,306.2951754055268,,,59.85,J2025+3343
https://data.nrao.edu/portal/#/productViewer/17A-335.sb33541528.eb33655330.57865.61016644676,,,D,3.6896E10,2.7476E10,EVLA,,17A-335.sb33541528.eb33655330.57865.61016644676,"RR, RL, LR, LL",17A-335,PUBLIC,21.772878611057315,308.3834516639091,,,29.95,J2033+2146
https://data.nrao.edu/portal/#/productViewer/17A-335.sb33541528.eb33655330.57865.61016644676,,,D,3.6896E10,2.7476E10,EVLA,,17A-335.sb33541528.eb33655330.57865.61016644676,"RR, RL, LR, LL",17A-335,PUBLIC,20.769194442011088,305.8780416646191,,,89.75,DEL13
https://data.nrao.edu/portal/#/productViewer/17A-335.sb33541528.eb33655330.57865.61016644676,,,D,3.6896E10,2.7476E10,EVLA,,17A-335.sb33541528.eb33655330.57865.61016644676,"RR, RL, LR, LL",17A-335,PUBLIC,23.309908891696143,305.2644837478098,,,59.85,J2021+2318
https://data.nrao.edu/portal/#/productViewer/17A-335.sb33541528.eb33655330.57865.61016644676,,,D,3.6896E10,2.7476E10,EVLA,,17A-335.sb33541528.eb33655330.57865.61016644676,"RR, RL, LR, LL",17A-335,PUBLIC,33.15975916513661,24.42208096340236,,,29.9,0137+331=3C48
https://data.nrao.edu/portal/#/productViewer/17A-335.sb33996298.eb33997818.57942.17145609954,,,C,3.6896E10,2.7476E10,EVLA,,17A-335.sb33996298.eb33997818.57942.17145609954,"RR, RL, LR, LL",17A-335,PUBLIC,30.50915523770354,202.78453326533136,,,59.85,3C286
https://data.nrao.edu/portal/#/productViewer/17A-335.sb33996298.eb33997818.57942.17145609954,,,C,3.6896E10,2.7476E10,EVLA,,17A-335.sb33996298.eb33997818.57942.17145609954,"RR, RL, LR, LL",17A-335,PUBLIC,31.8839738727881,305.82923896455395,,,29.9,J2023+3153
https://data.nrao.edu/portal/#/productViewer/17A-335.sb33996298.eb33997818.57942.17145609954,,,C,3.6896E10,2.7476E10,EVLA,,17A-335.sb33996298.eb33997818.57942.17145609954,"RR, RL, LR, LL",17A-335,PUBLIC,31.05822222257472,305.42641666658545,,,89.75,CYG14
https://data.nrao.edu/portal/#/productViewer/17A-335.sb33996298.eb33997818.57942.17145609954,,,C,3.6896E10,2.7476E10,EVLA,,17A-335.sb33996298.eb33997818.57942.17145609954,"RR, RL, LR, LL",17A-335,PUBLIC,33.7167262639744,306.2951754055268,,,59.8,J2025+3343
https://data.nrao.edu/portal/#/productViewer/17A-335.sb33996298.eb33997818.57942.17145609954,,,C,3.6896E10,2.7476E10,EVLA,,17A-335.sb33996298.eb33997818.57942.17145609954,"RR, RL, LR, LL",17A-335,PUBLIC,21.772878611057315,308.3834516639091,,,29.9,J2033+2146
https://data.nrao.edu/portal/#/productViewer/17A-335.sb33996298.eb33997818.57942.17145609954,,,C,3.6896E10,2.7476E10,EVLA,,17A-335.sb33996298.eb33997818.57942.17145609954,"RR, RL, LR, LL",17A-335,PUBLIC,20.769194442011088,305.8780416646191,,,89.75,DEL13
https://data.nrao.edu/portal/#/productViewer/17A-335.sb33996298.eb33997818.57942.17145609954,,,C,3.6896E10,2.7476E10,EVLA,,17A-335.sb33996298.eb33997818.57942.17145609954,"RR, RL, LR, LL",17A-335,PUBLIC,23.309908891696143,305.2644837478098,,,59.85,J2021+2318
https://data.nrao.edu/portal/#/productViewer/17A-059.sb33403172.eb33649879.57859.1199734375,,,D,3.9506E10,3.1706E10,EVLA,,17A-059.sb33403172.eb33649879.57859.1199734375,"RR, RL, LR, LL",17A-059,PUBLIC,57.81044706304379,195.7186053403234,,,59.85,J1302+5748
https://data.nrao.edu/portal/#/productViewer/17A-059.sb33403172.eb33649879.57859.1199734375,,,D,3.9506E10,3.1706E10,EVLA,,17A-059.sb33403172.eb33649879.57859.1199734375,"RR, RL, LR, LL",17A-059,PUBLIC,62.36861111198156,189.29374999730618,,,468.7,GN20
https://data.nrao.edu/portal/#/productViewer/17A-059.sb33403172.eb33649879.57859.1199734375,,,D,3.9506E10,3.1706E10,EVLA,,17A-059.sb33403172.eb33649879.57859.1199734375,"RR, RL, LR, LL",17A-059,PUBLIC,30.50915523770354,202.78453326533136,,,29.95,1331+305=3C286
https://data.nrao.edu/portal/#/productViewer/17A-288.sb33154741.eb33560319.57809.07514511574,"128000000.0,128000000.0,128000000.0,128000000.0,128000000.0,128000000.0,128000000.0,128000000.0,128000000.0,128000000.0,128000000.0,128000000.0,128000000.0,128000000.0,128000000.0,128000000.0,128000000.0,128000000.0,128000000.0,128000000.0,128000000.0,128000000.0,128000000.0,128000000.0,128000000.0,128000000.0,128000000.0,128000000.0,128000000.0,128000000.0,128000000.0,128000000.0,128000000.0,128000000.0,128000000.0,128000000.0,128000000.0,128000000.0,128000000.0,128000000.0,128000000.0,128000000.0,128000000.0,128000000.0,128000000.0,128000000.0,128000000.0,128000000.0,128000000.0,128000000.0,128000000.0,128000000.0,128000000.0,128000000.0,128000000.0,128000000.0,128000000.0,128000000.0,128000000.0,128000000.0,128000000.0,128000000.0,128000000.0,128000000.0","33040500000.0,33168500000.0,33296500000.0,33424500000.0,33552500000.0,33680500000.0,33808500000.0,33936500000.0,34064500000.0,34192500000.0,34320500000.0,34448500000.0,34576500000.0,34704500000.0,34832500000.0,34960500000.0,35040500000.0,35168500000.0,35296500000.0,35424500000.0,35552500000.0,35680500000.0,35808500000.0,35936500000.0,36064500000.0,36192500000.0,36320500000.0,36448500000.0,36576500000.0,36704500000.0,36832500000.0,36960500000.0,29040500000.0,29168500000.0,29296500000.0,29424500000.0,29552500000.0,29680500000.0,29808500000.0,29936500000.0,30064500000.0,30192500000.0,30320500000.0,30448500000.0,30576500000.0,30704500000.0,30832500000.0,30960500000.0,31040500000.0,31168500000.0,31296500000.0,31424500000.0,31552500000.0,31680500000.0,31808500000.0,31936500000.0,32064500000.0,32192500000.0,32320500000.0,32448500000.0,32576500000.0,32704500000.0,32832500000.0,32960500000.0",D,3.6896E10,2.8976E10,EVLA,"128,128,128,128,128,128,128,128,128,128,128,128,128,128,128,128,128,128,128,128,128,128,128,128,128,128,128,128,128,128,128,128,128,128,128,128,128,128,128,128,128,128,128,128,128,128,128,128,128,128,128,128,128,128,128,128,128,128,128,128,128,128,128,128",17A-288.sb33154741.eb33560319.57809.07514511574,"RR, LL",17A-288,PUBLIC,33.15975916513661,24.42208096340236,"1000000.0,1000000.0,1000000.0,1000000.0,1000000.0,1000000.0,1000000.0,1000000.0,1000000.0,1000000.0,1000000.0,1000000.0,1000000.0,1000000.0,1000000.0,1000000.0,1000000.0,1000000.0,1000000.0,1000000.0,1000000.0,1000000.0,1000000.0,1000000.0,1000000.0,1000000.0,1000000.0,1000000.0,1000000.0,1000000.0,1000000.0,1000000.0,1000000.0,1000000.0,1000000.0,1000000.0,1000000.0,1000000.0,1000000.0,1000000.0,1000000.0,1000000.0,1000000.0,1000000.0,1000000.0,1000000.0,1000000.0,1000000.0,1000000.0,1000000.0,1000000.0,1000000.0,1000000.0,1000000.0,1000000.0,1000000.0,1000000.0,1000000.0,1000000.0,1000000.0,1000000.0,1000000.0,1000000.0,1000000.0","EVLA_KA#A1C1#2,EVLA_KA#A1C1#3,EVLA_KA#A1C1#4,EVLA_KA#A1C1#5,EVLA_KA#A1C1#6,EVLA_KA#A1C1#7,EVLA_KA#A1C1#8,EVLA_KA#A1C1#9,EVLA_KA#A1C1#10,EVLA_KA#A1C1#11,EVLA_KA#A1C1#12,EVLA_KA#A1C1#13,EVLA_KA#A1C1#14,EVLA_KA#A1C1#15,EVLA_KA#A1C1#16,EVLA_KA#A1C1#17,EVLA_KA#A2C2#18,EVLA_KA#A2C2#19,EVLA_KA#A2C2#20,EVLA_KA#A2C2#21,EVLA_KA#A2C2#22,EVLA_KA#A2C2#23,EVLA_KA#A2C2#24,EVLA_KA#A2C2#25,EVLA_KA#A2C2#26,EVLA_KA#A2C2#27,EVLA_KA#A2C2#28,EVLA_KA#A2C2#29,EVLA_KA#A2C2#30,EVLA_KA#A2C2#31,EVLA_KA#A2C2#32,EVLA_KA#A2C2#33,EVLA_KA#B1D1#34,EVLA_KA#B1D1#35,EVLA_KA#B1D1#36,EVLA_KA#B1D1#37,EVLA_KA#B1D1#38,EVLA_KA#B1D1#39,EVLA_KA#B1D1#40,EVLA_KA#B1D1#41,EVLA_KA#B1D1#42,EVLA_KA#B1D1#43,EVLA_KA#B1D1#44,EVLA_KA#B1D1#45,EVLA_KA#B1D1#46,EVLA_KA#B1D1#47,EVLA_KA#B1D1#48,EVLA_KA#B1D1#49,EVLA_KA#B2D2#50,EVLA_KA#B2D2#51,EVLA_KA#B2D2#52,EVLA_KA#B2D2#53,EVLA_KA#B2D2#54,EVLA_KA#B2D2#55,EVLA_KA#B2D2#56,EVLA_KA#B2D2#57,EVLA_KA#B2D2#58,EVLA_KA#B2D2#59,EVLA_KA#B2D2#60,EVLA_KA#B2D2#61,EVLA_KA#B2D2#62,EVLA_KA#B2D2#63,EVLA_KA#B2D2#64,EVLA_KA#B2D2#65",59.85,3C48
https://data.nrao.edu/portal/#/productViewer/17A-288.sb33154741.eb33560319.57809.07514511574,"128000000.0,128000000.0,128000000.0,128000000.0,128000000.0,128000000.0,128000000.0,128000000.0,128000000.0,128000000.0,128000000.0,128000000.0,128000000.0,128000000.0,128000000.0,128000000.0,128000000.0,128000000.0,128000000.0,128000000.0,128000000.0,128000000.0,128000000.0,128000000.0,128000000.0,128000000.0,128000000.0,128000000.0,128000000.0,128000000.0,128000000.0,128000000.0,128000000.0,128000000.0,128000000.0,128000000.0,128000000.0,128000000.0,128000000.0,128000000.0,128000000.0,128000000.0,128000000.0,128000000.0,128000000.0,128000000.0,128000000.0,128000000.0,128000000.0,128000000.0,128000000.0,128000000.0,128000000.0,128000000.0,128000000.0,128000000.0,128000000.0,128000000.0,128000000.0,128000000.0,128000000.0,128000000.0,128000000.0,128000000.0","33040500000.0,33168500000.0,33296500000.0,33424500000.0,33552500000.0,33680500000.0,33808500000.0,33936500000.0,34064500000.0,34192500000.0,34320500000.0,34448500000.0,34576500000.0,34704500000.0,34832500000.0,34960500000.0,35040500000.0,35168500000.0,35296500000.0,35424500000.0,35552500000.0,35680500000.0,35808500000.0,35936500000.0,36064500000.0,36192500000.0,36320500000.0,36448500000.0,36576500000.0,36704500000.0,36832500000.0,36960500000.0,29040500000.0,29168500000.0,29296500000.0,29424500000.0,29552500000.0,29680500000.0,29808500000.0,29936500000.0,30064500000.0,30192500000.0,30320500000.0,30448500000.0,30576500000.0,30704500000.0,30832500000.0,30960500000.0,31040500000.0,31168500000.0,31296500000.0,31424500000.0,31552500000.0,31680500000.0,31808500000.0,31936500000.0,32064500000.0,32192500000.0,32320500000.0,32448500000.0,32576500000.0,32704500000.0,32832500000.0,32960500000.0",D,3.6896E10,2.8976E10,EVLA,"128,128,128,128,128,128,128,128,128,128,128,128,128,128,128,128,128,128,128,128,128,128,128,128,128,128,128,128,128,128,128,128,128,128,128,128,128,128,128,128,128,128,128,128,128,128,128,128,128,128,128,128,128,128,128,128,128,128,128,128,128,128,128,128",17A-288.sb33154741.eb33560319.57809.07514511574,"RR, LL",17A-288,PUBLIC,16.639458673379497,80.2911917564396,"1000000.0,1000000.0,1000000.0,1000000.0,1000000.0,1000000.0,1000000.0,1000000.0,1000000.0,1000000.0,1000000.0,1000000.0,1000000.0,1000000.0,1000000.0,1000000.0,1000000.0,1000000.0,1000000.0,1000000.0,1000000.0,1000000.0,1000000.0,1000000.0,1000000.0,1000000.0,1000000.0,1000000.0,1000000.0,1000000.0,1000000.0,1000000.0,1000000.0,1000000.0,1000000.0,1000000.0,1000000.0,1000000.0,1000000.0,1000000.0,1000000.0,1000000.0,1000000.0,1000000.0,1000000.0,1000000.0,1000000.0,1000000.0,1000000.0,1000000.0,1000000.0,1000000.0,1000000.0,1000000.0,1000000.0,1000000.0,1000000.0,1000000.0,1000000.0,1000000.0,1000000.0,1000000.0,1000000.0,1000000.0","EVLA_KA#A1C1#2,EVLA_KA#A1C1#3,EVLA_KA#A1C1#4,EVLA_KA#A1C1#5,EVLA_KA#A1C1#6,EVLA_KA#A1C1#7,EVLA_KA#A1C1#8,EVLA_KA#A1C1#9,EVLA_KA#A1C1#10,EVLA_KA#A1C1#11,EVLA_KA#A1C1#12,EVLA_KA#A1C1#13,EVLA_KA#A1C1#14,EVLA_KA#A1C1#15,EVLA_KA#A1C1#16,EVLA_KA#A1C1#17,EVLA_KA#A2C2#18,EVLA_KA#A2C2#19,EVLA_KA#A2C2#20,EVLA_KA#A2C2#21,EVLA_KA#A2C2#22,EVLA_KA#A2C2#23,EVLA_KA#A2C2#24,EVLA_KA#A2C2#25,EVLA_KA#A2C2#26,EVLA_KA#A2C2#27,EVLA_KA#A2C2#28,EVLA_KA#A2C2#29,EVLA_KA#A2C2#30,EVLA_KA#A2C2#31,EVLA_KA#A2C2#32,EVLA_KA#A2C2#33,EVLA_KA#B1D1#34,EVLA_KA#B1D1#35,EVLA_KA#B1D1#36,EVLA_KA#B1D1#37,EVLA_KA#B1D1#38,EVLA_KA#B1D1#39,EVLA_KA#B1D1#40,EVLA_KA#B1D1#41,EVLA_KA#B1D1#42,EVLA_KA#B1D1#43,EVLA_KA#B1D1#44,EVLA_KA#B1D1#45,EVLA_KA#B1D1#46,EVLA_KA#B1D1#47,EVLA_KA#B1D1#48,EVLA_KA#B1D1#49,EVLA_KA#B2D2#50,EVLA_KA#B2D2#51,EVLA_KA#B2D2#52,EVLA_KA#B2D2#53,EVLA_KA#B2D2#54,EVLA_KA#B2D2#55,EVLA_KA#B2D2#56,EVLA_KA#B2D2#57,EVLA_KA#B2D2#58,EVLA_KA#B2D2#59,EVLA_KA#B2D2#60,EVLA_KA#B2D2#61,EVLA_KA#B2D2#62,EVLA_KA#B2D2#63,EVLA_KA#B2D2#64,EVLA_KA#B2D2#65",29.95,3C138
https://data.nrao.edu/portal/#/productViewer/17A-288.sb33154741.eb33560319.57809.07514511574,"128000000.0,128000000.0,128000000.0,128000000.0,128000000.0,128000000.0,128000000.0,128000000.0,128000000.0,128000000.0,128000000.0,128000000.0,128000000.0,128000000.0,128000000.0,128000000.0,128000000.0,128000000.0,128000000.0,128000000.0,128000000.0,128000000.0,128000000.0,128000000.0,128000000.0,128000000.0,128000000.0,128000000.0,128000000.0,128000000.0,128000000.0,128000000.0,128000000.0,128000000.0,128000000.0,128000000.0,128000000.0,128000000.0,128000000.0,128000000.0,128000000.0,128000000.0,128000000.0,128000000.0,128000000.0,128000000.0,128000000.0,128000000.0,128000000.0,128000000.0,128000000.0,128000000.0,128000000.0,128000000.0,128000000.0,128000000.0,128000000.0,128000000.0,128000000.0,128000000.0,128000000.0,128000000.0,128000000.0,128000000.0","33040500000.0,33168500000.0,33296500000.0,33424500000.0,33552500000.0,33680500000.0,33808500000.0,33936500000.0,34064500000.0,34192500000.0,34320500000.0,34448500000.0,34576500000.0,34704500000.0,34832500000.0,34960500000.0,35040500000.0,35168500000.0,35296500000.0,35424500000.0,35552500000.0,35680500000.0,35808500000.0,35936500000.0,36064500000.0,36192500000.0,36320500000.0,36448500000.0,36576500000.0,36704500000.0,36832500000.0,36960500000.0,29040500000.0,29168500000.0,29296500000.0,29424500000.0,29552500000.0,29680500000.0,29808500000.0,29936500000.0,30064500000.0,30192500000.0,30320500000.0,30448500000.0,30576500000.0,30704500000.0,30832500000.0,30960500000.0,31040500000.0,31168500000.0,31296500000.0,31424500000.0,31552500000.0,31680500000.0,31808500000.0,31936500000.0,32064500000.0,32192500000.0,32320500000.0,32448500000.0,32576500000.0,32704500000.0,32832500000.0,32960500000.0",D,3.6896E10,2.8976E10,EVLA,"128,128,128,128,128,128,128,128,128,128,128,128,128,128,128,128,128,128,128,128,128,128,128,128,128,128,128,128,128,128,128,128,128,128,128,128,128,128,128,128,128,128,128,128,128,128,128,128,128,128,128,128,128,128,128,128,128,128,128,128,128,128,128,128",17A-288.sb33154741.eb33560319.57809.07514511574,"RR, LL",17A-288,PUBLIC,25.178555553220498,76.07170833141538,"1000000.0,1000000.0,1000000.0,1000000.0,1000000.0,1000000.0,1000000.0,1000000.0,1000000.0,1000000.0,1000000.0,1000000.0,1000000.0,1000000.0,1000000.0,1000000.0,1000000.0,1000000.0,1000000.0,1000000.0,1000000.0,1000000.0,1000000.0,1000000.0,1000000.0,1000000.0,1000000.0,1000000.0,1000000.0,1000000.0,1000000.0,1000000.0,1000000.0,1000000.0,1000000.0,1000000.0,1000000.0,1000000.0,1000000.0,1000000.0,1000000.0,1000000.0,1000000.0,1000000.0,1000000.0,1000000.0,1000000.0,1000000.0,1000000.0,1000000.0,1000000.0,1000000.0,1000000.0,1000000.0,1000000.0,1000000.0,1000000.0,1000000.0,1000000.0,1000000.0,1000000.0,1000000.0,1000000.0,1000000.0","EVLA_KA#A1C1#2,EVLA_KA#A1C1#3,EVLA_KA#A1C1#4,EVLA_KA#A1C1#5,EVLA_KA#A1C1#6,EVLA_KA#A1C1#7,EVLA_KA#A1C1#8,EVLA_KA#A1C1#9,EVLA_KA#A1C1#10,EVLA_KA#A1C1#11,EVLA_KA#A1C1#12,EVLA_KA#A1C1#13,EVLA_KA#A1C1#14,EVLA_KA#A1C1#15,EVLA_KA#A1C1#16,EVLA_KA#A1C1#17,EVLA_KA#A2C2#18,EVLA_KA#A2C2#19,EVLA_KA#A2C2#20,EVLA_KA#A2C2#21,EVLA_KA#A2C2#22,EVLA_KA#A2C2#23,EVLA_KA#A2C2#24,EVLA_KA#A2C2#25,EVLA_KA#A2C2#26,EVLA_KA#A2C2#27,EVLA_KA#A2C2#28,EVLA_KA#A2C2#29,EVLA_KA#A2C2#30,EVLA_KA#A2C2#31,EVLA_KA#A2C2#32,EVLA_KA#A2C2#33,EVLA_KA#B1D1#34,EVLA_KA#B1D1#35,EVLA_KA#B1D1#36,EVLA_KA#B1D1#37,EVLA_KA#B1D1#38,EVLA_KA#B1D1#39,EVLA_KA#B1D1#40,EVLA_KA#B1D1#41,EVLA_KA#B1D1#42,EVLA_KA#B1D1#43,EVLA_KA#B1D1#44,EVLA_KA#B1D1#45,EVLA_KA#B1D1#46,EVLA_KA#B1D1#47,EVLA_KA#B1D1#48,EVLA_KA#B1D1#49,EVLA_KA#B2D2#50,EVLA_KA#B2D2#51,EVLA_KA#B2D2#52,EVLA_KA#B2D2#53,EVLA_KA#B2D2#54,EVLA_KA#B2D2#55,EVLA_KA#B2D2#56,EVLA_KA#B2D2#57,EVLA_KA#B2D2#58,EVLA_KA#B2D2#59,EVLA_KA#B2D2#60,EVLA_KA#B2D2#61,EVLA_KA#B2D2#62,EVLA_KA#B2D2#63,EVLA_KA#B2D2#64,EVLA_KA#B2D2#65",403.9,L1544
https://data.nrao.edu/portal/#/productViewer/17B-114.sb34824468.eb34834016.58136.717922870375,"128000000.0,128000000.0,128000000.0,128000000.0,128000000.0,128000000.0,128000000.0,128000000.0,128000000.0,128000000.0,128000000.0,128000000.0,128000000.0,128000000.0,128000000.0,128000000.0,128000000.0,128000000.0,128000000.0,128000000.0,128000000.0,128000000.0,128000000.0,128000000.0,128000000.0,128000000.0,128000000.0,128000000.0,128000000.0,128000000.0,128000000.0,128000000.0,128000000.0,128000000.0,128000000.0,128000000.0,128000000.0,128000000.0,128000000.0,128000000.0,128000000.0,128000000.0,128000000.0,128000000.0,128000000.0,128000000.0,128000000.0,128000000.0,128000000.0,128000000.0,128000000.0,128000000.0,128000000.0,128000000.0,128000000.0,128000000.0,128000000.0,128000000.0,128000000.0,128000000.0,128000000.0,128000000.0,128000000.0,128000000.0","33041000000.0,33169000000.0,33297000000.0,33425000000.0,33553000000.0,33681000000.0,33809000000.0,33937000000.0,34065000000.0,34193000000.0,34321000000.0,34449000000.0,34577000000.0,34705000000.0,34833000000.0,34961000000.0,35041000000.0,35169000000.0,35297000000.0,35425000000.0,35553000000.0,35681000000.0,35809000000.0,35937000000.0,36065000000.0,36193000000.0,36321000000.0,36449000000.0,36577000000.0,36705000000.0,36833000000.0,36961000000.0,29041000000.0,29169000000.0,29297000000.0,29425000000.0,29553000000.0,29681000000.0,29809000000.0,29937000000.0,30065000000.0,30193000000.0,30321000000.0,30449000000.0,30577000000.0,30705000000.0,30833000000.0,30961000000.0,31041000000.0,31169000000.0,31297000000.0,31425000000.0,31553000000.0,31681000000.0,31809000000.0,31937000000.0,32065000000.0,32193000000.0,32321000000.0,32449000000.0,32577000000.0,32705000000.0,32833000000.0,32961000000.0",B,3.6896E10,2.8976E10,EVLA,"64,64,64,64,64,64,64,64,64,64,64,64,64,64,64,64,64,64,64,64,64,64,64,64,64,64,64,64,64,64,64,64,64,64,64,64,64,64,64,64,64,64,64,64,64,64,64,64,64,64,64,64,64,64,64,64,64,64,64,64,64,64,64,64",17B-114.sb34824468.eb34834016.58136.717922870375,"RR, RL, LR, LL",17B-114,PUBLIC,30.50915523770354,202.78453326533136,"2000000.0,2000000.0,2000000.0,2000000.0,2000000.0,2000000.0,2000000.0,2000000.0,2000000.0,2000000.0,2000000.0,2000000.0,2000000.0,2000000.0,2000000.0,2000000.0,2000000.0,2000000.0,2000000.0,2000000.0,2000000.0,2000000.0,2000000.0,2000000.0,2000000.0,2000000.0,2000000.0,2000000.0,2000000.0,2000000.0,2000000.0,2000000.0,2000000.0,2000000.0,2000000.0,2000000.0,2000000.0,2000000.0,2000000.0,2000000.0,2000000.0,2000000.0,2000000.0,2000000.0,2000000.0,2000000.0,2000000.0,2000000.0,2000000.0,2000000.0,2000000.0,2000000.0,2000000.0,2000000.0,2000000.0,2000000.0,2000000.0,2000000.0,2000000.0,2000000.0,2000000.0,2000000.0,2000000.0,2000000.0","EVLA_KA#A1C1#0,EVLA_KA#A1C1#1,EVLA_KA#A1C1#2,EVLA_KA#A1C1#3,EVLA_KA#A1C1#4,EVLA_KA#A1C1#5,EVLA_KA#A1C1#6,EVLA_KA#A1C1#7,EVLA_KA#A1C1#8,EVLA_KA#A1C1#9,EVLA_KA#A1C1#10,EVLA_KA#A1C1#11,EVLA_KA#A1C1#12,EVLA_KA#A1C1#13,EVLA_KA#A1C1#14,EVLA_KA#A1C1#15,EVLA_KA#A2C2#16,EVLA_KA#A2C2#17,EVLA_KA#A2C2#18,EVLA_KA#A2C2#19,EVLA_KA#A2C2#20,EVLA_KA#A2C2#21,EVLA_KA#A2C2#22,EVLA_KA#A2C2#23,EVLA_KA#A2C2#24,EVLA_KA#A2C2#25,EVLA_KA#A2C2#26,EVLA_KA#A2C2#27,EVLA_KA#A2C2#28,EVLA_KA#A2C2#29,EVLA_KA#A2C2#30,EVLA_KA#A2C2#31,EVLA_KA#B1D1#32,EVLA_KA#B1D1#33,EVLA_KA#B1D1#34,EVLA_KA#B1D1#35,EVLA_KA#B1D1#36,EVLA_KA#B1D1#37,EVLA_KA#B1D1#38,EVLA_KA#B1D1#39,EVLA_KA#B1D1#40,EVLA_KA#B1D1#41,EVLA_KA#B1D1#42,EVLA_KA#B1D1#43,EVLA_KA#B1D1#44,EVLA_KA#B1D1#45,EVLA_KA#B1D1#46,EVLA_KA#B1D1#47,EVLA_KA#B2D2#48,EVLA_KA#B2D2#49,EVLA_KA#B2D2#50,EVLA_KA#B2D2#51,EVLA_KA#B2D2#52,EVLA_KA#B2D2#53,EVLA_KA#B2D2#54,EVLA_KA#B2D2#55,EVLA_KA#B2D2#56,EVLA_KA#B2D2#57,EVLA_KA#B2D2#58,EVLA_KA#B2D2#59,EVLA_KA#B2D2#60,EVLA_KA#B2D2#61,EVLA_KA#B2D2#62,EVLA_KA#B2D2#63",59.85,J1331+3030
https://data.nrao.edu/portal/#/productViewer/17B-114.sb34824468.eb34834016.58136.717922870375,"128000000.0,128000000.0,128000000.0,128000000.0,128000000.0,128000000.0,128000000.0,128000000.0,128000000.0,128000000.0,128000000.0,128000000.0,128000000.0,128000000.0,128000000.0,128000000.0,128000000.0,128000000.0,128000000.0,128000000.0,128000000.0,128000000.0,128000000.0,128000000.0,128000000.0,128000000.0,128000000.0,128000000.0,128000000.0,128000000.0,128000000.0,128000000.0,128000000.0,128000000.0,128000000.0,128000000.0,128000000.0,128000000.0,128000000.0,128000000.0,128000000.0,128000000.0,128000000.0,128000000.0,128000000.0,128000000.0,128000000.0,128000000.0,128000000.0,128000000.0,128000000.0,128000000.0,128000000.0,128000000.0,128000000.0,128000000.0,128000000.0,128000000.0,128000000.0,128000000.0,128000000.0,128000000.0,128000000.0,128000000.0","33041000000.0,33169000000.0,33297000000.0,33425000000.0,33553000000.0,33681000000.0,33809000000.0,33937000000.0,34065000000.0,34193000000.0,34321000000.0,34449000000.0,34577000000.0,34705000000.0,34833000000.0,34961000000.0,35041000000.0,35169000000.0,35297000000.0,35425000000.0,35553000000.0,35681000000.0,35809000000.0,35937000000.0,36065000000.0,36193000000.0,36321000000.0,36449000000.0,36577000000.0,36705000000.0,36833000000.0,36961000000.0,29041000000.0,29169000000.0,29297000000.0,29425000000.0,29553000000.0,29681000000.0,29809000000.0,29937000000.0,30065000000.0,30193000000.0,30321000000.0,30449000000.0,30577000000.0,30705000000.0,30833000000.0,30961000000.0,31041000000.0,31169000000.0,31297000000.0,31425000000.0,31553000000.0,31681000000.0,31809000000.0,31937000000.0,32065000000.0,32193000000.0,32321000000.0,32449000000.0,32577000000.0,32705000000.0,32833000000.0,32961000000.0",B,3.6896E10,2.8976E10,EVLA,"64,64,64,64,64,64,64,64,64,64,64,64,64,64,64,64,64,64,64,64,64,64,64,64,64,64,64,64,64,64,64,64,64,64,64,64,64,64,64,64,64,64,64,64,64,64,64,64,64,64,64,64,64,64,64,64,64,64,64,64,64,64,64,64",17B-114.sb34824468.eb34834016.58136.717922870375,"RR, RL, LR, LL",17B-114,PUBLIC,-20.115308077191422,287.79022038738617,"2000000.0,2000000.0,2000000.0,2000000.0,2000000.0,2000000.0,2000000.0,2000000.0,2000000.0,2000000.0,2000000.0,2000000.0,2000000.0,2000000.0,2000000.0,2000000.0,2000000.0,2000000.0,2000000.0,2000000.0,2000000.0,2000000.0,2000000.0,2000000.0,2000000.0,2000000.0,2000000.0,2000000.0,2000000.0,2000000.0,2000000.0,2000000.0,2000000.0,2000000.0,2000000.0,2000000.0,2000000.0,2000000.0,2000000.0,2000000.0,2000000.0,2000000.0,2000000.0,2000000.0,2000000.0,2000000.0,2000000.0,2000000.0,2000000.0,2000000.0,2000000.0,2000000.0,2000000.0,2000000.0,2000000.0,2000000.0,2000000.0,2000000.0,2000000.0,2000000.0,2000000.0,2000000.0,2000000.0,2000000.0","EVLA_KA#A1C1#0,EVLA_KA#A1C1#1,EVLA_KA#A1C1#2,EVLA_KA#A1C1#3,EVLA_KA#A1C1#4,EVLA_KA#A1C1#5,EVLA_KA#A1C1#6,EVLA_KA#A1C1#7,EVLA_KA#A1C1#8,EVLA_KA#A1C1#9,EVLA_KA#A1C1#10,EVLA_KA#A1C1#11,EVLA_KA#A1C1#12,EVLA_KA#A1C1#13,EVLA_KA#A1C1#14,EVLA_KA#A1C1#15,EVLA_KA#A2C2#16,EVLA_KA#A2C2#17,EVLA_KA#A2C2#18,EVLA_KA#A2C2#19,EVLA_KA#A2C2#20,EVLA_KA#A2C2#21,EVLA_KA#A2C2#22,EVLA_KA#A2C2#23,EVLA_KA#A2C2#24,EVLA_KA#A2C2#25,EVLA_KA#A2C2#26,EVLA_KA#A2C2#27,EVLA_KA#A2C2#28,EVLA_KA#A2C2#29,EVLA_KA#A2C2#30,EVLA_KA#A2C2#31,EVLA_KA#B1D1#32,EVLA_KA#B1D1#33,EVLA_KA#B1D1#34,EVLA_KA#B1D1#35,EVLA_KA#B1D1#36,EVLA_KA#B1D1#37,EVLA_KA#B1D1#38,EVLA_KA#B1D1#39,EVLA_KA#B1D1#40,EVLA_KA#B1D1#41,EVLA_KA#B1D1#42,EVLA_KA#B1D1#43,EVLA_KA#B1D1#44,EVLA_KA#B1D1#45,EVLA_KA#B1D1#46,EVLA_KA#B1D1#47,EVLA_KA#B2D2#48,EVLA_KA#B2D2#49,EVLA_KA#B2D2#50,EVLA_KA#B2D2#51,EVLA_KA#B2D2#52,EVLA_KA#B2D2#53,EVLA_KA#B2D2#54,EVLA_KA#B2D2#55,EVLA_KA#B2D2#56,EVLA_KA#B2D2#57,EVLA_KA#B2D2#58,EVLA_KA#B2D2#59,EVLA_KA#B2D2#60,EVLA_KA#B2D2#61,EVLA_KA#B2D2#62,EVLA_KA#B2D2#63",29.9,J1911-2006
https://data.nrao.edu/portal/#/productViewer/17B-114.sb34824468.eb34834016.58136.717922870375,"128000000.0,128000000.0,128000000.0,128000000.0,128000000.0,128000000.0,128000000.0,128000000.0,128000000.0,128000000.0,128000000.0,128000000.0,128000000.0,128000000.0,128000000.0,128000000.0,128000000.0,128000000.0,128000000.0,128000000.0,128000000.0,128000000.0,128000000.0,128000000.0,128000000.0,128000000.0,128000000.0,128000000.0,128000000.0,128000000.0,128000000.0,128000000.0,128000000.0,128000000.0,128000000.0,128000000.0,128000000.0,128000000.0,128000000.0,128000000.0,128000000.0,128000000.0,128000000.0,128000000.0,128000000.0,128000000.0,128000000.0,128000000.0,128000000.0,128000000.0,128000000.0,128000000.0,128000000.0,128000000.0,128000000.0,128000000.0,128000000.0,128000000.0,128000000.0,128000000.0,128000000.0,128000000.0,128000000.0,128000000.0","33041000000.0,33169000000.0,33297000000.0,33425000000.0,33553000000.0,33681000000.0,33809000000.0,33937000000.0,34065000000.0,34193000000.0,34321000000.0,34449000000.0,34577000000.0,34705000000.0,34833000000.0,34961000000.0,35041000000.0,35169000000.0,35297000000.0,35425000000.0,35553000000.0,35681000000.0,35809000000.0,35937000000.0,36065000000.0,36193000000.0,36321000000.0,36449000000.0,36577000000.0,36705000000.0,36833000000.0,36961000000.0,29041000000.0,29169000000.0,29297000000.0,29425000000.0,29553000000.0,29681000000.0,29809000000.0,29937000000.0,30065000000.0,30193000000.0,30321000000.0,30449000000.0,30577000000.0,30705000000.0,30833000000.0,30961000000.0,31041000000.0,31169000000.0,31297000000.0,31425000000.0,31553000000.0,31681000000.0,31809000000.0,31937000000.0,32065000000.0,32193000000.0,32321000000.0,32449000000.0,32577000000.0,32705000000.0,32833000000.0,32961000000.0",B,3.6896E10,2.8976E10,EVLA,"64,64,64,64,64,64,64,64,64,64,64,64,64,64,64,64,64,64,64,64,64,64,64,64,64,64,64,64,64,64,64,64,64,64,64,64,64,64,64,64,64,64,64,64,64,64,64,64,64,64,64,64,64,64,64,64,64,64,64,64,64,64,64,64",17B-114.sb34824468.eb34834016.58136.717922870375,"RR, RL, LR, LL",17B-114,PUBLIC,0.0,0.0,"2000000.0,2000000.0,2000000.0,2000000.0,2000000.0,2000000.0,2000000.0,2000000.0,2000000.0,2000000.0,2000000.0,2000000.0,2000000.0,2000000.0,2000000.0,2000000.0,2000000.0,2000000.0,2000000.0,2000000.0,2000000.0,2000000.0,2000000.0,2000000.0,2000000.0,2000000.0,2000000.0,2000000.0,2000000.0,2000000.0,2000000.0,2000000.0,2000000.0,2000000.0,2000000.0,2000000.0,2000000.0,2000000.0,2000000.0,2000000.0,2000000.0,2000000.0,2000000.0,2000000.0,2000000.0,2000000.0,2000000.0,2000000.0,2000000.0,2000000.0,2000000.0,2000000.0,2000000.0,2000000.0,2000000.0,2000000.0,2000000.0,2000000.0,2000000.0,2000000.0,2000000.0,2000000.0,2000000.0,2000000.0","EVLA_KA#A1C1#0,EVLA_KA#A1C1#1,EVLA_KA#A1C1#2,EVLA_KA#A1C1#3,EVLA_KA#A1C1#4,EVLA_KA#A1C1#5,EVLA_KA#A1C1#6,EVLA_KA#A1C1#7,EVLA_KA#A1C1#8,EVLA_KA#A1C1#9,EVLA_KA#A1C1#10,EVLA_KA#A1C1#11,EVLA_KA#A1C1#12,EVLA_KA#A1C1#13,EVLA_KA#A1C1#14,EVLA_KA#A1C1#15,EVLA_KA#A2C2#16,EVLA_KA#A2C2#17,EVLA_KA#A2C2#18,EVLA_KA#A2C2#19,EVLA_KA#A2C2#20,EVLA_KA#A2C2#21,EVLA_KA#A2C2#22,EVLA_KA#A2C2#23,EVLA_KA#A2C2#24,EVLA_KA#A2C2#25,EVLA_KA#A2C2#26,EVLA_KA#A2C2#27,EVLA_KA#A2C2#28,EVLA_KA#A2C2#29,EVLA_KA#A2C2#30,EVLA_KA#A2C2#31,EVLA_KA#B1D1#32,EVLA_KA#B1D1#33,EVLA_KA#B1D1#34,EVLA_KA#B1D1#35,EVLA_KA#B1D1#36,EVLA_KA#B1D1#37,EVLA_KA#B1D1#38,EVLA_KA#B1D1#39,EVLA_KA#B1D1#40,EVLA_KA#B1D1#41,EVLA_KA#B1D1#42,EVLA_KA#B1D1#43,EVLA_KA#B1D1#44,EVLA_KA#B1D1#45,EVLA_KA#B1D1#46,EVLA_KA#B1D1#47,EVLA_KA#B2D2#48,EVLA_KA#B2D2#49,EVLA_KA#B2D2#50,EVLA_KA#B2D2#51,EVLA_KA#B2D2#52,EVLA_KA#B2D2#53,EVLA_KA#B2D2#54,EVLA_KA#B2D2#55,EVLA_KA#B2D2#56,EVLA_KA#B2D2#57,EVLA_KA#B2D2#58,EVLA_KA#B2D2#59,EVLA_KA#B2D2#60,EVLA_KA#B2D2#61,EVLA_KA#B2D2#62,EVLA_KA#B2D2#63",111.7,PLUTOE3
https://data.nrao.edu/portal/#/productViewer/18A-228.sb35538192.eb35676317.58412.090200949075,"128000000.0,128000000.0,128000000.0,128000000.0,128000000.0,128000000.0,128000000.0,128000000.0,128000000.0,128000000.0,128000000.0,128000000.0,128000000.0,128000000.0,128000000.0,128000000.0,128000000.0,128000000.0,128000000.0,128000000.0,128000000.0,128000000.0,128000000.0,128000000.0,128000000.0,128000000.0,128000000.0,128000000.0,128000000.0,128000000.0,128000000.0,128000000.0,128000000.0,128000000.0,128000000.0,128000000.0,128000000.0,128000000.0,128000000.0,128000000.0","36233700000.0,36361700000.0,36489700000.0,36617700000.0,36745700000.0,36873700000.0,37001700000.0,37129700000.0,26564500000.0,26692500000.0,26820500000.0,26948500000.0,27076500000.0,27204500000.0,27332500000.0,27460500000.0,27588500000.0,27716500000.0,27844500000.0,27972500000.0,28100500000.0,28228500000.0,28356500000.0,28484500000.0,28612500000.0,28740500000.0,28868500000.0,28996500000.0,29124500000.0,29252500000.0,29380500000.0,29508500000.0,29636500000.0,29764500000.0,29892500000.0,30020500000.0,30148500000.0,30276500000.0,30404500000.0,30532500000.0",D,3.70652E10,2.65E10,EVLA,"128,128,128,128,128,128,128,128,128,128,128,128,128,128,128,128,128,128,128,128,128,128,128,128,128,128,128,128,128,128,128,128,128,128,128,128,128,128,128,128",18A-228.sb35538192.eb35676317.58412.090200949075,"RR, LL",18A-228,PUBLIC,-12.11799885656687,322.8969239907239,"1000000.0,1000000.0,1000000.0,1000000.0,1000000.0,1000000.0,1000000.0,1000000.0,1000000.0,1000000.0,1000000.0,1000000.0,1000000.0,1000000.0,1000000.0,1000000.0,1000000.0,1000000.0,1000000.0,1000000.0,1000000.0,1000000.0,1000000.0,1000000.0,1000000.0,1000000.0,1000000.0,1000000.0,1000000.0,1000000.0,1000000.0,1000000.0,1000000.0,1000000.0,1000000.0,1000000.0,1000000.0,1000000.0,1000000.0,1000000.0","EVLA_KA#A0C0#2,EVLA_KA#A0C0#3,EVLA_KA#A0C0#4,EVLA_KA#A0C0#5,EVLA_KA#A0C0#6,EVLA_KA#A0C0#7,EVLA_KA#A0C0#8,EVLA_KA#A0C0#9,EVLA_KA#B1D1#10,EVLA_KA#B1D1#11,EVLA_KA#B1D1#12,EVLA_KA#B1D1#13,EVLA_KA#B1D1#14,EVLA_KA#B1D1#15,EVLA_KA#B1D1#16,EVLA_KA#B1D1#17,EVLA_KA#B1D1#18,EVLA_KA#B1D1#19,EVLA_KA#B1D1#20,EVLA_KA#B1D1#21,EVLA_KA#B1D1#22,EVLA_KA#B1D1#23,EVLA_KA#B1D1#24,EVLA_KA#B1D1#25,EVLA_KA#B2D2#26,EVLA_KA#B2D2#27,EVLA_KA#B2D2#28,EVLA_KA#B2D2#29,EVLA_KA#B2D2#30,EVLA_KA#B2D2#31,EVLA_KA#B2D2#32,EVLA_KA#B2D2#33,EVLA_KA#B2D2#34,EVLA_KA#B2D2#35,EVLA_KA#B2D2#36,EVLA_KA#B2D2#37,EVLA_KA#B2D2#38,EVLA_KA#B2D2#39,EVLA_KA#B2D2#40,EVLA_KA#B2D2#41",59.85,J2131-1207
https://data.nrao.edu/portal/#/productViewer/18A-228.sb35538192.eb35676317.58412.090200949075,"128000000.0,128000000.0,128000000.0,128000000.0,128000000.0,128000000.0,128000000.0,128000000.0,128000000.0,128000000.0,128000000.0,128000000.0,128000000.0,128000000.0,128000000.0,128000000.0,128000000.0,128000000.0,128000000.0,128000000.0,128000000.0,128000000.0,128000000.0,128000000.0,128000000.0,128000000.0,128000000.0,128000000.0,128000000.0,128000000.0,128000000.0,128000000.0,128000000.0,128000000.0,128000000.0,128000000.0,128000000.0,128000000.0,128000000.0,128000000.0","36233700000.0,36361700000.0,36489700000.0,36617700000.0,36745700000.0,36873700000.0,37001700000.0,37129700000.0,26564500000.0,26692500000.0,26820500000.0,26948500000.0,27076500000.0,27204500000.0,27332500000.0,27460500000.0,27588500000.0,27716500000.0,27844500000.0,27972500000.0,28100500000.0,28228500000.0,28356500000.0,28484500000.0,28612500000.0,28740500000.0,28868500000.0,28996500000.0,29124500000.0,29252500000.0,29380500000.0,29508500000.0,29636500000.0,29764500000.0,29892500000.0,30020500000.0,30148500000.0,30276500000.0,30404500000.0,30532500000.0",D,3.70652E10,2.65E10,EVLA,"128,128,128,128,128,128,128,128,128,128,128,128,128,128,128,128,128,128,128,128,128,128,128,128,128,128,128,128,128,128,128,128,128,128,128,128,128,128,128,128",18A-228.sb35538192.eb35676317.58412.090200949075,"RR, LL",18A-228,PUBLIC,-7.692000002096806,322.3424999994373,"1000000.0,1000000.0,1000000.0,1000000.0,1000000.0,1000000.0,1000000.0,1000000.0,1000000.0,1000000.0,1000000.0,1000000.0,1000000.0,1000000.0,1000000.0,1000000.0,1000000.0,1000000.0,1000000.0,1000000.0,1000000.0,1000000.0,1000000.0,1000000.0,1000000.0,1000000.0,1000000.0,1000000.0,1000000.0,1000000.0,1000000.0,1000000.0,1000000.0,1000000.0,1000000.0,1000000.0,1000000.0,1000000.0,1000000.0,1000000.0","EVLA_KA#A0C0#2,EVLA_KA#A0C0#3,EVLA_KA#A0C0#4,EVLA_KA#A0C0#5,EVLA_KA#A0C0#6,EVLA_KA#A0C0#7,EVLA_KA#A0C0#8,EVLA_KA#A0C0#9,EVLA_KA#B1D1#10,EVLA_KA#B1D1#11,EVLA_KA#B1D1#12,EVLA_KA#B1D1#13,EVLA_KA#B1D1#14,EVLA_KA#B1D1#15,EVLA_KA#B1D1#16,EVLA_KA#B1D1#17,EVLA_KA#B1D1#18,EVLA_KA#B1D1#19,EVLA_KA#B1D1#20,EVLA_KA#B1D1#21,EVLA_KA#B1D1#22,EVLA_KA#B1D1#23,EVLA_KA#B1D1#24,EVLA_KA#B1D1#25,EVLA_KA#B2D2#26,EVLA_KA#B2D2#27,EVLA_KA#B2D2#28,EVLA_KA#B2D2#29,EVLA_KA#B2D2#30,EVLA_KA#B2D2#31,EVLA_KA#B2D2#32,EVLA_KA#B2D2#33,EVLA_KA#B2D2#34,EVLA_KA#B2D2#35,EVLA_KA#B2D2#36,EVLA_KA#B2D2#37,EVLA_KA#B2D2#38,EVLA_KA#B2D2#39,EVLA_KA#B2D2#40,EVLA_KA#B2D2#41",294.2,MACS2129-1
https://data.nrao.edu/portal/#/productViewer/18A-228.sb35538192.eb35676317.58412.090200949075,"128000000.0,128000000.0,128000000.0,128000000.0,128000000.0,128000000.0,128000000.0,128000000.0,128000000.0,128000000.0,128000000.0,128000000.0,128000000.0,128000000.0,128000000.0,128000000.0,128000000.0,128000000.0,128000000.0,128000000.0,128000000.0,128000000.0,128000000.0,128000000.0,128000000.0,128000000.0,128000000.0,128000000.0,128000000.0,128000000.0,128000000.0,128000000.0,128000000.0,128000000.0,128000000.0,128000000.0,128000000.0,128000000.0,128000000.0,128000000.0","36233700000.0,36361700000.0,36489700000.0,36617700000.0,36745700000.0,36873700000.0,37001700000.0,37129700000.0,26564500000.0,26692500000.0,26820500000.0,26948500000.0,27076500000.0,27204500000.0,27332500000.0,27460500000.0,27588500000.0,27716500000.0,27844500000.0,27972500000.0,28100500000.0,28228500000.0,28356500000.0,28484500000.0,28612500000.0,28740500000.0,28868500000.0,28996500000.0,29124500000.0,29252500000.0,29380500000.0,29508500000.0,29636500000.0,29764500000.0,29892500000.0,30020500000.0,30148500000.0,30276500000.0,30404500000.0,30532500000.0",D,3.70652E10,2.65E10,EVLA,"128,128,128,128,128,128,128,128,128,128,128,128,128,128,128,128,128,128,128,128,128,128,128,128,128,128,128,128,128,128,128,128,128,128,128,128,128,128,128,128",18A-228.sb35538192.eb35676317.58412.090200949075,"RR, LL",18A-228,PUBLIC,33.15975916513661,24.42208096340236,"1000000.0,1000000.0,1000000.0,1000000.0,1000000.0,1000000.0,1000000.0,1000000.0,1000000.0,1000000.0,1000000.0,1000000.0,1000000.0,1000000.0,1000000.0,1000000.0,1000000.0,1000000.0,1000000.0,1000000.0,1000000.0,1000000.0,1000000.0,1000000.0,1000000.0,1000000.0,1000000.0,1000000.0,1000000.0,1000000.0,1000000.0,1000000.0,1000000.0,1000000.0,1000000.0,1000000.0,1000000.0,1000000.0,1000000.0,1000000.0","EVLA_KA#A0C0#2,EVLA_KA#A0C0#3,EVLA_KA#A0C0#4,EVLA_KA#A0C0#5,EVLA_KA#A0C0#6,EVLA_KA#A0C0#7,EVLA_KA#A0C0#8,EVLA_KA#A0C0#9,EVLA_KA#B1D1#10,EVLA_KA#B1D1#11,EVLA_KA#B1D1#12,EVLA_KA#B1D1#13,EVLA_KA#B1D1#14,EVLA_KA#B1D1#15,EVLA_KA#B1D1#16,EVLA_KA#B1D1#17,EVLA_KA#B1D1#18,EVLA_KA#B1D1#19,EVLA_KA#B1D1#20,EVLA_KA#B1D1#21,EVLA_KA#B1D1#22,EVLA_KA#B1D1#23,EVLA_KA#B1D1#24,EVLA_KA#B1D1#25,EVLA_KA#B2D2#26,EVLA_KA#B2D2#27,EVLA_KA#B2D2#28,EVLA_KA#B2D2#29,EVLA_KA#B2D2#30,EVLA_KA#B2D2#31,EVLA_KA#B2D2#32,EVLA_KA#B2D2#33,EVLA_KA#B2D2#34,EVLA_KA#B2D2#35,EVLA_KA#B2D2#36,EVLA_KA#B2D2#37,EVLA_KA#B2D2#38,EVLA_KA#B2D2#39,EVLA_KA#B2D2#40,EVLA_KA#B2D2#41",29.9,3C48
https://data.nrao.edu/portal/#/productViewer/18A-040.sb37268670.eb37534292.58806.449935937504,"128000000.0,128000000.0,128000000.0,128000000.0,128000000.0,128000000.0,128000000.0,128000000.0,128000000.0,128000000.0,128000000.0,128000000.0,128000000.0,128000000.0,128000000.0,128000000.0,128000000.0,128000000.0,128000000.0,128000000.0,128000000.0,128000000.0,128000000.0,128000000.0,128000000.0,128000000.0,128000000.0,128000000.0,128000000.0,128000000.0,128000000.0,128000000.0,128000000.0,128000000.0,128000000.0,128000000.0,128000000.0,128000000.0,128000000.0,128000000.0,128000000.0,128000000.0,128000000.0,128000000.0,128000000.0,128000000.0,128000000.0,128000000.0,128000000.0,128000000.0,128000000.0,128000000.0,128000000.0,128000000.0,128000000.0,128000000.0,128000000.0,128000000.0,128000000.0,128000000.0,128000000.0,128000000.0,128000000.0,128000000.0","35041000000.0,35169000000.0,35297000000.0,35425000000.0,35553000000.0,35681000000.0,35809000000.0,35937000000.0,36065000000.0,36193000000.0,36321000000.0,36449000000.0,36577000000.0,36705000000.0,36833000000.0,36961000000.0,37041000000.0,37169000000.0,37297000000.0,37425000000.0,37553000000.0,37681000000.0,37809000000.0,37937000000.0,38065000000.0,38193000000.0,38321000000.0,38449000000.0,38577000000.0,38705000000.0,38833000000.0,38961000000.0,31041000000.0,31169000000.0,31297000000.0,31425000000.0,31553000000.0,31681000000.0,31809000000.0,31937000000.0,32065000000.0,32193000000.0,32321000000.0,32449000000.0,32577000000.0,32705000000.0,32833000000.0,32961000000.0,33041000000.0,33169000000.0,33297000000.0,33425000000.0,33553000000.0,33681000000.0,33809000000.0,33937000000.0,34065000000.0,34193000000.0,34321000000.0,34449000000.0,34577000000.0,34705000000.0,34833000000.0,34961000000.0",D,3.8896E10,3.0976E10,EVLA,"64,64,64,64,64,64,64,64,64,64,64,64,64,64,64,64,64,64,64,64,64,64,64,64,64,64,64,64,64,64,64,64,64,64,64,64,64,64,64,64,64,64,64,64,64,64,64,64,64,64,64,64,64,64,64,64,64,64,64,64,64,64,64,64",18A-040.sb37268670.eb37534292.58806.449935937504,"RR, RL, LR, LL",18A-040,PUBLIC,6.1713677162588425,160.32151043149372,"2000000.0,2000000.0,2000000.0,2000000.0,2000000.0,2000000.0,2000000.0,2000000.0,2000000.0,2000000.0,2000000.0,2000000.0,2000000.0,2000000.0,2000000.0,2000000.0,2000000.0,2000000.0,2000000.0,2000000.0,2000000.0,2000000.0,2000000.0,2000000.0,2000000.0,2000000.0,2000000.0,2000000.0,2000000.0,2000000.0,2000000.0,2000000.0,2000000.0,2000000.0,2000000.0,2000000.0,2000000.0,2000000.0,2000000.0,2000000.0,2000000.0,2000000.0,2000000.0,2000000.0,2000000.0,2000000.0,2000000.0,2000000.0,2000000.0,2000000.0,2000000.0,2000000.0,2000000.0,2000000.0,2000000.0,2000000.0,2000000.0,2000000.0,2000000.0,2000000.0,2000000.0,2000000.0,2000000.0,2000000.0","EVLA_KA#A1C1#2,EVLA_KA#A1C1#3,EVLA_KA#A1C1#4,EVLA_KA#A1C1#5,EVLA_KA#A1C1#6,EVLA_KA#A1C1#7,EVLA_KA#A1C1#8,EVLA_KA#A1C1#9,EVLA_KA#A1C1#10,EVLA_KA#A1C1#11,EVLA_KA#A1C1#12,EVLA_KA#A1C1#13,EVLA_KA#A1C1#14,EVLA_KA#A1C1#15,EVLA_KA#A1C1#16,EVLA_KA#A1C1#17,EVLA_KA#A2C2#18,EVLA_KA#A2C2#19,EVLA_KA#A2C2#20,EVLA_KA#A2C2#21,EVLA_KA#A2C2#22,EVLA_KA#A2C2#23,EVLA_KA#A2C2#24,EVLA_KA#A2C2#25,EVLA_KA#A2C2#26,EVLA_KA#A2C2#27,EVLA_KA#A2C2#28,EVLA_KA#A2C2#29,EVLA_KA#A2C2#30,EVLA_KA#A2C2#31,EVLA_KA#A2C2#32,EVLA_KA#A2C2#33,EVLA_KA#B1D1#34,EVLA_KA#B1D1#35,EVLA_KA#B1D1#36,EVLA_KA#B1D1#37,EVLA_KA#B1D1#38,EVLA_KA#B1D1#39,EVLA_KA#B1D1#40,EVLA_KA#B1D1#41,EVLA_KA#B1D1#42,EVLA_KA#B1D1#43,EVLA_KA#B1D1#44,EVLA_KA#B1D1#45,EVLA_KA#B1D1#46,EVLA_KA#B1D1#47,EVLA_KA#B1D1#48,EVLA_KA#B1D1#49,EVLA_KA#B2D2#50,EVLA_KA#B2D2#51,EVLA_KA#B2D2#52,EVLA_KA#B2D2#53,EVLA_KA#B2D2#54,EVLA_KA#B2D2#55,EVLA_KA#B2D2#56,EVLA_KA#B2D2#57,EVLA_KA#B2D2#58,EVLA_KA#B2D2#59,EVLA_KA#B2D2#60,EVLA_KA#B2D2#61,EVLA_KA#B2D2#62,EVLA_KA#B2D2#63,EVLA_KA#B2D2#64,EVLA_KA#B2D2#65",299.15,J1041+0610
https://data.nrao.edu/portal/#/productViewer/18A-040.sb37268670.eb37534292.58806.449935937504,"128000000.0,128000000.0,128000000.0,128000000.0,128000000.0,128000000.0,128000000.0,128000000.0,128000000.0,128000000.0,128000000.0,128000000.0,128000000.0,128000000.0,128000000.0,128000000.0,128000000.0,128000000.0,128000000.0,128000000.0,128000000.0,128000000.0,128000000.0,128000000.0,128000000.0,128000000.0,128000000.0,128000000.0,128000000.0,128000000.0,128000000.0,128000000.0,128000000.0,128000000.0,128000000.0,128000000.0,128000000.0,128000000.0,128000000.0,128000000.0,128000000.0,128000000.0,128000000.0,128000000.0,128000000.0,128000000.0,128000000.0,128000000.0,128000000.0,128000000.0,128000000.0,128000000.0,128000000.0,128000000.0,128000000.0,128000000.0,128000000.0,128000000.0,128000000.0,128000000.0,128000000.0,128000000.0,128000000.0,128000000.0","35041000000.0,35169000000.0,35297000000.0,35425000000.0,35553000000.0,35681000000.0,35809000000.0,35937000000.0,36065000000.0,36193000000.0,36321000000.0,36449000000.0,36577000000.0,36705000000.0,36833000000.0,36961000000.0,37041000000.0,37169000000.0,37297000000.0,37425000000.0,37553000000.0,37681000000.0,37809000000.0,37937000000.0,38065000000.0,38193000000.0,38321000000.0,38449000000.0,38577000000.0,38705000000.0,38833000000.0,38961000000.0,31041000000.0,31169000000.0,31297000000.0,31425000000.0,31553000000.0,31681000000.0,31809000000.0,31937000000.0,32065000000.0,32193000000.0,32321000000.0,32449000000.0,32577000000.0,32705000000.0,32833000000.0,32961000000.0,33041000000.0,33169000000.0,33297000000.0,33425000000.0,33553000000.0,33681000000.0,33809000000.0,33937000000.0,34065000000.0,34193000000.0,34321000000.0,34449000000.0,34577000000.0,34705000000.0,34833000000.0,34961000000.0",D,3.8896E10,3.0976E10,EVLA,"64,64,64,64,64,64,64,64,64,64,64,64,64,64,64,64,64,64,64,64,64,64,64,64,64,64,64,64,64,64,64,64,64,64,64,64,64,64,64,64,64,64,64,64,64,64,64,64,64,64,64,64,64,64,64,64,64,64,64,64,64,64,64,64",18A-040.sb37268670.eb37534292.58806.449935937504,"RR, RL, LR, LL",18A-040,PUBLIC,2.577402776501803,150.07373749721063,"2000000.0,2000000.0,2000000.0,2000000.0,2000000.0,2000000.0,2000000.0,2000000.0,2000000.0,2000000.0,2000000.0,2000000.0,2000000.0,2000000.0,2000000.0,2000000.0,2000000.0,2000000.0,2000000.0,2000000.0,2000000.0,2000000.0,2000000.0,2000000.0,2000000.0,2000000.0,2000000.0,2000000.0,2000000.0,2000000.0,2000000.0,2000000.0,2000000.0,2000000.0,2000000.0,2000000.0,2000000.0,2000000.0,2000000.0,2000000.0,2000000.0,2000000.0,2000000.0,2000000.0,2000000.0,2000000.0,2000000.0,2000000.0,2000000.0,2000000.0,2000000.0,2000000.0,2000000.0,2000000.0,2000000.0,2000000.0,2000000.0,2000000.0,2000000.0,2000000.0,2000000.0,2000000.0,2000000.0,2000000.0","EVLA_KA#A1C1#2,EVLA_KA#A1C1#3,EVLA_KA#A1C1#4,EVLA_KA#A1C1#5,EVLA_KA#A1C1#6,EVLA_KA#A1C1#7,EVLA_KA#A1C1#8,EVLA_KA#A1C1#9,EVLA_KA#A1C1#10,EVLA_KA#A1C1#11,EVLA_KA#A1C1#12,EVLA_KA#A1C1#13,EVLA_KA#A1C1#14,EVLA_KA#A1C1#15,EVLA_KA#A1C1#16,EVLA_KA#A1C1#17,EVLA_KA#A2C2#18,EVLA_KA#A2C2#19,EVLA_KA#A2C2#20,EVLA_KA#A2C2#21,EVLA_KA#A2C2#22,EVLA_KA#A2C2#23,EVLA_KA#A2C2#24,EVLA_KA#A2C2#25,EVLA_KA#A2C2#26,EVLA_KA#A2C2#27,EVLA_KA#A2C2#28,EVLA_KA#A2C2#29,EVLA_KA#A2C2#30,EVLA_KA#A2C2#31,EVLA_KA#A2C2#32,EVLA_KA#A2C2#33,EVLA_KA#B1D1#34,EVLA_KA#B1D1#35,EVLA_KA#B1D1#36,EVLA_KA#B1D1#37,EVLA_KA#B1D1#38,EVLA_KA#B1D1#39,EVLA_KA#B1D1#40,EVLA_KA#B1D1#41,EVLA_KA#B1D1#42,EVLA_KA#B1D1#43,EVLA_KA#B1D1#44,EVLA_KA#B1D1#45,EVLA_KA#B1D1#46,EVLA_KA#B1D1#47,EVLA_KA#B1D1#48,EVLA_KA#B1D1#49,EVLA_KA#B2D2#50,EVLA_KA#B2D2#51,EVLA_KA#B2D2#52,EVLA_KA#B2D2#53,EVLA_KA#B2D2#54,EVLA_KA#B2D2#55,EVLA_KA#B2D2#56,EVLA_KA#B2D2#57,EVLA_KA#B2D2#58,EVLA_KA#B2D2#59,EVLA_KA#B2D2#60,EVLA_KA#B2D2#61,EVLA_KA#B2D2#62,EVLA_KA#B2D2#63,EVLA_KA#B2D2#64,EVLA_KA#B2D2#65",388.95,COS-DF1
https://data.nrao.edu/portal/#/productViewer/18A-040.sb37268670.eb37534292.58806.449935937504,"128000000.0,128000000.0,128000000.0,128000000.0,128000000.0,128000000.0,128000000.0,128000000.0,128000000.0,128000000.0,128000000.0,128000000.0,128000000.0,128000000.0,128000000.0,128000000.0,128000000.0,128000000.0,128000000.0,128000000.0,128000000.0,128000000.0,128000000.0,128000000.0,128000000.0,128000000.0,128000000.0,128000000.0,128000000.0,128000000.0,128000000.0,128000000.0,128000000.0,128000000.0,128000000.0,128000000.0,128000000.0,128000000.0,128000000.0,128000000.0,128000000.0,128000000.0,128000000.0,128000000.0,128000000.0,128000000.0,128000000.0,128000000.0,128000000.0,128000000.0,128000000.0,128000000.0,128000000.0,128000000.0,128000000.0,128000000.0,128000000.0,128000000.0,128000000.0,128000000.0,128000000.0,128000000.0,128000000.0,128000000.0","35041000000.0,35169000000.0,35297000000.0,35425000000.0,35553000000.0,35681000000.0,35809000000.0,35937000000.0,36065000000.0,36193000000.0,36321000000.0,36449000000.0,36577000000.0,36705000000.0,36833000000.0,36961000000.0,37041000000.0,37169000000.0,37297000000.0,37425000000.0,37553000000.0,37681000000.0,37809000000.0,37937000000.0,38065000000.0,38193000000.0,38321000000.0,38449000000.0,38577000000.0,38705000000.0,38833000000.0,38961000000.0,31041000000.0,31169000000.0,31297000000.0,31425000000.0,31553000000.0,31681000000.0,31809000000.0,31937000000.0,32065000000.0,32193000000.0,32321000000.0,32449000000.0,32577000000.0,32705000000.0,32833000000.0,32961000000.0,33041000000.0,33169000000.0,33297000000.0,33425000000.0,33553000000.0,33681000000.0,33809000000.0,33937000000.0,34065000000.0,34193000000.0,34321000000.0,34449000000.0,34577000000.0,34705000000.0,34833000000.0,34961000000.0",D,3.8896E10,3.0976E10,EVLA,"64,64,64,64,64,64,64,64,64,64,64,64,64,64,64,64,64,64,64,64,64,64,64,64,64,64,64,64,64,64,64,64,64,64,64,64,64,64,64,64,64,64,64,64,64,64,64,64,64,64,64,64,64,64,64,64,64,64,64,64,64,64,64,64",18A-040.sb37268670.eb37534292.58806.449935937504,"RR, RL, LR, LL",18A-040,PUBLIC,30.50915523770354,202.78453326533136,"2000000.0,2000000.0,2000000.0,2000000.0,2000000.0,2000000.0,2000000.0,2000000.0,2000000.0,2000000.0,2000000.0,2000000.0,2000000.0,2000000.0,2000000.0,2000000.0,2000000.0,2000000.0,2000000.0,2000000.0,2000000.0,2000000.0,2000000.0,2000000.0,2000000.0,2000000.0,2000000.0,2000000.0,2000000.0,2000000.0,2000000.0,2000000.0,2000000.0,2000000.0,2000000.0,2000000.0,2000000.0,2000000.0,2000000.0,2000000.0,2000000.0,2000000.0,2000000.0,2000000.0,2000000.0,2000000.0,2000000.0,2000000.0,2000000.0,2000000.0,2000000.0,2000000.0,2000000.0,2000000.0,2000000.0,2000000.0,2000000.0,2000000.0,2000000.0,2000000.0,2000000.0,2000000.0,2000000.0,2000000.0","EVLA_KA#A1C1#2,EVLA_KA#A1C1#3,EVLA_KA#A1C1#4,EVLA_KA#A1C1#5,EVLA_KA#A1C1#6,EVLA_KA#A1C1#7,EVLA_KA#A1C1#8,EVLA_KA#A1C1#9,EVLA_KA#A1C1#10,EVLA_KA#A1C1#11,EVLA_KA#A1C1#12,EVLA_KA#A1C1#13,EVLA_KA#A1C1#14,EVLA_KA#A1C1#15,EVLA_KA#A1C1#16,EVLA_KA#A1C1#17,EVLA_KA#A2C2#18,EVLA_KA#A2C2#19,EVLA_KA#A2C2#20,EVLA_KA#A2C2#21,EVLA_KA#A2C2#22,EVLA_KA#A2C2#23,EVLA_KA#A2C2#24,EVLA_KA#A2C2#25,EVLA_KA#A2C2#26,EVLA_KA#A2C2#27,EVLA_KA#A2C2#28,EVLA_KA#A2C2#29,EVLA_KA#A2C2#30,EVLA_KA#A2C2#31,EVLA_KA#A2C2#32,EVLA_KA#A2C2#33,EVLA_KA#B1D1#34,EVLA_KA#B1D1#35,EVLA_KA#B1D1#36,EVLA_KA#B1D1#37,EVLA_KA#B1D1#38,EVLA_KA#B1D1#39,EVLA_KA#B1D1#40,EVLA_KA#B1D1#41,EVLA_KA#B1D1#42,EVLA_KA#B1D1#43,EVLA_KA#B1D1#44,EVLA_KA#B1D1#45,EVLA_KA#B1D1#46,EVLA_KA#B1D1#47,EVLA_KA#B1D1#48,EVLA_KA#B1D1#49,EVLA_KA#B2D2#50,EVLA_KA#B2D2#51,EVLA_KA#B2D2#52,EVLA_KA#B2D2#53,EVLA_KA#B2D2#54,EVLA_KA#B2D2#55,EVLA_KA#B2D2#56,EVLA_KA#B2D2#57,EVLA_KA#B2D2#58,EVLA_KA#B2D2#59,EVLA_KA#B2D2#60,EVLA_KA#B2D2#61,EVLA_KA#B2D2#62,EVLA_KA#B2D2#63,EVLA_KA#B2D2#64,EVLA_KA#B2D2#65",29.9,J1331+3030
https://data.nrao.edu/portal/#/productViewer/18A-040.sb37269030.eb37565729.58818.39981236111,"128000000.0,128000000.0,128000000.0,128000000.0,128000000.0,128000000.0,128000000.0,128000000.0,128000000.0,128000000.0,128000000.0,128000000.0,128000000.0,128000000.0,128000000.0,128000000.0,128000000.0,128000000.0,128000000.0,128000000.0,128000000.0,128000000.0,128000000.0,128000000.0,128000000.0,128000000.0,128000000.0,128000000.0,128000000.0,128000000.0,128000000.0,128000000.0,128000000.0,128000000.0,128000000.0,128000000.0,128000000.0,128000000.0,128000000.0,128000000.0,128000000.0,128000000.0,128000000.0,128000000.0,128000000.0,128000000.0,128000000.0,128000000.0,128000000.0,128000000.0,128000000.0,128000000.0,128000000.0,128000000.0,128000000.0,128000000.0,128000000.0,128000000.0,128000000.0,128000000.0,128000000.0,128000000.0,128000000.0","35053000000.0,35181000000.0,35309000000.0,35437000000.0,35565000000.0,35693000000.0,35821000000.0,35949000000.0,36077000000.0,36205000000.0,36333000000.0,36461000000.0,36589000000.0,36717000000.0,36845000000.0,36973000000.0,37053000000.0,37181000000.0,37309000000.0,37437000000.0,37565000000.0,37693000000.0,37821000000.0,37949000000.0,38077000000.0,38205000000.0,38333000000.0,38461000000.0,38589000000.0,38717000000.0,38845000000.0,31053000000.0,31181000000.0,31309000000.0,31437000000.0,31565000000.0,31693000000.0,31821000000.0,31949000000.0,32077000000.0,32205000000.0,32333000000.0,32461000000.0,32589000000.0,32717000000.0,32845000000.0,32973000000.0,33053000000.0,33181000000.0,33309000000.0,33437000000.0,33565000000.0,33693000000.0,33821000000.0,33949000000.0,34077000000.0,34205000000.0,34333000000.0,34461000000.0,34589000000.0,34717000000.0,34845000000.0,34973000000.0",D,3.878E10,3.0988E10,EVLA,"64,64,64,64,64,64,64,64,64,64,64,64,64,64,64,64,64,64,64,64,64,64,64,64,64,64,64,64,64,64,64,64,64,64,64,64,64,64,64,64,64,64,64,64,64,64,64,64,64,64,64,64,64,64,64,64,64,64,64,64,64,64,64",18A-040.sb37269030.eb37565729.58818.39981236111,"RR, RL, LR, LL",18A-040,PUBLIC,6.1713677162588425,160.32151043149372,"2000000.0,2000000.0,2000000.0,2000000.0,2000000.0,2000000.0,2000000.0,2000000.0,2000000.0,2000000.0,2000000.0,2000000.0,2000000.0,2000000.0,2000000.0,2000000.0,2000000.0,2000000.0,2000000.0,2000000.0,2000000.0,2000000.0,2000000.0,2000000.0,2000000.0,2000000.0,2000000.0,2000000.0,2000000.0,2000000.0,2000000.0,2000000.0,2000000.0,2000000.0,2000000.0,2000000.0,2000000.0,2000000.0,2000000.0,2000000.0,2000000.0,2000000.0,2000000.0,2000000.0,2000000.0,2000000.0,2000000.0,2000000.0,2000000.0,2000000.0,2000000.0,2000000.0,2000000.0,2000000.0,2000000.0,2000000.0,2000000.0,2000000.0,2000000.0,2000000.0,2000000.0,2000000.0,2000000.0","EVLA_KA#A1C1#2,EVLA_KA#A1C1#3,EVLA_KA#A1C1#4,EVLA_KA#A1C1#5,EVLA_KA#A1C1#6,EVLA_KA#A1C1#7,EVLA_KA#A1C1#8,EVLA_KA#A1C1#9,EVLA_KA#A1C1#10,EVLA_KA#A1C1#11,EVLA_KA#A1C1#12,EVLA_KA#A1C1#13,EVLA_KA#A1C1#14,EVLA_KA#A1C1#15,EVLA_KA#A1C1#16,EVLA_KA#A1C1#17,EVLA_KA#A2C2#18,EVLA_KA#A2C2#19,EVLA_KA#A2C2#20,EVLA_KA#A2C2#21,EVLA_KA#A2C2#22,EVLA_KA#A2C2#23,EVLA_KA#A2C2#24,EVLA_KA#A2C2#25,EVLA_KA#A2C2#26,EVLA_KA#A2C2#27,EVLA_KA#A2C2#28,EVLA_KA#A2C2#29,EVLA_KA#A2C2#30,EVLA_KA#A2C2#31,EVLA_KA#A2C2#32,EVLA_KA#B1D1#33,EVLA_KA#B1D1#34,EVLA_KA#B1D1#35,EVLA_KA#B1D1#36,EVLA_KA#B1D1#37,EVLA_KA#B1D1#38,EVLA_KA#B1D1#39,EVLA_KA#B1D1#40,EVLA_KA#B1D1#41,EVLA_KA#B1D1#42,EVLA_KA#B1D1#43,EVLA_KA#B1D1#44,EVLA_KA#B1D1#45,EVLA_KA#B1D1#46,EVLA_KA#B1D1#47,EVLA_KA#B1D1#48,EVLA_KA#B2D2#49,EVLA_KA#B2D2#50,EVLA_KA#B2D2#51,EVLA_KA#B2D2#52,EVLA_KA#B2D2#53,EVLA_KA#B2D2#54,EVLA_KA#B2D2#55,EVLA_KA#B2D2#56,EVLA_KA#B2D2#57,EVLA_KA#B2D2#58,EVLA_KA#B2D2#59,EVLA_KA#B2D2#60,EVLA_KA#B2D2#61,EVLA_KA#B2D2#62,EVLA_KA#B2D2#63,EVLA_KA#B2D2#64",299.15,J1041+0610
https://data.nrao.edu/portal/#/productViewer/18A-040.sb37269030.eb37565729.58818.39981236111,"128000000.0,128000000.0,128000000.0,128000000.0,128000000.0,128000000.0,128000000.0,128000000.0,128000000.0,128000000.0,128000000.0,128000000.0,128000000.0,128000000.0,128000000.0,128000000.0,128000000.0,128000000.0,128000000.0,128000000.0,128000000.0,128000000.0,128000000.0,128000000.0,128000000.0,128000000.0,128000000.0,128000000.0,128000000.0,128000000.0,128000000.0,128000000.0,128000000.0,128000000.0,128000000.0,128000000.0,128000000.0,128000000.0,128000000.0,128000000.0,128000000.0,128000000.0,128000000.0,128000000.0,128000000.0,128000000.0,128000000.0,128000000.0,128000000.0,128000000.0,128000000.0,128000000.0,128000000.0,128000000.0,128000000.0,128000000.0,128000000.0,128000000.0,128000000.0,128000000.0,128000000.0,128000000.0,128000000.0","35053000000.0,35181000000.0,35309000000.0,35437000000.0,35565000000.0,35693000000.0,35821000000.0,35949000000.0,36077000000.0,36205000000.0,36333000000.0,36461000000.0,36589000000.0,36717000000.0,36845000000.0,36973000000.0,37053000000.0,37181000000.0,37309000000.0,37437000000.0,37565000000.0,37693000000.0,37821000000.0,37949000000.0,38077000000.0,38205000000.0,38333000000.0,38461000000.0,38589000000.0,38717000000.0,38845000000.0,31053000000.0,31181000000.0,31309000000.0,31437000000.0,31565000000.0,31693000000.0,31821000000.0,31949000000.0,32077000000.0,32205000000.0,32333000000.0,32461000000.0,32589000000.0,32717000000.0,32845000000.0,32973000000.0,33053000000.0,33181000000.0,33309000000.0,33437000000.0,33565000000.0,33693000000.0,33821000000.0,33949000000.0,34077000000.0,34205000000.0,34333000000.0,34461000000.0,34589000000.0,34717000000.0,34845000000.0,34973000000.0",D,3.878E10,3.0988E10,EVLA,"64,64,64,64,64,64,64,64,64,64,64,64,64,64,64,64,64,64,64,64,64,64,64,64,64,64,64,64,64,64,64,64,64,64,64,64,64,64,64,64,64,64,64,64,64,64,64,64,64,64,64,64,64,64,64,64,64,64,64,64,64,64,64",18A-040.sb37269030.eb37565729.58818.39981236111,"RR, RL, LR, LL",18A-040,PUBLIC,2.577402776501803,150.07373749721063,"2000000.0,2000000.0,2000000.0,2000000.0,2000000.0,2000000.0,2000000.0,2000000.0,2000000.0,2000000.0,2000000.0,2000000.0,2000000.0,2000000.0,2000000.0,2000000.0,2000000.0,2000000.0,2000000.0,2000000.0,2000000.0,2000000.0,2000000.0,2000000.0,2000000.0,2000000.0,2000000.0,2000000.0,2000000.0,2000000.0,2000000.0,2000000.0,2000000.0,2000000.0,2000000.0,2000000.0,2000000.0,2000000.0,2000000.0,2000000.0,2000000.0,2000000.0,2000000.0,2000000.0,2000000.0,2000000.0,2000000.0,2000000.0,2000000.0,2000000.0,2000000.0,2000000.0,2000000.0,2000000.0,2000000.0,2000000.0,2000000.0,2000000.0,2000000.0,2000000.0,2000000.0,2000000.0,2000000.0","EVLA_KA#A1C1#2,EVLA_KA#A1C1#3,EVLA_KA#A1C1#4,EVLA_KA#A1C1#5,EVLA_KA#A1C1#6,EVLA_KA#A1C1#7,EVLA_KA#A1C1#8,EVLA_KA#A1C1#9,EVLA_KA#A1C1#10,EVLA_KA#A1C1#11,EVLA_KA#A1C1#12,EVLA_KA#A1C1#13,EVLA_KA#A1C1#14,EVLA_KA#A1C1#15,EVLA_KA#A1C1#16,EVLA_KA#A1C1#17,EVLA_KA#A2C2#18,EVLA_KA#A2C2#19,EVLA_KA#A2C2#20,EVLA_KA#A2C2#21,EVLA_KA#A2C2#22,EVLA_KA#A2C2#23,EVLA_KA#A2C2#24,EVLA_KA#A2C2#25,EVLA_KA#A2C2#26,EVLA_KA#A2C2#27,EVLA_KA#A2C2#28,EVLA_KA#A2C2#29,EVLA_KA#A2C2#30,EVLA_KA#A2C2#31,EVLA_KA#A2C2#32,EVLA_KA#B1D1#33,EVLA_KA#B1D1#34,EVLA_KA#B1D1#35,EVLA_KA#B1D1#36,EVLA_KA#B1D1#37,EVLA_KA#B1D1#38,EVLA_KA#B1D1#39,EVLA_KA#B1D1#40,EVLA_KA#B1D1#41,EVLA_KA#B1D1#42,EVLA_KA#B1D1#43,EVLA_KA#B1D1#44,EVLA_KA#B1D1#45,EVLA_KA#B1D1#46,EVLA_KA#B1D1#47,EVLA_KA#B1D1#48,EVLA_KA#B2D2#49,EVLA_KA#B2D2#50,EVLA_KA#B2D2#51,EVLA_KA#B2D2#52,EVLA_KA#B2D2#53,EVLA_KA#B2D2#54,EVLA_KA#B2D2#55,EVLA_KA#B2D2#56,EVLA_KA#B2D2#57,EVLA_KA#B2D2#58,EVLA_KA#B2D2#59,EVLA_KA#B2D2#60,EVLA_KA#B2D2#61,EVLA_KA#B2D2#62,EVLA_KA#B2D2#63,EVLA_KA#B2D2#64",388.95,COS-DF1
https://data.nrao.edu/portal/#/productViewer/18B-179.sb36806663.eb36810606.58660.49977565972,,,B,3.6896E10,2.8976E10,EVLA,,18B-179.sb36806663.eb36810606.58660.49977565972,"RR, RL, LR, LL",18B-179,PUBLIC,41.51169529027947,49.95066709068327,,,59.85,J0319+4130
https://data.nrao.edu/portal/#/productViewer/18B-179.sb36806663.eb36810606.58660.49977565972,,,B,3.6896E10,2.8976E10,EVLA,,18B-179.sb36806663.eb36810606.58660.49977565972,"RR, RL, LR, LL",18B-179,PUBLIC,27.41051694706566,67.47067958406198,,,29.95,J0429+2724
https://data.nrao.edu/portal/#/productViewer/18B-179.sb36806663.eb36810606.58660.49977565972,,,B,3.6896E10,2.8976E10,EVLA,,18B-179.sb36806663.eb36810606.58660.49977565972,"RR, RL, LR, LL",18B-179,PUBLIC,26.818697220890947,67.27079166629441,,,93.75,04260+2642
https://data.nrao.edu/portal/#/productViewer/18B-179.sb36806663.eb36810606.58660.49977565972,,,B,3.6896E10,2.8976E10,EVLA,,18B-179.sb36806663.eb36810606.58660.49977565972,"RR, RL, LR, LL",18B-179,PUBLIC,26.091666668604,66.76083333093564,,,97.75,DG_Tau_B
https://data.nrao.edu/portal/#/productViewer/18B-179.sb36806663.eb36810606.58660.49977565972,,,B,3.6896E10,2.8976E10,EVLA,,18B-179.sb36806663.eb36810606.58660.49977565972,"RR, RL, LR, LL",18B-179,PUBLIC,25.776944446781187,70.30208333458829,,,100.75,04381+2540_AB
https://data.nrao.edu/portal/#/productViewer/18B-179.sb36806663.eb36810606.58660.49977565972,,,B,3.6896E10,2.8976E10,EVLA,,18B-179.sb36806663.eb36810606.58660.49977565972,"RR, RL, LR, LL",18B-179,PUBLIC,49.85200932178193,85.65057465185124,,,29.95,0542+498=3C147
https://data.nrao.edu/portal/#/productViewer/18B-275.sb35867465.eb36140844.58503.58435961806,"128000000.0,128000000.0,128000000.0,128000000.0,128000000.0,128000000.0,128000000.0,128000000.0,128000000.0,128000000.0,128000000.0,128000000.0,128000000.0,128000000.0,128000000.0,128000000.0,128000000.0,128000000.0,128000000.0,128000000.0,128000000.0,128000000.0,128000000.0,128000000.0,128000000.0,128000000.0,128000000.0,128000000.0,128000000.0,128000000.0,128000000.0,128000000.0,128000000.0,128000000.0,128000000.0,128000000.0,128000000.0,128000000.0,128000000.0,128000000.0","35041000000.0,35169000000.0,35297000000.0,35425000000.0,35553000000.0,35681000000.0,35809000000.0,35937000000.0,36065000000.0,36193000000.0,36321000000.0,36449000000.0,36577000000.0,36705000000.0,36833000000.0,36961000000.0,33041000000.0,33169000000.0,33297000000.0,33425000000.0,33553000000.0,33681000000.0,33809000000.0,33937000000.0,34065000000.0,34193000000.0,34321000000.0,34449000000.0,34577000000.0,34705000000.0,34833000000.0,34961000000.0,26673000000.0,26801000000.0,26929000000.0,27057000000.0,27185000000.0,27313000000.0,27441000000.0,27569000000.0",C,3.6896E10,2.6608E10,EVLA,"64,64,64,64,64,64,64,64,64,64,64,64,64,64,64,64,64,64,64,64,64,64,64,64,64,64,64,64,64,64,64,64,64,64,64,64,64,64,64,64",18B-275.sb35867465.eb36140844.58503.58435961806,"RR, RL, LR, LL",18B-275,PUBLIC,30.50915523770354,202.78453326533136,"2000000.0,2000000.0,2000000.0,2000000.0,2000000.0,2000000.0,2000000.0,2000000.0,2000000.0,2000000.0,2000000.0,2000000.0,2000000.0,2000000.0,2000000.0,2000000.0,2000000.0,2000000.0,2000000.0,2000000.0,2000000.0,2000000.0,2000000.0,2000000.0,2000000.0,2000000.0,2000000.0,2000000.0,2000000.0,2000000.0,2000000.0,2000000.0,2000000.0,2000000.0,2000000.0,2000000.0,2000000.0,2000000.0,2000000.0,2000000.0","EVLA_KA#A1C1#2,EVLA_KA#A1C1#3,EVLA_KA#A1C1#4,EVLA_KA#A1C1#5,EVLA_KA#A1C1#6,EVLA_KA#A1C1#7,EVLA_KA#A1C1#8,EVLA_KA#A1C1#9,EVLA_KA#A1C1#10,EVLA_KA#A1C1#11,EVLA_KA#A1C1#12,EVLA_KA#A1C1#13,EVLA_KA#A1C1#14,EVLA_KA#A1C1#15,EVLA_KA#A1C1#16,EVLA_KA#A1C1#17,EVLA_KA#A2C2#18,EVLA_KA#A2C2#19,EVLA_KA#A2C2#20,EVLA_KA#A2C2#21,EVLA_KA#A2C2#22,EVLA_KA#A2C2#23,EVLA_KA#A2C2#24,EVLA_KA#A2C2#25,EVLA_KA#A2C2#26,EVLA_KA#A2C2#27,EVLA_KA#A2C2#28,EVLA_KA#A2C2#29,EVLA_KA#A2C2#30,EVLA_KA#A2C2#31,EVLA_KA#A2C2#32,EVLA_KA#A2C2#33,EVLA_KA#B0D0#34,EVLA_KA#B0D0#35,EVLA_KA#B0D0#36,EVLA_KA#B0D0#37,EVLA_KA#B0D0#38,EVLA_KA#B0D0#39,EVLA_KA#B0D0#40,EVLA_KA#B0D0#41",59.85,1331+305=3C286
https://data.nrao.edu/portal/#/productViewer/18B-275.sb35867465.eb36140844.58503.58435961806,"128000000.0,128000000.0,128000000.0,128000000.0,128000000.0,128000000.0,128000000.0,128000000.0,128000000.0,128000000.0,128000000.0,128000000.0,128000000.0,128000000.0,128000000.0,128000000.0,128000000.0,128000000.0,128000000.0,128000000.0,128000000.0,128000000.0,128000000.0,128000000.0,128000000.0,128000000.0,128000000.0,128000000.0,128000000.0,128000000.0,128000000.0,128000000.0,128000000.0,128000000.0,128000000.0,128000000.0,128000000.0,128000000.0,128000000.0,128000000.0","35041000000.0,35169000000.0,35297000000.0,35425000000.0,35553000000.0,35681000000.0,35809000000.0,35937000000.0,36065000000.0,36193000000.0,36321000000.0,36449000000.0,36577000000.0,36705000000.0,36833000000.0,36961000000.0,33041000000.0,33169000000.0,33297000000.0,33425000000.0,33553000000.0,33681000000.0,33809000000.0,33937000000.0,34065000000.0,34193000000.0,34321000000.0,34449000000.0,34577000000.0,34705000000.0,34833000000.0,34961000000.0,26673000000.0,26801000000.0,26929000000.0,27057000000.0,27185000000.0,27313000000.0,27441000000.0,27569000000.0",C,3.6896E10,2.6608E10,EVLA,"64,64,64,64,64,64,64,64,64,64,64,64,64,64,64,64,64,64,64,64,64,64,64,64,64,64,64,64,64,64,64,64,64,64,64,64,64,64,64,64",18B-275.sb35867465.eb36140844.58503.58435961806,"RR, RL, LR, LL",18B-275,PUBLIC,45.71061981505092,203.84150932752252,"2000000.0,2000000.0,2000000.0,2000000.0,2000000.0,2000000.0,2000000.0,2000000.0,2000000.0,2000000.0,2000000.0,2000000.0,2000000.0,2000000.0,2000000.0,2000000.0,2000000.0,2000000.0,2000000.0,2000000.0,2000000.0,2000000.0,2000000.0,2000000.0,2000000.0,2000000.0,2000000.0,2000000.0,2000000.0,2000000.0,2000000.0,2000000.0,2000000.0,2000000.0,2000000.0,2000000.0,2000000.0,2000000.0,2000000.0,2000000.0","EVLA_KA#A1C1#2,EVLA_KA#A1C1#3,EVLA_KA#A1C1#4,EVLA_KA#A1C1#5,EVLA_KA#A1C1#6,EVLA_KA#A1C1#7,EVLA_KA#A1C1#8,EVLA_KA#A1C1#9,EVLA_KA#A1C1#10,EVLA_KA#A1C1#11,EVLA_KA#A1C1#12,EVLA_KA#A1C1#13,EVLA_KA#A1C1#14,EVLA_KA#A1C1#15,EVLA_KA#A1C1#16,EVLA_KA#A1C1#17,EVLA_KA#A2C2#18,EVLA_KA#A2C2#19,EVLA_KA#A2C2#20,EVLA_KA#A2C2#21,EVLA_KA#A2C2#22,EVLA_KA#A2C2#23,EVLA_KA#A2C2#24,EVLA_KA#A2C2#25,EVLA_KA#A2C2#26,EVLA_KA#A2C2#27,EVLA_KA#A2C2#28,EVLA_KA#A2C2#29,EVLA_KA#A2C2#30,EVLA_KA#A2C2#31,EVLA_KA#A2C2#32,EVLA_KA#A2C2#33,EVLA_KA#B0D0#34,EVLA_KA#B0D0#35,EVLA_KA#B0D0#36,EVLA_KA#B0D0#37,EVLA_KA#B0D0#38,EVLA_KA#B0D0#39,EVLA_KA#B0D0#40,EVLA_KA#B0D0#41",29.9,J1335+4542
https://data.nrao.edu/portal/#/productViewer/18B-275.sb35867465.eb36140844.58503.58435961806,"128000000.0,128000000.0,128000000.0,128000000.0,128000000.0,128000000.0,128000000.0,128000000.0,128000000.0,128000000.0,128000000.0,128000000.0,128000000.0,128000000.0,128000000.0,128000000.0,128000000.0,128000000.0,128000000.0,128000000.0,128000000.0,128000000.0,128000000.0,128000000.0,128000000.0,128000000.0,128000000.0,128000000.0,128000000.0,128000000.0,128000000.0,128000000.0,128000000.0,128000000.0,128000000.0,128000000.0,128000000.0,128000000.0,128000000.0,128000000.0","35041000000.0,35169000000.0,35297000000.0,35425000000.0,35553000000.0,35681000000.0,35809000000.0,35937000000.0,36065000000.0,36193000000.0,36321000000.0,36449000000.0,36577000000.0,36705000000.0,36833000000.0,36961000000.0,33041000000.0,33169000000.0,33297000000.0,33425000000.0,33553000000.0,33681000000.0,33809000000.0,33937000000.0,34065000000.0,34193000000.0,34321000000.0,34449000000.0,34577000000.0,34705000000.0,34833000000.0,34961000000.0,26673000000.0,26801000000.0,26929000000.0,27057000000.0,27185000000.0,27313000000.0,27441000000.0,27569000000.0",C,3.6896E10,2.6608E10,EVLA,"64,64,64,64,64,64,64,64,64,64,64,64,64,64,64,64,64,64,64,64,64,64,64,64,64,64,64,64,64,64,64,64,64,64,64,64,64,64,64,64",18B-275.sb35867465.eb36140844.58503.58435961806,"RR, RL, LR, LL",18B-275,PUBLIC,50.15733527640687,202.27416833047326,"2000000.0,2000000.0,2000000.0,2000000.0,2000000.0,2000000.0,2000000.0,2000000.0,2000000.0,2000000.0,2000000.0,2000000.0,2000000.0,2000000.0,2000000.0,2000000.0,2000000.0,2000000.0,2000000.0,2000000.0,2000000.0,2000000.0,2000000.0,2000000.0,2000000.0,2000000.0,2000000.0,2000000.0,2000000.0,2000000.0,2000000.0,2000000.0,2000000.0,2000000.0,2000000.0,2000000.0,2000000.0,2000000.0,2000000.0,2000000.0","EVLA_KA#A1C1#2,EVLA_KA#A1C1#3,EVLA_KA#A1C1#4,EVLA_KA#A1C1#5,EVLA_KA#A1C1#6,EVLA_KA#A1C1#7,EVLA_KA#A1C1#8,EVLA_KA#A1C1#9,EVLA_KA#A1C1#10,EVLA_KA#A1C1#11,EVLA_KA#A1C1#12,EVLA_KA#A1C1#13,EVLA_KA#A1C1#14,EVLA_KA#A1C1#15,EVLA_KA#A1C1#16,EVLA_KA#A1C1#17,EVLA_KA#A2C2#18,EVLA_KA#A2C2#19,EVLA_KA#A2C2#20,EVLA_KA#A2C2#21,EVLA_KA#A2C2#22,EVLA_KA#A2C2#23,EVLA_KA#A2C2#24,EVLA_KA#A2C2#25,EVLA_KA#A2C2#26,EVLA_KA#A2C2#27,EVLA_KA#A2C2#28,EVLA_KA#A2C2#29,EVLA_KA#A2C2#30,EVLA_KA#A2C2#31,EVLA_KA#A2C2#32,EVLA_KA#A2C2#33,EVLA_KA#B0D0#34,EVLA_KA#B0D0#35,EVLA_KA#B0D0#36,EVLA_KA#B0D0#37,EVLA_KA#B0D0#38,EVLA_KA#B0D0#39,EVLA_KA#B0D0#40,EVLA_KA#B0D0#41",59.85,J1329+5009
https://data.nrao.edu/portal/#/productViewer/18B-275.sb35867465.eb36140844.58503.58435961806,"128000000.0,128000000.0,128000000.0,128000000.0,128000000.0,128000000.0,128000000.0,128000000.0,128000000.0,128000000.0,128000000.0,128000000.0,128000000.0,128000000.0,128000000.0,128000000.0,128000000.0,128000000.0,128000000.0,128000000.0,128000000.0,128000000.0,128000000.0,128000000.0,128000000.0,128000000.0,128000000.0,128000000.0,128000000.0,128000000.0,128000000.0,128000000.0,128000000.0,128000000.0,128000000.0,128000000.0,128000000.0,128000000.0,128000000.0,128000000.0","35041000000.0,35169000000.0,35297000000.0,35425000000.0,35553000000.0,35681000000.0,35809000000.0,35937000000.0,36065000000.0,36193000000.0,36321000000.0,36449000000.0,36577000000.0,36705000000.0,36833000000.0,36961000000.0,33041000000.0,33169000000.0,33297000000.0,33425000000.0,33553000000.0,33681000000.0,33809000000.0,33937000000.0,34065000000.0,34193000000.0,34321000000.0,34449000000.0,34577000000.0,34705000000.0,34833000000.0,34961000000.0,26673000000.0,26801000000.0,26929000000.0,27057000000.0,27185000000.0,27313000000.0,27441000000.0,27569000000.0",C,3.6896E10,2.6608E10,EVLA,"64,64,64,64,64,64,64,64,64,64,64,64,64,64,64,64,64,64,64,64,64,64,64,64,64,64,64,64,64,64,64,64,64,64,64,64,64,64,64,64",18B-275.sb35867465.eb36140844.58503.58435961806,"RR, RL, LR, LL",18B-275,PUBLIC,49.2204444472802,204.1455833349876,"2000000.0,2000000.0,2000000.0,2000000.0,2000000.0,2000000.0,2000000.0,2000000.0,2000000.0,2000000.0,2000000.0,2000000.0,2000000.0,2000000.0,2000000.0,2000000.0,2000000.0,2000000.0,2000000.0,2000000.0,2000000.0,2000000.0,2000000.0,2000000.0,2000000.0,2000000.0,2000000.0,2000000.0,2000000.0,2000000.0,2000000.0,2000000.0,2000000.0,2000000.0,2000000.0,2000000.0,2000000.0,2000000.0,2000000.0,2000000.0","EVLA_KA#A1C1#2,EVLA_KA#A1C1#3,EVLA_KA#A1C1#4,EVLA_KA#A1C1#5,EVLA_KA#A1C1#6,EVLA_KA#A1C1#7,EVLA_KA#A1C1#8,EVLA_KA#A1C1#9,EVLA_KA#A1C1#10,EVLA_KA#A1C1#11,EVLA_KA#A1C1#12,EVLA_KA#A1C1#13,EVLA_KA#A1C1#14,EVLA_KA#A1C1#15,EVLA_KA#A1C1#16,EVLA_KA#A1C1#17,EVLA_KA#A2C2#18,EVLA_KA#A2C2#19,EVLA_KA#A2C2#20,EVLA_KA#A2C2#21,EVLA_KA#A2C2#22,EVLA_KA#A2C2#23,EVLA_KA#A2C2#24,EVLA_KA#A2C2#25,EVLA_KA#A2C2#26,EVLA_KA#A2C2#27,EVLA_KA#A2C2#28,EVLA_KA#A2C2#29,EVLA_KA#A2C2#30,EVLA_KA#A2C2#31,EVLA_KA#A2C2#32,EVLA_KA#A2C2#33,EVLA_KA#B0D0#34,EVLA_KA#B0D0#35,EVLA_KA#B0D0#36,EVLA_KA#B0D0#37,EVLA_KA#B0D0#38,EVLA_KA#B0D0#39,EVLA_KA#B0D0#40,EVLA_KA#B0D0#41",159.55,J1336
https://data.nrao.edu/portal/#/productViewer/18B-143.sb35676534.eb35940076.58448.6027658449,"128000000.0,128000000.0,128000000.0,128000000.0,128000000.0,128000000.0,128000000.0,128000000.0,128000000.0,128000000.0,128000000.0,128000000.0,128000000.0,128000000.0,128000000.0,128000000.0,128000000.0,128000000.0,128000000.0,128000000.0,128000000.0,128000000.0,128000000.0,128000000.0,128000000.0,128000000.0,128000000.0,128000000.0,128000000.0,128000000.0,128000000.0,128000000.0,128000000.0,128000000.0,128000000.0,128000000.0,128000000.0,128000000.0,128000000.0,128000000.0,128000000.0,128000000.0,128000000.0,128000000.0,128000000.0,128000000.0,128000000.0,128000000.0,128000000.0,128000000.0,128000000.0,128000000.0,128000000.0,128000000.0,128000000.0,128000000.0,128000000.0,128000000.0,128000000.0,128000000.0,128000000.0,128000000.0,128000000.0","33040500000.0,33168500000.0,33296500000.0,33424500000.0,33552500000.0,33680500000.0,33808500000.0,33936500000.0,34064500000.0,34192500000.0,34320500000.0,34448500000.0,34576500000.0,34704500000.0,34832500000.0,34960500000.0,35040500000.0,35168500000.0,35296500000.0,35424500000.0,35552500000.0,35680500000.0,35808500000.0,35936500000.0,36064500000.0,36192500000.0,36320500000.0,36448500000.0,36576500000.0,36704500000.0,36832500000.0,36960500000.0,29168500000.0,29296500000.0,29424500000.0,29552500000.0,29680500000.0,29808500000.0,29936500000.0,30064500000.0,30192500000.0,30320500000.0,30448500000.0,30576500000.0,30704500000.0,30832500000.0,30960500000.0,31040500000.0,31168500000.0,31296500000.0,31424500000.0,31552500000.0,31680500000.0,31808500000.0,31936500000.0,32064500000.0,32192500000.0,32320500000.0,32448500000.0,32576500000.0,32704500000.0,32832500000.0,32960500000.0",C,3.6896E10,2.9104E10,EVLA,"128,128,128,128,128,128,128,128,128,128,128,128,128,128,128,128,128,128,128,128,128,128,128,128,128,128,128,128,128,128,128,128,128,128,128,128,128,128,128,128,128,128,128,128,128,128,128,128,128,128,128,128,128,128,128,128,128,128,128,128,128,128,128",18B-143.sb35676534.eb35940076.58448.6027658449,"RR, LL",18B-143,PUBLIC,30.50915523770354,202.78453326533136,"1000000.0,1000000.0,1000000.0,1000000.0,1000000.0,1000000.0,1000000.0,1000000.0,1000000.0,1000000.0,1000000.0,1000000.0,1000000.0,1000000.0,1000000.0,1000000.0,1000000.0,1000000.0,1000000.0,1000000.0,1000000.0,1000000.0,1000000.0,1000000.0,1000000.0,1000000.0,1000000.0,1000000.0,1000000.0,1000000.0,1000000.0,1000000.0,1000000.0,1000000.0,1000000.0,1000000.0,1000000.0,1000000.0,1000000.0,1000000.0,1000000.0,1000000.0,1000000.0,1000000.0,1000000.0,1000000.0,1000000.0,1000000.0,1000000.0,1000000.0,1000000.0,1000000.0,1000000.0,1000000.0,1000000.0,1000000.0,1000000.0,1000000.0,1000000.0,1000000.0,1000000.0,1000000.0,1000000.0","EVLA_KA#A1C1#2,EVLA_KA#A1C1#3,EVLA_KA#A1C1#4,EVLA_KA#A1C1#5,EVLA_KA#A1C1#6,EVLA_KA#A1C1#7,EVLA_KA#A1C1#8,EVLA_KA#A1C1#9,EVLA_KA#A1C1#10,EVLA_KA#A1C1#11,EVLA_KA#A1C1#12,EVLA_KA#A1C1#13,EVLA_KA#A1C1#14,EVLA_KA#A1C1#15,EVLA_KA#A1C1#16,EVLA_KA#A1C1#17,EVLA_KA#A2C2#18,EVLA_KA#A2C2#19,EVLA_KA#A2C2#20,EVLA_KA#A2C2#21,EVLA_KA#A2C2#22,EVLA_KA#A2C2#23,EVLA_KA#A2C2#24,EVLA_KA#A2C2#25,EVLA_KA#A2C2#26,EVLA_KA#A2C2#27,EVLA_KA#A2C2#28,EVLA_KA#A2C2#29,EVLA_KA#A2C2#30,EVLA_KA#A2C2#31,EVLA_KA#A2C2#32,EVLA_KA#A2C2#33,EVLA_KA#B1D1#34,EVLA_KA#B1D1#35,EVLA_KA#B1D1#36,EVLA_KA#B1D1#37,EVLA_KA#B1D1#38,EVLA_KA#B1D1#39,EVLA_KA#B1D1#40,EVLA_KA#B1D1#41,EVLA_KA#B1D1#42,EVLA_KA#B1D1#43,EVLA_KA#B1D1#44,EVLA_KA#B1D1#45,EVLA_KA#B1D1#46,EVLA_KA#B1D1#47,EVLA_KA#B1D1#48,EVLA_KA#B2D2#49,EVLA_KA#B2D2#50,EVLA_KA#B2D2#51,EVLA_KA#B2D2#52,EVLA_KA#B2D2#53,EVLA_KA#B2D2#54,EVLA_KA#B2D2#55,EVLA_KA#B2D2#56,EVLA_KA#B2D2#57,EVLA_KA#B2D2#58,EVLA_KA#B2D2#59,EVLA_KA#B2D2#60,EVLA_KA#B2D2#61,EVLA_KA#B2D2#62,EVLA_KA#B2D2#63,EVLA_KA#B2D2#64",59.85,1331+305=3C286
https://data.nrao.edu/portal/#/productViewer/18B-143.sb35676534.eb35940076.58448.6027658449,"128000000.0,128000000.0,128000000.0,128000000.0,128000000.0,128000000.0,128000000.0,128000000.0,128000000.0,128000000.0,128000000.0,128000000.0,128000000.0,128000000.0,128000000.0,128000000.0,128000000.0,128000000.0,128000000.0,128000000.0,128000000.0,128000000.0,128000000.0,128000000.0,128000000.0,128000000.0,128000000.0,128000000.0,128000000.0,128000000.0,128000000.0,128000000.0,128000000.0,128000000.0,128000000.0,128000000.0,128000000.0,128000000.0,128000000.0,128000000.0,128000000.0,128000000.0,128000000.0,128000000.0,128000000.0,128000000.0,128000000.0,128000000.0,128000000.0,128000000.0,128000000.0,128000000.0,128000000.0,128000000.0,128000000.0,128000000.0,128000000.0,128000000.0,128000000.0,128000000.0,128000000.0,128000000.0,128000000.0","33040500000.0,33168500000.0,33296500000.0,33424500000.0,33552500000.0,33680500000.0,33808500000.0,33936500000.0,34064500000.0,34192500000.0,34320500000.0,34448500000.0,34576500000.0,34704500000.0,34832500000.0,34960500000.0,35040500000.0,35168500000.0,35296500000.0,35424500000.0,35552500000.0,35680500000.0,35808500000.0,35936500000.0,36064500000.0,36192500000.0,36320500000.0,36448500000.0,36576500000.0,36704500000.0,36832500000.0,36960500000.0,29168500000.0,29296500000.0,29424500000.0,29552500000.0,29680500000.0,29808500000.0,29936500000.0,30064500000.0,30192500000.0,30320500000.0,30448500000.0,30576500000.0,30704500000.0,30832500000.0,30960500000.0,31040500000.0,31168500000.0,31296500000.0,31424500000.0,31552500000.0,31680500000.0,31808500000.0,31936500000.0,32064500000.0,32192500000.0,32320500000.0,32448500000.0,32576500000.0,32704500000.0,32832500000.0,32960500000.0",C,3.6896E10,2.9104E10,EVLA,"128,128,128,128,128,128,128,128,128,128,128,128,128,128,128,128,128,128,128,128,128,128,128,128,128,128,128,128,128,128,128,128,128,128,128,128,128,128,128,128,128,128,128,128,128,128,128,128,128,128,128,128,128,128,128,128,128,128,128,128,128,128,128",18B-143.sb35676534.eb35940076.58448.6027658449,"RR, LL",18B-143,PUBLIC,-10.555396724686222,196.38756260936927,"1000000.0,1000000.0,1000000.0,1000000.0,1000000.0,1000000.0,1000000.0,1000000.0,1000000.0,1000000.0,1000000.0,1000000.0,1000000.0,1000000.0,1000000.0,1000000.0,1000000.0,1000000.0,1000000.0,1000000.0,1000000.0,1000000.0,1000000.0,1000000.0,1000000.0,1000000.0,1000000.0,1000000.0,1000000.0,1000000.0,1000000.0,1000000.0,1000000.0,1000000.0,1000000.0,1000000.0,1000000.0,1000000.0,1000000.0,1000000.0,1000000.0,1000000.0,1000000.0,1000000.0,1000000.0,1000000.0,1000000.0,1000000.0,1000000.0,1000000.0,1000000.0,1000000.0,1000000.0,1000000.0,1000000.0,1000000.0,1000000.0,1000000.0,1000000.0,1000000.0,1000000.0,1000000.0,1000000.0","EVLA_KA#A1C1#2,EVLA_KA#A1C1#3,EVLA_KA#A1C1#4,EVLA_KA#A1C1#5,EVLA_KA#A1C1#6,EVLA_KA#A1C1#7,EVLA_KA#A1C1#8,EVLA_KA#A1C1#9,EVLA_KA#A1C1#10,EVLA_KA#A1C1#11,EVLA_KA#A1C1#12,EVLA_KA#A1C1#13,EVLA_KA#A1C1#14,EVLA_KA#A1C1#15,EVLA_KA#A1C1#16,EVLA_KA#A1C1#17,EVLA_KA#A2C2#18,EVLA_KA#A2C2#19,EVLA_KA#A2C2#20,EVLA_KA#A2C2#21,EVLA_KA#A2C2#22,EVLA_KA#A2C2#23,EVLA_KA#A2C2#24,EVLA_KA#A2C2#25,EVLA_KA#A2C2#26,EVLA_KA#A2C2#27,EVLA_KA#A2C2#28,EVLA_KA#A2C2#29,EVLA_KA#A2C2#30,EVLA_KA#A2C2#31,EVLA_KA#A2C2#32,EVLA_KA#A2C2#33,EVLA_KA#B1D1#34,EVLA_KA#B1D1#35,EVLA_KA#B1D1#36,EVLA_KA#B1D1#37,EVLA_KA#B1D1#38,EVLA_KA#B1D1#39,EVLA_KA#B1D1#40,EVLA_KA#B1D1#41,EVLA_KA#B1D1#42,EVLA_KA#B1D1#43,EVLA_KA#B1D1#44,EVLA_KA#B1D1#45,EVLA_KA#B1D1#46,EVLA_KA#B1D1#47,EVLA_KA#B1D1#48,EVLA_KA#B2D2#49,EVLA_KA#B2D2#50,EVLA_KA#B2D2#51,EVLA_KA#B2D2#52,EVLA_KA#B2D2#53,EVLA_KA#B2D2#54,EVLA_KA#B2D2#55,EVLA_KA#B2D2#56,EVLA_KA#B2D2#57,EVLA_KA#B2D2#58,EVLA_KA#B2D2#59,EVLA_KA#B2D2#60,EVLA_KA#B2D2#61,EVLA_KA#B2D2#62,EVLA_KA#B2D2#63,EVLA_KA#B2D2#64",29.9,J1305-1033
https://data.nrao.edu/portal/#/productViewer/18B-143.sb35676534.eb35940076.58448.6027658449,"128000000.0,128000000.0,128000000.0,128000000.0,128000000.0,128000000.0,128000000.0,128000000.0,128000000.0,128000000.0,128000000.0,128000000.0,128000000.0,128000000.0,128000000.0,128000000.0,128000000.0,128000000.0,128000000.0,128000000.0,128000000.0,128000000.0,128000000.0,128000000.0,128000000.0,128000000.0,128000000.0,128000000.0,128000000.0,128000000.0,128000000.0,128000000.0,128000000.0,128000000.0,128000000.0,128000000.0,128000000.0,128000000.0,128000000.0,128000000.0,128000000.0,128000000.0,128000000.0,128000000.0,128000000.0,128000000.0,128000000.0,128000000.0,128000000.0,128000000.0,128000000.0,128000000.0,128000000.0,128000000.0,128000000.0,128000000.0,128000000.0,128000000.0,128000000.0,128000000.0,128000000.0,128000000.0,128000000.0","33040500000.0,33168500000.0,33296500000.0,33424500000.0,33552500000.0,33680500000.0,33808500000.0,33936500000.0,34064500000.0,34192500000.0,34320500000.0,34448500000.0,34576500000.0,34704500000.0,34832500000.0,34960500000.0,35040500000.0,35168500000.0,35296500000.0,35424500000.0,35552500000.0,35680500000.0,35808500000.0,35936500000.0,36064500000.0,36192500000.0,36320500000.0,36448500000.0,36576500000.0,36704500000.0,36832500000.0,36960500000.0,29168500000.0,29296500000.0,29424500000.0,29552500000.0,29680500000.0,29808500000.0,29936500000.0,30064500000.0,30192500000.0,30320500000.0,30448500000.0,30576500000.0,30704500000.0,30832500000.0,30960500000.0,31040500000.0,31168500000.0,31296500000.0,31424500000.0,31552500000.0,31680500000.0,31808500000.0,31936500000.0,32064500000.0,32192500000.0,32320500000.0,32448500000.0,32576500000.0,32704500000.0,32832500000.0,32960500000.0",C,3.6896E10,2.9104E10,EVLA,"128,128,128,128,128,128,128,128,128,128,128,128,128,128,128,128,128,128,128,128,128,128,128,128,128,128,128,128,128,128,128,128,128,128,128,128,128,128,128,128,128,128,128,128,128,128,128,128,128,128,128,128,128,128,128,128,128,128,128,128,128,128,128",18B-143.sb35676534.eb35940076.58448.6027658449,"RR, LL",18B-143,PUBLIC,-12.95666388686269,194.00800833601116,"1000000.0,1000000.0,1000000.0,1000000.0,1000000.0,1000000.0,1000000.0,1000000.0,1000000.0,1000000.0,1000000.0,1000000.0,1000000.0,1000000.0,1000000.0,1000000.0,1000000.0,1000000.0,1000000.0,1000000.0,1000000.0,1000000.0,1000000.0,1000000.0,1000000.0,1000000.0,1000000.0,1000000.0,1000000.0,1000000.0,1000000.0,1000000.0,1000000.0,1000000.0,1000000.0,1000000.0,1000000.0,1000000.0,1000000.0,1000000.0,1000000.0,1000000.0,1000000.0,1000000.0,1000000.0,1000000.0,1000000.0,1000000.0,1000000.0,1000000.0,1000000.0,1000000.0,1000000.0,1000000.0,1000000.0,1000000.0,1000000.0,1000000.0,1000000.0,1000000.0,1000000.0,1000000.0,1000000.0","EVLA_KA#A1C1#2,EVLA_KA#A1C1#3,EVLA_KA#A1C1#4,EVLA_KA#A1C1#5,EVLA_KA#A1C1#6,EVLA_KA#A1C1#7,EVLA_KA#A1C1#8,EVLA_KA#A1C1#9,EVLA_KA#A1C1#10,EVLA_KA#A1C1#11,EVLA_KA#A1C1#12,EVLA_KA#A1C1#13,EVLA_KA#A1C1#14,EVLA_KA#A1C1#15,EVLA_KA#A1C1#16,EVLA_KA#A1C1#17,EVLA_KA#A2C2#18,EVLA_KA#A2C2#19,EVLA_KA#A2C2#20,EVLA_KA#A2C2#21,EVLA_KA#A2C2#22,EVLA_KA#A2C2#23,EVLA_KA#A2C2#24,EVLA_KA#A2C2#25,EVLA_KA#A2C2#26,EVLA_KA#A2C2#27,EVLA_KA#A2C2#28,EVLA_KA#A2C2#29,EVLA_KA#A2C2#30,EVLA_KA#A2C2#31,EVLA_KA#A2C2#32,EVLA_KA#A2C2#33,EVLA_KA#B1D1#34,EVLA_KA#B1D1#35,EVLA_KA#B1D1#36,EVLA_KA#B1D1#37,EVLA_KA#B1D1#38,EVLA_KA#B1D1#39,EVLA_KA#B1D1#40,EVLA_KA#B1D1#41,EVLA_KA#B1D1#42,EVLA_KA#B1D1#43,EVLA_KA#B1D1#44,EVLA_KA#B1D1#45,EVLA_KA#B1D1#46,EVLA_KA#B1D1#47,EVLA_KA#B1D1#48,EVLA_KA#B2D2#49,EVLA_KA#B2D2#50,EVLA_KA#B2D2#51,EVLA_KA#B2D2#52,EVLA_KA#B2D2#53,EVLA_KA#B2D2#54,EVLA_KA#B2D2#55,EVLA_KA#B2D2#56,EVLA_KA#B2D2#57,EVLA_KA#B2D2#58,EVLA_KA#B2D2#59,EVLA_KA#B2D2#60,EVLA_KA#B2D2#61,EVLA_KA#B2D2#62,EVLA_KA#B2D2#63,EVLA_KA#B2D2#64",139.65,VHS1256-1257a
https://data.nrao.edu/portal/#/productViewer/18B-273.sb35985903.eb35988365.58460.71873247685,"128000000.0,128000000.0,128000000.0,128000000.0,128000000.0,128000000.0,128000000.0,128000000.0,128000000.0,128000000.0,128000000.0,128000000.0,128000000.0,128000000.0,128000000.0,128000000.0,128000000.0,128000000.0,128000000.0,128000000.0,128000000.0,128000000.0,128000000.0,128000000.0,128000000.0,128000000.0,128000000.0,128000000.0,128000000.0,128000000.0,128000000.0,128000000.0,128000000.0,128000000.0,128000000.0,128000000.0,128000000.0,128000000.0,128000000.0,128000000.0,128000000.0,128000000.0,128000000.0,128000000.0,128000000.0,128000000.0,128000000.0,128000000.0,128000000.0,128000000.0,128000000.0,128000000.0,128000000.0,128000000.0,128000000.0,128000000.0,128000000.0,128000000.0,128000000.0,128000000.0,128000000.0,128000000.0","35041000000.0,35169000000.0,35297000000.0,35425000000.0,35553000000.0,35681000000.0,35809000000.0,35937000000.0,36065000000.0,36193000000.0,36321000000.0,36449000000.0,36577000000.0,36705000000.0,36833000000.0,36961000000.0,33041000000.0,33169000000.0,33297000000.0,33425000000.0,33553000000.0,33681000000.0,33809000000.0,33937000000.0,34065000000.0,34193000000.0,34321000000.0,34449000000.0,34577000000.0,34705000000.0,34833000000.0,27669000000.0,27797000000.0,27925000000.0,28053000000.0,28181000000.0,28309000000.0,28437000000.0,28565000000.0,28693000000.0,28821000000.0,28949000000.0,29077000000.0,29205000000.0,29333000000.0,29461000000.0,29541000000.0,29669000000.0,29797000000.0,29925000000.0,30053000000.0,30181000000.0,30309000000.0,30437000000.0,30565000000.0,30693000000.0,30821000000.0,30949000000.0,31077000000.0,31205000000.0,31333000000.0,31461000000.0",C,3.6896E10,2.7604E10,EVLA,"64,64,64,64,64,64,64,64,64,64,64,64,64,64,64,64,64,64,64,64,64,64,64,64,64,64,64,64,64,64,64,64,64,64,64,64,64,64,64,64,64,64,64,64,64,64,64,64,64,64,64,64,64,64,64,64,64,64,64,64,64,64",18B-273.sb35985903.eb35988365.58460.71873247685,"RR, RL, LR, LL",18B-273,PUBLIC,30.50915523770354,202.78453326533136,"2000000.0,2000000.0,2000000.0,2000000.0,2000000.0,2000000.0,2000000.0,2000000.0,2000000.0,2000000.0,2000000.0,2000000.0,2000000.0,2000000.0,2000000.0,2000000.0,2000000.0,2000000.0,2000000.0,2000000.0,2000000.0,2000000.0,2000000.0,2000000.0,2000000.0,2000000.0,2000000.0,2000000.0,2000000.0,2000000.0,2000000.0,2000000.0,2000000.0,2000000.0,2000000.0,2000000.0,2000000.0,2000000.0,2000000.0,2000000.0,2000000.0,2000000.0,2000000.0,2000000.0,2000000.0,2000000.0,2000000.0,2000000.0,2000000.0,2000000.0,2000000.0,2000000.0,2000000.0,2000000.0,2000000.0,2000000.0,2000000.0,2000000.0,2000000.0,2000000.0,2000000.0,2000000.0","EVLA_KA#A1C1#50,EVLA_KA#A1C1#51,EVLA_KA#A1C1#52,EVLA_KA#A1C1#53,EVLA_KA#A1C1#54,EVLA_KA#A1C1#55,EVLA_KA#A1C1#56,EVLA_KA#A1C1#57,EVLA_KA#A1C1#58,EVLA_KA#A1C1#59,EVLA_KA#A1C1#60,EVLA_KA#A1C1#61,EVLA_KA#A1C1#62,EVLA_KA#A1C1#63,EVLA_KA#A1C1#64,EVLA_KA#A1C1#65,EVLA_KA#A2C2#66,EVLA_KA#A2C2#67,EVLA_KA#A2C2#68,EVLA_KA#A2C2#69,EVLA_KA#A2C2#70,EVLA_KA#A2C2#71,EVLA_KA#A2C2#72,EVLA_KA#A2C2#73,EVLA_KA#A2C2#74,EVLA_KA#A2C2#75,EVLA_KA#A2C2#76,EVLA_KA#A2C2#77,EVLA_KA#A2C2#78,EVLA_KA#A2C2#79,EVLA_KA#A2C2#80,EVLA_KA#B1D1#81,EVLA_KA#B1D1#82,EVLA_KA#B1D1#83,EVLA_KA#B1D1#84,EVLA_KA#B1D1#85,EVLA_KA#B1D1#86,EVLA_KA#B1D1#87,EVLA_KA#B1D1#88,EVLA_KA#B1D1#89,EVLA_KA#B1D1#90,EVLA_KA#B1D1#91,EVLA_KA#B1D1#92,EVLA_KA#B1D1#93,EVLA_KA#B1D1#94,EVLA_KA#B1D1#95,EVLA_KA#B2D2#96,EVLA_KA#B2D2#97,EVLA_KA#B2D2#98,EVLA_KA#B2D2#99,EVLA_KA#B2D2#100,EVLA_KA#B2D2#101,EVLA_KA#B2D2#102,EVLA_KA#B2D2#103,EVLA_KA#B2D2#104,EVLA_KA#B2D2#105,EVLA_KA#B2D2#106,EVLA_KA#B2D2#107,EVLA_KA#B2D2#108,EVLA_KA#B2D2#109,EVLA_KA#B2D2#110,EVLA_KA#B2D2#111",59.85,1331+305=3C286
https://data.nrao.edu/portal/#/productViewer/18B-273.sb35985903.eb35988365.58460.71873247685,"128000000.0,128000000.0,128000000.0,128000000.0,128000000.0,128000000.0,128000000.0,128000000.0,128000000.0,128000000.0,128000000.0,128000000.0,128000000.0,128000000.0,128000000.0,128000000.0,128000000.0,128000000.0,128000000.0,128000000.0,128000000.0,128000000.0,128000000.0,128000000.0,128000000.0,128000000.0,128000000.0,128000000.0,128000000.0,128000000.0,128000000.0,128000000.0,128000000.0,128000000.0,128000000.0,128000000.0,128000000.0,128000000.0,128000000.0,128000000.0,128000000.0,128000000.0,128000000.0,128000000.0,128000000.0,128000000.0,128000000.0,128000000.0,128000000.0,128000000.0,128000000.0,128000000.0,128000000.0,128000000.0,128000000.0,128000000.0,128000000.0,128000000.0,128000000.0,128000000.0,128000000.0,128000000.0","35041000000.0,35169000000.0,35297000000.0,35425000000.0,35553000000.0,35681000000.0,35809000000.0,35937000000.0,36065000000.0,36193000000.0,36321000000.0,36449000000.0,36577000000.0,36705000000.0,36833000000.0,36961000000.0,33041000000.0,33169000000.0,33297000000.0,33425000000.0,33553000000.0,33681000000.0,33809000000.0,33937000000.0,34065000000.0,34193000000.0,34321000000.0,34449000000.0,34577000000.0,34705000000.0,34833000000.0,27669000000.0,27797000000.0,27925000000.0,28053000000.0,28181000000.0,28309000000.0,28437000000.0,28565000000.0,28693000000.0,28821000000.0,28949000000.0,29077000000.0,29205000000.0,29333000000.0,29461000000.0,29541000000.0,29669000000.0,29797000000.0,29925000000.0,30053000000.0,30181000000.0,30309000000.0,30437000000.0,30565000000.0,30693000000.0,30821000000.0,30949000000.0,31077000000.0,31205000000.0,31333000000.0,31461000000.0",C,3.6896E10,2.7604E10,EVLA,"64,64,64,64,64,64,64,64,64,64,64,64,64,64,64,64,64,64,64,64,64,64,64,64,64,64,64,64,64,64,64,64,64,64,64,64,64,64,64,64,64,64,64,64,64,64,64,64,64,64,64,64,64,64,64,64,64,64,64,64,64,64",18B-273.sb35985903.eb35988365.58460.71873247685,"RR, RL, LR, LL",18B-273,PUBLIC,-25.470162377215704,275.24103618906213,"2000000.0,2000000.0,2000000.0,2000000.0,2000000.0,2000000.0,2000000.0,2000000.0,2000000.0,2000000.0,2000000.0,2000000.0,2000000.0,2000000.0,2000000.0,2000000.0,2000000.0,2000000.0,2000000.0,2000000.0,2000000.0,2000000.0,2000000.0,2000000.0,2000000.0,2000000.0,2000000.0,2000000.0,2000000.0,2000000.0,2000000.0,2000000.0,2000000.0,2000000.0,2000000.0,2000000.0,2000000.0,2000000.0,2000000.0,2000000.0,2000000.0,2000000.0,2000000.0,2000000.0,2000000.0,2000000.0,2000000.0,2000000.0,2000000.0,2000000.0,2000000.0,2000000.0,2000000.0,2000000.0,2000000.0,2000000.0,2000000.0,2000000.0,2000000.0,2000000.0,2000000.0,2000000.0","EVLA_KA#A1C1#50,EVLA_KA#A1C1#51,EVLA_KA#A1C1#52,EVLA_KA#A1C1#53,EVLA_KA#A1C1#54,EVLA_KA#A1C1#55,EVLA_KA#A1C1#56,EVLA_KA#A1C1#57,EVLA_KA#A1C1#58,EVLA_KA#A1C1#59,EVLA_KA#A1C1#60,EVLA_KA#A1C1#61,EVLA_KA#A1C1#62,EVLA_KA#A1C1#63,EVLA_KA#A1C1#64,EVLA_KA#A1C1#65,EVLA_KA#A2C2#66,EVLA_KA#A2C2#67,EVLA_KA#A2C2#68,EVLA_KA#A2C2#69,EVLA_KA#A2C2#70,EVLA_KA#A2C2#71,EVLA_KA#A2C2#72,EVLA_KA#A2C2#73,EVLA_KA#A2C2#74,EVLA_KA#A2C2#75,EVLA_KA#A2C2#76,EVLA_KA#A2C2#77,EVLA_KA#A2C2#78,EVLA_KA#A2C2#79,EVLA_KA#A2C2#80,EVLA_KA#B1D1#81,EVLA_KA#B1D1#82,EVLA_KA#B1D1#83,EVLA_KA#B1D1#84,EVLA_KA#B1D1#85,EVLA_KA#B1D1#86,EVLA_KA#B1D1#87,EVLA_KA#B1D1#88,EVLA_KA#B1D1#89,EVLA_KA#B1D1#90,EVLA_KA#B1D1#91,EVLA_KA#B1D1#92,EVLA_KA#B1D1#93,EVLA_KA#B1D1#94,EVLA_KA#B1D1#95,EVLA_KA#B2D2#96,EVLA_KA#B2D2#97,EVLA_KA#B2D2#98,EVLA_KA#B2D2#99,EVLA_KA#B2D2#100,EVLA_KA#B2D2#101,EVLA_KA#B2D2#102,EVLA_KA#B2D2#103,EVLA_KA#B2D2#104,EVLA_KA#B2D2#105,EVLA_KA#B2D2#106,EVLA_KA#B2D2#107,EVLA_KA#B2D2#108,EVLA_KA#B2D2#109,EVLA_KA#B2D2#110,EVLA_KA#B2D2#111",29.9,J1820-2528
https://data.nrao.edu/portal/#/productViewer/18B-273.sb35985903.eb35988365.58460.71873247685,"128000000.0,128000000.0,128000000.0,128000000.0,128000000.0,128000000.0,128000000.0,128000000.0,128000000.0,128000000.0,128000000.0,128000000.0,128000000.0,128000000.0,128000000.0,128000000.0,128000000.0,128000000.0,128000000.0,128000000.0,128000000.0,128000000.0,128000000.0,128000000.0,128000000.0,128000000.0,128000000.0,128000000.0,128000000.0,128000000.0,128000000.0,128000000.0,128000000.0,128000000.0,128000000.0,128000000.0,128000000.0,128000000.0,128000000.0,128000000.0,128000000.0,128000000.0,128000000.0,128000000.0,128000000.0,128000000.0,128000000.0,128000000.0,128000000.0,128000000.0,128000000.0,128000000.0,128000000.0,128000000.0,128000000.0,128000000.0,128000000.0,128000000.0,128000000.0,128000000.0,128000000.0,128000000.0","35041000000.0,35169000000.0,35297000000.0,35425000000.0,35553000000.0,35681000000.0,35809000000.0,35937000000.0,36065000000.0,36193000000.0,36321000000.0,36449000000.0,36577000000.0,36705000000.0,36833000000.0,36961000000.0,33041000000.0,33169000000.0,33297000000.0,33425000000.0,33553000000.0,33681000000.0,33809000000.0,33937000000.0,34065000000.0,34193000000.0,34321000000.0,34449000000.0,34577000000.0,34705000000.0,34833000000.0,27669000000.0,27797000000.0,27925000000.0,28053000000.0,28181000000.0,28309000000.0,28437000000.0,28565000000.0,28693000000.0,28821000000.0,28949000000.0,29077000000.0,29205000000.0,29333000000.0,29461000000.0,29541000000.0,29669000000.0,29797000000.0,29925000000.0,30053000000.0,30181000000.0,30309000000.0,30437000000.0,30565000000.0,30693000000.0,30821000000.0,30949000000.0,31077000000.0,31205000000.0,31333000000.0,31461000000.0",C,3.6896E10,2.7604E10,EVLA,"64,64,64,64,64,64,64,64,64,64,64,64,64,64,64,64,64,64,64,64,64,64,64,64,64,64,64,64,64,64,64,64,64,64,64,64,64,64,64,64,64,64,64,64,64,64,64,64,64,64,64,64,64,64,64,64,64,64,64,64,64,64",18B-273.sb35985903.eb35988365.58460.71873247685,"RR, RL, LR, LL",18B-273,PUBLIC,-27.499722224420687,272.6178749976889,"2000000.0,2000000.0,2000000.0,2000000.0,2000000.0,2000000.0,2000000.0,2000000.0,2000000.0,2000000.0,2000000.0,2000000.0,2000000.0,2000000.0,2000000.0,2000000.0,2000000.0,2000000.0,2000000.0,2000000.0,2000000.0,2000000.0,2000000.0,2000000.0,2000000.0,2000000.0,2000000.0,2000000.0,2000000.0,2000000.0,2000000.0,2000000.0,2000000.0,2000000.0,2000000.0,2000000.0,2000000.0,2000000.0,2000000.0,2000000.0,2000000.0,2000000.0,2000000.0,2000000.0,2000000.0,2000000.0,2000000.0,2000000.0,2000000.0,2000000.0,2000000.0,2000000.0,2000000.0,2000000.0,2000000.0,2000000.0,2000000.0,2000000.0,2000000.0,2000000.0,2000000.0,2000000.0","EVLA_KA#A1C1#50,EVLA_KA#A1C1#51,EVLA_KA#A1C1#52,EVLA_KA#A1C1#53,EVLA_KA#A1C1#54,EVLA_KA#A1C1#55,EVLA_KA#A1C1#56,EVLA_KA#A1C1#57,EVLA_KA#A1C1#58,EVLA_KA#A1C1#59,EVLA_KA#A1C1#60,EVLA_KA#A1C1#61,EVLA_KA#A1C1#62,EVLA_KA#A1C1#63,EVLA_KA#A1C1#64,EVLA_KA#A1C1#65,EVLA_KA#A2C2#66,EVLA_KA#A2C2#67,EVLA_KA#A2C2#68,EVLA_KA#A2C2#69,EVLA_KA#A2C2#70,EVLA_KA#A2C2#71,EVLA_KA#A2C2#72,EVLA_KA#A2C2#73,EVLA_KA#A2C2#74,EVLA_KA#A2C2#75,EVLA_KA#A2C2#76,EVLA_KA#A2C2#77,EVLA_KA#A2C2#78,EVLA_KA#A2C2#79,EVLA_KA#A2C2#80,EVLA_KA#B1D1#81,EVLA_KA#B1D1#82,EVLA_KA#B1D1#83,EVLA_KA#B1D1#84,EVLA_KA#B1D1#85,EVLA_KA#B1D1#86,EVLA_KA#B1D1#87,EVLA_KA#B1D1#88,EVLA_KA#B1D1#89,EVLA_KA#B1D1#90,EVLA_KA#B1D1#91,EVLA_KA#B1D1#92,EVLA_KA#B1D1#93,EVLA_KA#B1D1#94,EVLA_KA#B1D1#95,EVLA_KA#B2D2#96,EVLA_KA#B2D2#97,EVLA_KA#B2D2#98,EVLA_KA#B2D2#99,EVLA_KA#B2D2#100,EVLA_KA#B2D2#101,EVLA_KA#B2D2#102,EVLA_KA#B2D2#103,EVLA_KA#B2D2#104,EVLA_KA#B2D2#105,EVLA_KA#B2D2#106,EVLA_KA#B2D2#107,EVLA_KA#B2D2#108,EVLA_KA#B2D2#109,EVLA_KA#B2D2#110,EVLA_KA#B2D2#111",119.65,SGR16C
https://data.nrao.edu/portal/#/productViewer/18B-273.sb35985903.eb35988365.58460.71873247685,"128000000.0,128000000.0,128000000.0,128000000.0,128000000.0,128000000.0,128000000.0,128000000.0,128000000.0,128000000.0,128000000.0,128000000.0,128000000.0,128000000.0,128000000.0,128000000.0,128000000.0,128000000.0,128000000.0,128000000.0,128000000.0,128000000.0,128000000.0,128000000.0,128000000.0,128000000.0,128000000.0,128000000.0,128000000.0,128000000.0,128000000.0,128000000.0,128000000.0,128000000.0,128000000.0,128000000.0,128000000.0,128000000.0,128000000.0,128000000.0,128000000.0,128000000.0,128000000.0,128000000.0,128000000.0,128000000.0,128000000.0,128000000.0,128000000.0,128000000.0,128000000.0,128000000.0,128000000.0,128000000.0,128000000.0,128000000.0,128000000.0,128000000.0,128000000.0,128000000.0,128000000.0,128000000.0","35041000000.0,35169000000.0,35297000000.0,35425000000.0,35553000000.0,35681000000.0,35809000000.0,35937000000.0,36065000000.0,36193000000.0,36321000000.0,36449000000.0,36577000000.0,36705000000.0,36833000000.0,36961000000.0,33041000000.0,33169000000.0,33297000000.0,33425000000.0,33553000000.0,33681000000.0,33809000000.0,33937000000.0,34065000000.0,34193000000.0,34321000000.0,34449000000.0,34577000000.0,34705000000.0,34833000000.0,27669000000.0,27797000000.0,27925000000.0,28053000000.0,28181000000.0,28309000000.0,28437000000.0,28565000000.0,28693000000.0,28821000000.0,28949000000.0,29077000000.0,29205000000.0,29333000000.0,29461000000.0,29541000000.0,29669000000.0,29797000000.0,29925000000.0,30053000000.0,30181000000.0,30309000000.0,30437000000.0,30565000000.0,30693000000.0,30821000000.0,30949000000.0,31077000000.0,31205000000.0,31333000000.0,31461000000.0",C,3.6896E10,2.7604E10,EVLA,"64,64,64,64,64,64,64,64,64,64,64,64,64,64,64,64,64,64,64,64,64,64,64,64,64,64,64,64,64,64,64,64,64,64,64,64,64,64,64,64,64,64,64,64,64,64,64,64,64,64,64,64,64,64,64,64,64,64,64,64,64,64",18B-273.sb35985903.eb35988365.58460.71873247685,"RR, RL, LR, LL",18B-273,PUBLIC,-28.370422224586008,275.21716666418456,"2000000.0,2000000.0,2000000.0,2000000.0,2000000.0,2000000.0,2000000.0,2000000.0,2000000.0,2000000.0,2000000.0,2000000.0,2000000.0,2000000.0,2000000.0,2000000.0,2000000.0,2000000.0,2000000.0,2000000.0,2000000.0,2000000.0,2000000.0,2000000.0,2000000.0,2000000.0,2000000.0,2000000.0,2000000.0,2000000.0,2000000.0,2000000.0,2000000.0,2000000.0,2000000.0,2000000.0,2000000.0,2000000.0,2000000.0,2000000.0,2000000.0,2000000.0,2000000.0,2000000.0,2000000.0,2000000.0,2000000.0,2000000.0,2000000.0,2000000.0,2000000.0,2000000.0,2000000.0,2000000.0,2000000.0,2000000.0,2000000.0,2000000.0,2000000.0,2000000.0,2000000.0,2000000.0","EVLA_KA#A1C1#50,EVLA_KA#A1C1#51,EVLA_KA#A1C1#52,EVLA_KA#A1C1#53,EVLA_KA#A1C1#54,EVLA_KA#A1C1#55,EVLA_KA#A1C1#56,EVLA_KA#A1C1#57,EVLA_KA#A1C1#58,EVLA_KA#A1C1#59,EVLA_KA#A1C1#60,EVLA_KA#A1C1#61,EVLA_KA#A1C1#62,EVLA_KA#A1C1#63,EVLA_KA#A1C1#64,EVLA_KA#A1C1#65,EVLA_KA#A2C2#66,EVLA_KA#A2C2#67,EVLA_KA#A2C2#68,EVLA_KA#A2C2#69,EVLA_KA#A2C2#70,EVLA_KA#A2C2#71,EVLA_KA#A2C2#72,EVLA_KA#A2C2#73,EVLA_KA#A2C2#74,EVLA_KA#A2C2#75,EVLA_KA#A2C2#76,EVLA_KA#A2C2#77,EVLA_KA#A2C2#78,EVLA_KA#A2C2#79,EVLA_KA#A2C2#80,EVLA_KA#B1D1#81,EVLA_KA#B1D1#82,EVLA_KA#B1D1#83,EVLA_KA#B1D1#84,EVLA_KA#B1D1#85,EVLA_KA#B1D1#86,EVLA_KA#B1D1#87,EVLA_KA#B1D1#88,EVLA_KA#B1D1#89,EVLA_KA#B1D1#90,EVLA_KA#B1D1#91,EVLA_KA#B1D1#92,EVLA_KA#B1D1#93,EVLA_KA#B1D1#94,EVLA_KA#B1D1#95,EVLA_KA#B2D2#96,EVLA_KA#B2D2#97,EVLA_KA#B2D2#98,EVLA_KA#B2D2#99,EVLA_KA#B2D2#100,EVLA_KA#B2D2#101,EVLA_KA#B2D2#102,EVLA_KA#B2D2#103,EVLA_KA#B2D2#104,EVLA_KA#B2D2#105,EVLA_KA#B2D2#106,EVLA_KA#B2D2#107,EVLA_KA#B2D2#108,EVLA_KA#B2D2#109,EVLA_KA#B2D2#110,EVLA_KA#B2D2#111",119.7,SGR16D
https://data.nrao.edu/portal/#/productViewer/19A-440.sb36414923.eb36490648.58559.09236886574,,,B,3.6896E10,2.8976E10,EVLA,,19A-440.sb36414923.eb36490648.58559.09236886574,"RR, RL, LR, LL",19A-440,PUBLIC,49.85200932178193,85.65057465185124,,,59.85,3C147
https://data.nrao.edu/portal/#/productViewer/19A-440.sb36414923.eb36490648.58559.09236886574,,,B,3.6896E10,2.8976E10,EVLA,,19A-440.sb36414923.eb36490648.58559.09236886574,"RR, RL, LR, LL",19A-440,PUBLIC,20.626180555253168,67.76567500077874,,,90.75,J0431+2037
https://data.nrao.edu/portal/#/productViewer/19A-440.sb36414923.eb36490648.58559.09236886574,,,B,3.6896E10,2.8976E10,EVLA,,19A-440.sb36414923.eb36490648.58559.09236886574,"RR, RL, LR, LL",19A-440,PUBLIC,22.841692703222694,68.46672683303439,,,139.05,CiTau
https://data.nrao.edu/portal/#/productViewer/19A-313.sb38018519.eb38020972.58947.40573746528,"128000000.0,128000000.0,128000000.0,128000000.0,128000000.0,128000000.0,128000000.0,128000000.0,128000000.0,128000000.0,128000000.0,128000000.0,128000000.0,128000000.0,128000000.0,128000000.0,128000000.0,128000000.0,128000000.0,128000000.0,128000000.0,128000000.0,128000000.0,128000000.0,128000000.0,128000000.0,128000000.0,128000000.0,128000000.0,128000000.0,128000000.0,128000000.0,128000000.0,128000000.0,128000000.0,128000000.0,128000000.0,128000000.0,128000000.0,128000000.0,128000000.0,128000000.0,128000000.0,128000000.0,128000000.0,128000000.0,128000000.0,128000000.0,128000000.0,128000000.0,128000000.0,128000000.0,128000000.0,128000000.0,128000000.0,128000000.0,128000000.0,128000000.0,128000000.0,128000000.0,128000000.0,128000000.0,128000000.0,128000000.0","35041000000.0,35169000000.0,35297000000.0,35425000000.0,35553000000.0,35681000000.0,35809000000.0,35937000000.0,36065000000.0,36193000000.0,36321000000.0,36449000000.0,36577000000.0,36705000000.0,36833000000.0,36961000000.0,33041000000.0,33169000000.0,33297000000.0,33425000000.0,33553000000.0,33681000000.0,33809000000.0,33937000000.0,34065000000.0,34193000000.0,34321000000.0,34449000000.0,34577000000.0,34705000000.0,34833000000.0,34961000000.0,27541000000.0,27669000000.0,27797000000.0,27925000000.0,28053000000.0,28181000000.0,28309000000.0,28437000000.0,28565000000.0,28693000000.0,28821000000.0,28949000000.0,29077000000.0,29205000000.0,29333000000.0,29461000000.0,29541000000.0,29669000000.0,29797000000.0,29925000000.0,30053000000.0,30181000000.0,30309000000.0,30437000000.0,30565000000.0,30693000000.0,30821000000.0,30949000000.0,31077000000.0,31205000000.0,31333000000.0,31461000000.0",C,3.6896E10,2.7476E10,EVLA,"64,64,64,64,64,64,64,64,64,64,64,64,64,64,64,64,64,64,64,64,64,64,64,64,64,64,64,64,64,64,64,64,64,64,64,64,64,64,64,64,64,64,64,64,64,64,64,64,64,64,64,64,64,64,64,64,64,64,64,64,64,64,64,64",19A-313.sb38018519.eb38020972.58947.40573746528,"RR, RL, LR, LL",19A-313,PUBLIC,30.50915523770354,202.78453326533136,"2000000.0,2000000.0,2000000.0,2000000.0,2000000.0,2000000.0,2000000.0,2000000.0,2000000.0,2000000.0,2000000.0,2000000.0,2000000.0,2000000.0,2000000.0,2000000.0,2000000.0,2000000.0,2000000.0,2000000.0,2000000.0,2000000.0,2000000.0,2000000.0,2000000.0,2000000.0,2000000.0,2000000.0,2000000.0,2000000.0,2000000.0,2000000.0,2000000.0,2000000.0,2000000.0,2000000.0,2000000.0,2000000.0,2000000.0,2000000.0,2000000.0,2000000.0,2000000.0,2000000.0,2000000.0,2000000.0,2000000.0,2000000.0,2000000.0,2000000.0,2000000.0,2000000.0,2000000.0,2000000.0,2000000.0,2000000.0,2000000.0,2000000.0,2000000.0,2000000.0,2000000.0,2000000.0,2000000.0,2000000.0","EVLA_KA#A1C1#98,EVLA_KA#A1C1#99,EVLA_KA#A1C1#100,EVLA_KA#A1C1#101,EVLA_KA#A1C1#102,EVLA_KA#A1C1#103,EVLA_KA#A1C1#104,EVLA_KA#A1C1#105,EVLA_KA#A1C1#106,EVLA_KA#A1C1#107,EVLA_KA#A1C1#108,EVLA_KA#A1C1#109,EVLA_KA#A1C1#110,EVLA_KA#A1C1#111,EVLA_KA#A1C1#112,EVLA_KA#A1C1#113,EVLA_KA#A2C2#114,EVLA_KA#A2C2#115,EVLA_KA#A2C2#116,EVLA_KA#A2C2#117,EVLA_KA#A2C2#118,EVLA_KA#A2C2#119,EVLA_KA#A2C2#120,EVLA_KA#A2C2#121,EVLA_KA#A2C2#122,EVLA_KA#A2C2#123,EVLA_KA#A2C2#124,EVLA_KA#A2C2#125,EVLA_KA#A2C2#126,EVLA_KA#A2C2#127,EVLA_KA#A2C2#128,EVLA_KA#A2C2#129,EVLA_KA#B1D1#130,EVLA_KA#B1D1#131,EVLA_KA#B1D1#132,EVLA_KA#B1D1#133,EVLA_KA#B1D1#134,EVLA_KA#B1D1#135,EVLA_KA#B1D1#136,EVLA_KA#B1D1#137,EVLA_KA#B1D1#138,EVLA_KA#B1D1#139,EVLA_KA#B1D1#140,EVLA_KA#B1D1#141,EVLA_KA#B1D1#142,EVLA_KA#B1D1#143,EVLA_KA#B1D1#144,EVLA_KA#B1D1#145,EVLA_KA#B2D2#146,EVLA_KA#B2D2#147,EVLA_KA#B2D2#148,EVLA_KA#B2D2#149,EVLA_KA#B2D2#150,EVLA_KA#B2D2#151,EVLA_KA#B2D2#152,EVLA_KA#B2D2#153,EVLA_KA#B2D2#154,EVLA_KA#B2D2#155,EVLA_KA#B2D2#156,EVLA_KA#B2D2#157,EVLA_KA#B2D2#158,EVLA_KA#B2D2#159,EVLA_KA#B2D2#160,EVLA_KA#B2D2#161",59.8,3C286
https://data.nrao.edu/portal/#/productViewer/19A-313.sb38018519.eb38020972.58947.40573746528,"128000000.0,128000000.0,128000000.0,128000000.0,128000000.0,128000000.0,128000000.0,128000000.0,128000000.0,128000000.0,128000000.0,128000000.0,128000000.0,128000000.0,128000000.0,128000000.0,128000000.0,128000000.0,128000000.0,128000000.0,128000000.0,128000000.0,128000000.0,128000000.0,128000000.0,128000000.0,128000000.0,128000000.0,128000000.0,128000000.0,128000000.0,128000000.0,128000000.0,128000000.0,128000000.0,128000000.0,128000000.0,128000000.0,128000000.0,128000000.0,128000000.0,128000000.0,128000000.0,128000000.0,128000000.0,128000000.0,128000000.0,128000000.0,128000000.0,128000000.0,128000000.0,128000000.0,128000000.0,128000000.0,128000000.0,128000000.0,128000000.0,128000000.0,128000000.0,128000000.0,128000000.0,128000000.0,128000000.0,128000000.0","35041000000.0,35169000000.0,35297000000.0,35425000000.0,35553000000.0,35681000000.0,35809000000.0,35937000000.0,36065000000.0,36193000000.0,36321000000.0,36449000000.0,36577000000.0,36705000000.0,36833000000.0,36961000000.0,33041000000.0,33169000000.0,33297000000.0,33425000000.0,33553000000.0,33681000000.0,33809000000.0,33937000000.0,34065000000.0,34193000000.0,34321000000.0,34449000000.0,34577000000.0,34705000000.0,34833000000.0,34961000000.0,27541000000.0,27669000000.0,27797000000.0,27925000000.0,28053000000.0,28181000000.0,28309000000.0,28437000000.0,28565000000.0,28693000000.0,28821000000.0,28949000000.0,29077000000.0,29205000000.0,29333000000.0,29461000000.0,29541000000.0,29669000000.0,29797000000.0,29925000000.0,30053000000.0,30181000000.0,30309000000.0,30437000000.0,30565000000.0,30693000000.0,30821000000.0,30949000000.0,31077000000.0,31205000000.0,31333000000.0,31461000000.0",C,3.6896E10,2.7476E10,EVLA,"64,64,64,64,64,64,64,64,64,64,64,64,64,64,64,64,64,64,64,64,64,64,64,64,64,64,64,64,64,64,64,64,64,64,64,64,64,64,64,64,64,64,64,64,64,64,64,64,64,64,64,64,64,64,64,64,64,64,64,64,64,64,64,64",19A-313.sb38018519.eb38020972.58947.40573746528,"RR, RL, LR, LL",19A-313,PUBLIC,-25.470162377215704,275.24103618906213,"2000000.0,2000000.0,2000000.0,2000000.0,2000000.0,2000000.0,2000000.0,2000000.0,2000000.0,2000000.0,2000000.0,2000000.0,2000000.0,2000000.0,2000000.0,2000000.0,2000000.0,2000000.0,2000000.0,2000000.0,2000000.0,2000000.0,2000000.0,2000000.0,2000000.0,2000000.0,2000000.0,2000000.0,2000000.0,2000000.0,2000000.0,2000000.0,2000000.0,2000000.0,2000000.0,2000000.0,2000000.0,2000000.0,2000000.0,2000000.0,2000000.0,2000000.0,2000000.0,2000000.0,2000000.0,2000000.0,2000000.0,2000000.0,2000000.0,2000000.0,2000000.0,2000000.0,2000000.0,2000000.0,2000000.0,2000000.0,2000000.0,2000000.0,2000000.0,2000000.0,2000000.0,2000000.0,2000000.0,2000000.0","EVLA_KA#A1C1#98,EVLA_KA#A1C1#99,EVLA_KA#A1C1#100,EVLA_KA#A1C1#101,EVLA_KA#A1C1#102,EVLA_KA#A1C1#103,EVLA_KA#A1C1#104,EVLA_KA#A1C1#105,EVLA_KA#A1C1#106,EVLA_KA#A1C1#107,EVLA_KA#A1C1#108,EVLA_KA#A1C1#109,EVLA_KA#A1C1#110,EVLA_KA#A1C1#111,EVLA_KA#A1C1#112,EVLA_KA#A1C1#113,EVLA_KA#A2C2#114,EVLA_KA#A2C2#115,EVLA_KA#A2C2#116,EVLA_KA#A2C2#117,EVLA_KA#A2C2#118,EVLA_KA#A2C2#119,EVLA_KA#A2C2#120,EVLA_KA#A2C2#121,EVLA_KA#A2C2#122,EVLA_KA#A2C2#123,EVLA_KA#A2C2#124,EVLA_KA#A2C2#125,EVLA_KA#A2C2#126,EVLA_KA#A2C2#127,EVLA_KA#A2C2#128,EVLA_KA#A2C2#129,EVLA_KA#B1D1#130,EVLA_KA#B1D1#131,EVLA_KA#B1D1#132,EVLA_KA#B1D1#133,EVLA_KA#B1D1#134,EVLA_KA#B1D1#135,EVLA_KA#B1D1#136,EVLA_KA#B1D1#137,EVLA_KA#B1D1#138,EVLA_KA#B1D1#139,EVLA_KA#B1D1#140,EVLA_KA#B1D1#141,EVLA_KA#B1D1#142,EVLA_KA#B1D1#143,EVLA_KA#B1D1#144,EVLA_KA#B1D1#145,EVLA_KA#B2D2#146,EVLA_KA#B2D2#147,EVLA_KA#B2D2#148,EVLA_KA#B2D2#149,EVLA_KA#B2D2#150,EVLA_KA#B2D2#151,EVLA_KA#B2D2#152,EVLA_KA#B2D2#153,EVLA_KA#B2D2#154,EVLA_KA#B2D2#155,EVLA_KA#B2D2#156,EVLA_KA#B2D2#157,EVLA_KA#B2D2#158,EVLA_KA#B2D2#159,EVLA_KA#B2D2#160,EVLA_KA#B2D2#161",29.9,J1820-2528
https://data.nrao.edu/portal/#/productViewer/19A-313.sb38018519.eb38020972.58947.40573746528,"128000000.0,128000000.0,128000000.0,128000000.0,128000000.0,128000000.0,128000000.0,128000000.0,128000000.0,128000000.0,128000000.0,128000000.0,128000000.0,128000000.0,128000000.0,128000000.0,128000000.0,128000000.0,128000000.0,128000000.0,128000000.0,128000000.0,128000000.0,128000000.0,128000000.0,128000000.0,128000000.0,128000000.0,128000000.0,128000000.0,128000000.0,128000000.0,128000000.0,128000000.0,128000000.0,128000000.0,128000000.0,128000000.0,128000000.0,128000000.0,128000000.0,128000000.0,128000000.0,128000000.0,128000000.0,128000000.0,128000000.0,128000000.0,128000000.0,128000000.0,128000000.0,128000000.0,128000000.0,128000000.0,128000000.0,128000000.0,128000000.0,128000000.0,128000000.0,128000000.0,128000000.0,128000000.0,128000000.0,128000000.0","35041000000.0,35169000000.0,35297000000.0,35425000000.0,35553000000.0,35681000000.0,35809000000.0,35937000000.0,36065000000.0,36193000000.0,36321000000.0,36449000000.0,36577000000.0,36705000000.0,36833000000.0,36961000000.0,33041000000.0,33169000000.0,33297000000.0,33425000000.0,33553000000.0,33681000000.0,33809000000.0,33937000000.0,34065000000.0,34193000000.0,34321000000.0,34449000000.0,34577000000.0,34705000000.0,34833000000.0,34961000000.0,27541000000.0,27669000000.0,27797000000.0,27925000000.0,28053000000.0,28181000000.0,28309000000.0,28437000000.0,28565000000.0,28693000000.0,28821000000.0,28949000000.0,29077000000.0,29205000000.0,29333000000.0,29461000000.0,29541000000.0,29669000000.0,29797000000.0,29925000000.0,30053000000.0,30181000000.0,30309000000.0,30437000000.0,30565000000.0,30693000000.0,30821000000.0,30949000000.0,31077000000.0,31205000000.0,31333000000.0,31461000000.0",C,3.6896E10,2.7476E10,EVLA,"64,64,64,64,64,64,64,64,64,64,64,64,64,64,64,64,64,64,64,64,64,64,64,64,64,64,64,64,64,64,64,64,64,64,64,64,64,64,64,64,64,64,64,64,64,64,64,64,64,64,64,64,64,64,64,64,64,64,64,64,64,64,64,64",19A-313.sb38018519.eb38020972.58947.40573746528,"RR, RL, LR, LL",19A-313,PUBLIC,-24.019152387492444,277.6803666679017,"2000000.0,2000000.0,2000000.0,2000000.0,2000000.0,2000000.0,2000000.0,2000000.0,2000000.0,2000000.0,2000000.0,2000000.0,2000000.0,2000000.0,2000000.0,2000000.0,2000000.0,2000000.0,2000000.0,2000000.0,2000000.0,2000000.0,2000000.0,2000000.0,2000000.0,2000000.0,2000000.0,2000000.0,2000000.0,2000000.0,2000000.0,2000000.0,2000000.0,2000000.0,2000000.0,2000000.0,2000000.0,2000000.0,2000000.0,2000000.0,2000000.0,2000000.0,2000000.0,2000000.0,2000000.0,2000000.0,2000000.0,2000000.0,2000000.0,2000000.0,2000000.0,2000000.0,2000000.0,2000000.0,2000000.0,2000000.0,2000000.0,2000000.0,2000000.0,2000000.0,2000000.0,2000000.0,2000000.0,2000000.0","EVLA_KA#A1C1#98,EVLA_KA#A1C1#99,EVLA_KA#A1C1#100,EVLA_KA#A1C1#101,EVLA_KA#A1C1#102,EVLA_KA#A1C1#103,EVLA_KA#A1C1#104,EVLA_KA#A1C1#105,EVLA_KA#A1C1#106,EVLA_KA#A1C1#107,EVLA_KA#A1C1#108,EVLA_KA#A1C1#109,EVLA_KA#A1C1#110,EVLA_KA#A1C1#111,EVLA_KA#A1C1#112,EVLA_KA#A1C1#113,EVLA_KA#A2C2#114,EVLA_KA#A2C2#115,EVLA_KA#A2C2#116,EVLA_KA#A2C2#117,EVLA_KA#A2C2#118,EVLA_KA#A2C2#119,EVLA_KA#A2C2#120,EVLA_KA#A2C2#121,EVLA_KA#A2C2#122,EVLA_KA#A2C2#123,EVLA_KA#A2C2#124,EVLA_KA#A2C2#125,EVLA_KA#A2C2#126,EVLA_KA#A2C2#127,EVLA_KA#A2C2#128,EVLA_KA#A2C2#129,EVLA_KA#B1D1#130,EVLA_KA#B1D1#131,EVLA_KA#B1D1#132,EVLA_KA#B1D1#133,EVLA_KA#B1D1#134,EVLA_KA#B1D1#135,EVLA_KA#B1D1#136,EVLA_KA#B1D1#137,EVLA_KA#B1D1#138,EVLA_KA#B1D1#139,EVLA_KA#B1D1#140,EVLA_KA#B1D1#141,EVLA_KA#B1D1#142,EVLA_KA#B1D1#143,EVLA_KA#B1D1#144,EVLA_KA#B1D1#145,EVLA_KA#B2D2#146,EVLA_KA#B2D2#147,EVLA_KA#B2D2#148,EVLA_KA#B2D2#149,EVLA_KA#B2D2#150,EVLA_KA#B2D2#151,EVLA_KA#B2D2#152,EVLA_KA#B2D2#153,EVLA_KA#B2D2#154,EVLA_KA#B2D2#155,EVLA_KA#B2D2#156,EVLA_KA#B2D2#157,EVLA_KA#B2D2#158,EVLA_KA#B2D2#159,EVLA_KA#B2D2#160,EVLA_KA#B2D2#161",99.7,V3890SGR
https://data.nrao.edu/portal/#/productViewer/19A-313.sb38018519.eb38020972.58947.40573746528,"128000000.0,128000000.0,128000000.0,128000000.0,128000000.0,128000000.0,128000000.0,128000000.0,128000000.0,128000000.0,128000000.0,128000000.0,128000000.0,128000000.0,128000000.0,128000000.0,128000000.0,128000000.0,128000000.0,128000000.0,128000000.0,128000000.0,128000000.0,128000000.0,128000000.0,128000000.0,128000000.0,128000000.0,128000000.0,128000000.0,128000000.0,128000000.0,128000000.0,128000000.0,128000000.0,128000000.0,128000000.0,128000000.0,128000000.0,128000000.0,128000000.0,128000000.0,128000000.0,128000000.0,128000000.0,128000000.0,128000000.0,128000000.0,128000000.0,128000000.0,128000000.0,128000000.0,128000000.0,128000000.0,128000000.0,128000000.0,128000000.0,128000000.0,128000000.0,128000000.0,128000000.0,128000000.0,128000000.0,128000000.0","35041000000.0,35169000000.0,35297000000.0,35425000000.0,35553000000.0,35681000000.0,35809000000.0,35937000000.0,36065000000.0,36193000000.0,36321000000.0,36449000000.0,36577000000.0,36705000000.0,36833000000.0,36961000000.0,33041000000.0,33169000000.0,33297000000.0,33425000000.0,33553000000.0,33681000000.0,33809000000.0,33937000000.0,34065000000.0,34193000000.0,34321000000.0,34449000000.0,34577000000.0,34705000000.0,34833000000.0,34961000000.0,27541000000.0,27669000000.0,27797000000.0,27925000000.0,28053000000.0,28181000000.0,28309000000.0,28437000000.0,28565000000.0,28693000000.0,28821000000.0,28949000000.0,29077000000.0,29205000000.0,29333000000.0,29461000000.0,29541000000.0,29669000000.0,29797000000.0,29925000000.0,30053000000.0,30181000000.0,30309000000.0,30437000000.0,30565000000.0,30693000000.0,30821000000.0,30949000000.0,31077000000.0,31205000000.0,31333000000.0,31461000000.0",C,3.6896E10,2.7476E10,EVLA,"64,64,64,64,64,64,64,64,64,64,64,64,64,64,64,64,64,64,64,64,64,64,64,64,64,64,64,64,64,64,64,64,64,64,64,64,64,64,64,64,64,64,64,64,64,64,64,64,64,64,64,64,64,64,64,64,64,64,64,64,64,64,64,64",19A-313.sb38018519.eb38020972.58947.40573746528,"RR, RL, LR, LL",19A-313,PUBLIC,-25.107196112096315,271.91954124856545,"2000000.0,2000000.0,2000000.0,2000000.0,2000000.0,2000000.0,2000000.0,2000000.0,2000000.0,2000000.0,2000000.0,2000000.0,2000000.0,2000000.0,2000000.0,2000000.0,2000000.0,2000000.0,2000000.0,2000000.0,2000000.0,2000000.0,2000000.0,2000000.0,2000000.0,2000000.0,2000000.0,2000000.0,2000000.0,2000000.0,2000000.0,2000000.0,2000000.0,2000000.0,2000000.0,2000000.0,2000000.0,2000000.0,2000000.0,2000000.0,2000000.0,2000000.0,2000000.0,2000000.0,2000000.0,2000000.0,2000000.0,2000000.0,2000000.0,2000000.0,2000000.0,2000000.0,2000000.0,2000000.0,2000000.0,2000000.0,2000000.0,2000000.0,2000000.0,2000000.0,2000000.0,2000000.0,2000000.0,2000000.0","EVLA_KA#A1C1#98,EVLA_KA#A1C1#99,EVLA_KA#A1C1#100,EVLA_KA#A1C1#101,EVLA_KA#A1C1#102,EVLA_KA#A1C1#103,EVLA_KA#A1C1#104,EVLA_KA#A1C1#105,EVLA_KA#A1C1#106,EVLA_KA#A1C1#107,EVLA_KA#A1C1#108,EVLA_KA#A1C1#109,EVLA_KA#A1C1#110,EVLA_KA#A1C1#111,EVLA_KA#A1C1#112,EVLA_KA#A1C1#113,EVLA_KA#A2C2#114,EVLA_KA#A2C2#115,EVLA_KA#A2C2#116,EVLA_KA#A2C2#117,EVLA_KA#A2C2#118,EVLA_KA#A2C2#119,EVLA_KA#A2C2#120,EVLA_KA#A2C2#121,EVLA_KA#A2C2#122,EVLA_KA#A2C2#123,EVLA_KA#A2C2#124,EVLA_KA#A2C2#125,EVLA_KA#A2C2#126,EVLA_KA#A2C2#127,EVLA_KA#A2C2#128,EVLA_KA#A2C2#129,EVLA_KA#B1D1#130,EVLA_KA#B1D1#131,EVLA_KA#B1D1#132,EVLA_KA#B1D1#133,EVLA_KA#B1D1#134,EVLA_KA#B1D1#135,EVLA_KA#B1D1#136,EVLA_KA#B1D1#137,EVLA_KA#B1D1#138,EVLA_KA#B1D1#139,EVLA_KA#B1D1#140,EVLA_KA#B1D1#141,EVLA_KA#B1D1#142,EVLA_KA#B1D1#143,EVLA_KA#B1D1#144,EVLA_KA#B1D1#145,EVLA_KA#B2D2#146,EVLA_KA#B2D2#147,EVLA_KA#B2D2#148,EVLA_KA#B2D2#149,EVLA_KA#B2D2#150,EVLA_KA#B2D2#151,EVLA_KA#B2D2#152,EVLA_KA#B2D2#153,EVLA_KA#B2D2#154,EVLA_KA#B2D2#155,EVLA_KA#B2D2#156,EVLA_KA#B2D2#157,EVLA_KA#B2D2#158,EVLA_KA#B2D2#159,EVLA_KA#B2D2#160,EVLA_KA#B2D2#161",59.8,J1807-2506
https://data.nrao.edu/portal/#/productViewer/19A-313.sb38652883.eb38694869.59128.00829372685,"128000000.0,128000000.0,128000000.0,128000000.0,128000000.0,128000000.0,128000000.0,128000000.0,128000000.0,128000000.0,128000000.0,128000000.0,128000000.0,128000000.0,128000000.0,128000000.0,128000000.0,128000000.0,128000000.0,128000000.0,128000000.0,128000000.0,128000000.0,128000000.0,128000000.0,128000000.0,128000000.0,128000000.0,128000000.0,128000000.0,128000000.0,128000000.0,128000000.0,128000000.0,128000000.0,128000000.0,128000000.0,128000000.0,128000000.0,128000000.0,128000000.0,128000000.0,128000000.0,128000000.0,128000000.0,128000000.0,128000000.0,128000000.0,128000000.0,128000000.0,128000000.0,128000000.0,128000000.0,128000000.0,128000000.0,128000000.0,128000000.0,128000000.0,128000000.0,128000000.0,128000000.0,128000000.0,128000000.0","35041000000.0,35169000000.0,35297000000.0,35425000000.0,35553000000.0,35681000000.0,35809000000.0,35937000000.0,36065000000.0,36193000000.0,36321000000.0,36449000000.0,36577000000.0,36705000000.0,36833000000.0,36961000000.0,33041000000.0,33169000000.0,33297000000.0,33425000000.0,33553000000.0,33681000000.0,33809000000.0,33937000000.0,34065000000.0,34193000000.0,34321000000.0,34449000000.0,34577000000.0,34705000000.0,34833000000.0,34961000000.0,29461000000.0,29333000000.0,29205000000.0,29077000000.0,28949000000.0,28821000000.0,28693000000.0,28565000000.0,28437000000.0,28309000000.0,28181000000.0,28053000000.0,27925000000.0,27797000000.0,27669000000.0,31461000000.0,31333000000.0,31205000000.0,31077000000.0,30949000000.0,30821000000.0,30693000000.0,30565000000.0,30437000000.0,30309000000.0,30181000000.0,30053000000.0,29925000000.0,29797000000.0,29669000000.0,29541000000.0",B,3.6896E10,2.7604E10,EVLA,"64,64,64,64,64,64,64,64,64,64,64,64,64,64,64,64,64,64,64,64,64,64,64,64,64,64,64,64,64,64,64,64,64,64,64,64,64,64,64,64,64,64,64,64,64,64,64,64,64,64,64,64,64,64,64,64,64,64,64,64,64,64,64",19A-313.sb38652883.eb38694869.59128.00829372685,"RR, RL, LR, LL",19A-313,PUBLIC,30.50915523770354,202.78453326533136,"2000000.0,2000000.0,2000000.0,2000000.0,2000000.0,2000000.0,2000000.0,2000000.0,2000000.0,2000000.0,2000000.0,2000000.0,2000000.0,2000000.0,2000000.0,2000000.0,2000000.0,2000000.0,2000000.0,2000000.0,2000000.0,2000000.0,2000000.0,2000000.0,2000000.0,2000000.0,2000000.0,2000000.0,2000000.0,2000000.0,2000000.0,2000000.0,2000000.0,2000000.0,2000000.0,2000000.0,2000000.0,2000000.0,2000000.0,2000000.0,2000000.0,2000000.0,2000000.0,2000000.0,2000000.0,2000000.0,2000000.0,2000000.0,2000000.0,2000000.0,2000000.0,2000000.0,2000000.0,2000000.0,2000000.0,2000000.0,2000000.0,2000000.0,2000000.0,2000000.0,2000000.0,2000000.0,2000000.0","EVLA_KA#A1C1#98,EVLA_KA#A1C1#99,EVLA_KA#A1C1#100,EVLA_KA#A1C1#101,EVLA_KA#A1C1#102,EVLA_KA#A1C1#103,EVLA_KA#A1C1#104,EVLA_KA#A1C1#105,EVLA_KA#A1C1#106,EVLA_KA#A1C1#107,EVLA_KA#A1C1#108,EVLA_KA#A1C1#109,EVLA_KA#A1C1#110,EVLA_KA#A1C1#111,EVLA_KA#A1C1#112,EVLA_KA#A1C1#113,EVLA_KA#A2C2#114,EVLA_KA#A2C2#115,EVLA_KA#A2C2#116,EVLA_KA#A2C2#117,EVLA_KA#A2C2#118,EVLA_KA#A2C2#119,EVLA_KA#A2C2#120,EVLA_KA#A2C2#121,EVLA_KA#A2C2#122,EVLA_KA#A2C2#123,EVLA_KA#A2C2#124,EVLA_KA#A2C2#125,EVLA_KA#A2C2#126,EVLA_KA#A2C2#127,EVLA_KA#A2C2#128,EVLA_KA#A2C2#129,EVLA_KA#B1D1#130,EVLA_KA#B1D1#131,EVLA_KA#B1D1#132,EVLA_KA#B1D1#133,EVLA_KA#B1D1#134,EVLA_KA#B1D1#135,EVLA_KA#B1D1#136,EVLA_KA#B1D1#137,EVLA_KA#B1D1#138,EVLA_KA#B1D1#139,EVLA_KA#B1D1#140,EVLA_KA#B1D1#141,EVLA_KA#B1D1#142,EVLA_KA#B1D1#143,EVLA_KA#B1D1#144,EVLA_KA#B2D2#145,EVLA_KA#B2D2#146,EVLA_KA#B2D2#147,EVLA_KA#B2D2#148,EVLA_KA#B2D2#149,EVLA_KA#B2D2#150,EVLA_KA#B2D2#151,EVLA_KA#B2D2#152,EVLA_KA#B2D2#153,EVLA_KA#B2D2#154,EVLA_KA#B2D2#155,EVLA_KA#B2D2#156,EVLA_KA#B2D2#157,EVLA_KA#B2D2#158,EVLA_KA#B2D2#159,EVLA_KA#B2D2#160",59.8,3C286
https://data.nrao.edu/portal/#/productViewer/19A-313.sb38652883.eb38694869.59128.00829372685,"128000000.0,128000000.0,128000000.0,128000000.0,128000000.0,128000000.0,128000000.0,128000000.0,128000000.0,128000000.0,128000000.0,128000000.0,128000000.0,128000000.0,128000000.0,128000000.0,128000000.0,128000000.0,128000000.0,128000000.0,128000000.0,128000000.0,128000000.0,128000000.0,128000000.0,128000000.0,128000000.0,128000000.0,128000000.0,128000000.0,128000000.0,128000000.0,128000000.0,128000000.0,128000000.0,128000000.0,128000000.0,128000000.0,128000000.0,128000000.0,128000000.0,128000000.0,128000000.0,128000000.0,128000000.0,128000000.0,128000000.0,128000000.0,128000000.0,128000000.0,128000000.0,128000000.0,128000000.0,128000000.0,128000000.0,128000000.0,128000000.0,128000000.0,128000000.0,128000000.0,128000000.0,128000000.0,128000000.0","35041000000.0,35169000000.0,35297000000.0,35425000000.0,35553000000.0,35681000000.0,35809000000.0,35937000000.0,36065000000.0,36193000000.0,36321000000.0,36449000000.0,36577000000.0,36705000000.0,36833000000.0,36961000000.0,33041000000.0,33169000000.0,33297000000.0,33425000000.0,33553000000.0,33681000000.0,33809000000.0,33937000000.0,34065000000.0,34193000000.0,34321000000.0,34449000000.0,34577000000.0,34705000000.0,34833000000.0,34961000000.0,29461000000.0,29333000000.0,29205000000.0,29077000000.0,28949000000.0,28821000000.0,28693000000.0,28565000000.0,28437000000.0,28309000000.0,28181000000.0,28053000000.0,27925000000.0,27797000000.0,27669000000.0,31461000000.0,31333000000.0,31205000000.0,31077000000.0,30949000000.0,30821000000.0,30693000000.0,30565000000.0,30437000000.0,30309000000.0,30181000000.0,30053000000.0,29925000000.0,29797000000.0,29669000000.0,29541000000.0",B,3.6896E10,2.7604E10,EVLA,"64,64,64,64,64,64,64,64,64,64,64,64,64,64,64,64,64,64,64,64,64,64,64,64,64,64,64,64,64,64,64,64,64,64,64,64,64,64,64,64,64,64,64,64,64,64,64,64,64,64,64,64,64,64,64,64,64,64,64,64,64,64,64",19A-313.sb38652883.eb38694869.59128.00829372685,"RR, RL, LR, LL",19A-313,PUBLIC,-25.470162377215704,275.24103618906213,"2000000.0,2000000.0,2000000.0,2000000.0,2000000.0,2000000.0,2000000.0,2000000.0,2000000.0,2000000.0,2000000.0,2000000.0,2000000.0,2000000.0,2000000.0,2000000.0,2000000.0,2000000.0,2000000.0,2000000.0,2000000.0,2000000.0,2000000.0,2000000.0,2000000.0,2000000.0,2000000.0,2000000.0,2000000.0,2000000.0,2000000.0,2000000.0,2000000.0,2000000.0,2000000.0,2000000.0,2000000.0,2000000.0,2000000.0,2000000.0,2000000.0,2000000.0,2000000.0,2000000.0,2000000.0,2000000.0,2000000.0,2000000.0,2000000.0,2000000.0,2000000.0,2000000.0,2000000.0,2000000.0,2000000.0,2000000.0,2000000.0,2000000.0,2000000.0,2000000.0,2000000.0,2000000.0,2000000.0","EVLA_KA#A1C1#98,EVLA_KA#A1C1#99,EVLA_KA#A1C1#100,EVLA_KA#A1C1#101,EVLA_KA#A1C1#102,EVLA_KA#A1C1#103,EVLA_KA#A1C1#104,EVLA_KA#A1C1#105,EVLA_KA#A1C1#106,EVLA_KA#A1C1#107,EVLA_KA#A1C1#108,EVLA_KA#A1C1#109,EVLA_KA#A1C1#110,EVLA_KA#A1C1#111,EVLA_KA#A1C1#112,EVLA_KA#A1C1#113,EVLA_KA#A2C2#114,EVLA_KA#A2C2#115,EVLA_KA#A2C2#116,EVLA_KA#A2C2#117,EVLA_KA#A2C2#118,EVLA_KA#A2C2#119,EVLA_KA#A2C2#120,EVLA_KA#A2C2#121,EVLA_KA#A2C2#122,EVLA_KA#A2C2#123,EVLA_KA#A2C2#124,EVLA_KA#A2C2#125,EVLA_KA#A2C2#126,EVLA_KA#A2C2#127,EVLA_KA#A2C2#128,EVLA_KA#A2C2#129,EVLA_KA#B1D1#130,EVLA_KA#B1D1#131,EVLA_KA#B1D1#132,EVLA_KA#B1D1#133,EVLA_KA#B1D1#134,EVLA_KA#B1D1#135,EVLA_KA#B1D1#136,EVLA_KA#B1D1#137,EVLA_KA#B1D1#138,EVLA_KA#B1D1#139,EVLA_KA#B1D1#140,EVLA_KA#B1D1#141,EVLA_KA#B1D1#142,EVLA_KA#B1D1#143,EVLA_KA#B1D1#144,EVLA_KA#B2D2#145,EVLA_KA#B2D2#146,EVLA_KA#B2D2#147,EVLA_KA#B2D2#148,EVLA_KA#B2D2#149,EVLA_KA#B2D2#150,EVLA_KA#B2D2#151,EVLA_KA#B2D2#152,EVLA_KA#B2D2#153,EVLA_KA#B2D2#154,EVLA_KA#B2D2#155,EVLA_KA#B2D2#156,EVLA_KA#B2D2#157,EVLA_KA#B2D2#158,EVLA_KA#B2D2#159,EVLA_KA#B2D2#160",29.9,J1820-2528
https://data.nrao.edu/portal/#/productViewer/19A-313.sb38652883.eb38694869.59128.00829372685,"128000000.0,128000000.0,128000000.0,128000000.0,128000000.0,128000000.0,128000000.0,128000000.0,128000000.0,128000000.0,128000000.0,128000000.0,128000000.0,128000000.0,128000000.0,128000000.0,128000000.0,128000000.0,128000000.0,128000000.0,128000000.0,128000000.0,128000000.0,128000000.0,128000000.0,128000000.0,128000000.0,128000000.0,128000000.0,128000000.0,128000000.0,128000000.0,128000000.0,128000000.0,128000000.0,128000000.0,128000000.0,128000000.0,128000000.0,128000000.0,128000000.0,128000000.0,128000000.0,128000000.0,128000000.0,128000000.0,128000000.0,128000000.0,128000000.0,128000000.0,128000000.0,128000000.0,128000000.0,128000000.0,128000000.0,128000000.0,128000000.0,128000000.0,128000000.0,128000000.0,128000000.0,128000000.0,128000000.0","35041000000.0,35169000000.0,35297000000.0,35425000000.0,35553000000.0,35681000000.0,35809000000.0,35937000000.0,36065000000.0,36193000000.0,36321000000.0,36449000000.0,36577000000.0,36705000000.0,36833000000.0,36961000000.0,33041000000.0,33169000000.0,33297000000.0,33425000000.0,33553000000.0,33681000000.0,33809000000.0,33937000000.0,34065000000.0,34193000000.0,34321000000.0,34449000000.0,34577000000.0,34705000000.0,34833000000.0,34961000000.0,29461000000.0,29333000000.0,29205000000.0,29077000000.0,28949000000.0,28821000000.0,28693000000.0,28565000000.0,28437000000.0,28309000000.0,28181000000.0,28053000000.0,27925000000.0,27797000000.0,27669000000.0,31461000000.0,31333000000.0,31205000000.0,31077000000.0,30949000000.0,30821000000.0,30693000000.0,30565000000.0,30437000000.0,30309000000.0,30181000000.0,30053000000.0,29925000000.0,29797000000.0,29669000000.0,29541000000.0",B,3.6896E10,2.7604E10,EVLA,"64,64,64,64,64,64,64,64,64,64,64,64,64,64,64,64,64,64,64,64,64,64,64,64,64,64,64,64,64,64,64,64,64,64,64,64,64,64,64,64,64,64,64,64,64,64,64,64,64,64,64,64,64,64,64,64,64,64,64,64,64,64,64",19A-313.sb38652883.eb38694869.59128.00829372685,"RR, RL, LR, LL",19A-313,PUBLIC,-24.019152387492444,277.6803666679017,"2000000.0,2000000.0,2000000.0,2000000.0,2000000.0,2000000.0,2000000.0,2000000.0,2000000.0,2000000.0,2000000.0,2000000.0,2000000.0,2000000.0,2000000.0,2000000.0,2000000.0,2000000.0,2000000.0,2000000.0,2000000.0,2000000.0,2000000.0,2000000.0,2000000.0,2000000.0,2000000.0,2000000.0,2000000.0,2000000.0,2000000.0,2000000.0,2000000.0,2000000.0,2000000.0,2000000.0,2000000.0,2000000.0,2000000.0,2000000.0,2000000.0,2000000.0,2000000.0,2000000.0,2000000.0,2000000.0,2000000.0,2000000.0,2000000.0,2000000.0,2000000.0,2000000.0,2000000.0,2000000.0,2000000.0,2000000.0,2000000.0,2000000.0,2000000.0,2000000.0,2000000.0,2000000.0,2000000.0","EVLA_KA#A1C1#98,EVLA_KA#A1C1#99,EVLA_KA#A1C1#100,EVLA_KA#A1C1#101,EVLA_KA#A1C1#102,EVLA_KA#A1C1#103,EVLA_KA#A1C1#104,EVLA_KA#A1C1#105,EVLA_KA#A1C1#106,EVLA_KA#A1C1#107,EVLA_KA#A1C1#108,EVLA_KA#A1C1#109,EVLA_KA#A1C1#110,EVLA_KA#A1C1#111,EVLA_KA#A1C1#112,EVLA_KA#A1C1#113,EVLA_KA#A2C2#114,EVLA_KA#A2C2#115,EVLA_KA#A2C2#116,EVLA_KA#A2C2#117,EVLA_KA#A2C2#118,EVLA_KA#A2C2#119,EVLA_KA#A2C2#120,EVLA_KA#A2C2#121,EVLA_KA#A2C2#122,EVLA_KA#A2C2#123,EVLA_KA#A2C2#124,EVLA_KA#A2C2#125,EVLA_KA#A2C2#126,EVLA_KA#A2C2#127,EVLA_KA#A2C2#128,EVLA_KA#A2C2#129,EVLA_KA#B1D1#130,EVLA_KA#B1D1#131,EVLA_KA#B1D1#132,EVLA_KA#B1D1#133,EVLA_KA#B1D1#134,EVLA_KA#B1D1#135,EVLA_KA#B1D1#136,EVLA_KA#B1D1#137,EVLA_KA#B1D1#138,EVLA_KA#B1D1#139,EVLA_KA#B1D1#140,EVLA_KA#B1D1#141,EVLA_KA#B1D1#142,EVLA_KA#B1D1#143,EVLA_KA#B1D1#144,EVLA_KA#B2D2#145,EVLA_KA#B2D2#146,EVLA_KA#B2D2#147,EVLA_KA#B2D2#148,EVLA_KA#B2D2#149,EVLA_KA#B2D2#150,EVLA_KA#B2D2#151,EVLA_KA#B2D2#152,EVLA_KA#B2D2#153,EVLA_KA#B2D2#154,EVLA_KA#B2D2#155,EVLA_KA#B2D2#156,EVLA_KA#B2D2#157,EVLA_KA#B2D2#158,EVLA_KA#B2D2#159,EVLA_KA#B2D2#160",99.7,V3890SGR
https://data.nrao.edu/portal/#/productViewer/19A-313.sb38652883.eb38694869.59128.00829372685,"128000000.0,128000000.0,128000000.0,128000000.0,128000000.0,128000000.0,128000000.0,128000000.0,128000000.0,128000000.0,128000000.0,128000000.0,128000000.0,128000000.0,128000000.0,128000000.0,128000000.0,128000000.0,128000000.0,128000000.0,128000000.0,128000000.0,128000000.0,128000000.0,128000000.0,128000000.0,128000000.0,128000000.0,128000000.0,128000000.0,128000000.0,128000000.0,128000000.0,128000000.0,128000000.0,128000000.0,128000000.0,128000000.0,128000000.0,128000000.0,128000000.0,128000000.0,128000000.0,128000000.0,128000000.0,128000000.0,128000000.0,128000000.0,128000000.0,128000000.0,128000000.0,128000000.0,128000000.0,128000000.0,128000000.0,128000000.0,128000000.0,128000000.0,128000000.0,128000000.0,128000000.0,128000000.0,128000000.0","35041000000.0,35169000000.0,35297000000.0,35425000000.0,35553000000.0,35681000000.0,35809000000.0,35937000000.0,36065000000.0,36193000000.0,36321000000.0,36449000000.0,36577000000.0,36705000000.0,36833000000.0,36961000000.0,33041000000.0,33169000000.0,33297000000.0,33425000000.0,33553000000.0,33681000000.0,33809000000.0,33937000000.0,34065000000.0,34193000000.0,34321000000.0,34449000000.0,34577000000.0,34705000000.0,34833000000.0,34961000000.0,29461000000.0,29333000000.0,29205000000.0,29077000000.0,28949000000.0,28821000000.0,28693000000.0,28565000000.0,28437000000.0,28309000000.0,28181000000.0,28053000000.0,27925000000.0,27797000000.0,27669000000.0,31461000000.0,31333000000.0,31205000000.0,31077000000.0,30949000000.0,30821000000.0,30693000000.0,30565000000.0,30437000000.0,30309000000.0,30181000000.0,30053000000.0,29925000000.0,29797000000.0,29669000000.0,29541000000.0",B,3.6896E10,2.7604E10,EVLA,"64,64,64,64,64,64,64,64,64,64,64,64,64,64,64,64,64,64,64,64,64,64,64,64,64,64,64,64,64,64,64,64,64,64,64,64,64,64,64,64,64,64,64,64,64,64,64,64,64,64,64,64,64,64,64,64,64,64,64,64,64,64,64",19A-313.sb38652883.eb38694869.59128.00829372685,"RR, RL, LR, LL",19A-313,PUBLIC,-25.107196112096315,271.91954124856545,"2000000.0,2000000.0,2000000.0,2000000.0,2000000.0,2000000.0,2000000.0,2000000.0,2000000.0,2000000.0,2000000.0,2000000.0,2000000.0,2000000.0,2000000.0,2000000.0,2000000.0,2000000.0,2000000.0,2000000.0,2000000.0,2000000.0,2000000.0,2000000.0,2000000.0,2000000.0,2000000.0,2000000.0,2000000.0,2000000.0,2000000.0,2000000.0,2000000.0,2000000.0,2000000.0,2000000.0,2000000.0,2000000.0,2000000.0,2000000.0,2000000.0,2000000.0,2000000.0,2000000.0,2000000.0,2000000.0,2000000.0,2000000.0,2000000.0,2000000.0,2000000.0,2000000.0,2000000.0,2000000.0,2000000.0,2000000.0,2000000.0,2000000.0,2000000.0,2000000.0,2000000.0,2000000.0,2000000.0","EVLA_KA#A1C1#98,EVLA_KA#A1C1#99,EVLA_KA#A1C1#100,EVLA_KA#A1C1#101,EVLA_KA#A1C1#102,EVLA_KA#A1C1#103,EVLA_KA#A1C1#104,EVLA_KA#A1C1#105,EVLA_KA#A1C1#106,EVLA_KA#A1C1#107,EVLA_KA#A1C1#108,EVLA_KA#A1C1#109,EVLA_KA#A1C1#110,EVLA_KA#A1C1#111,EVLA_KA#A1C1#112,EVLA_KA#A1C1#113,EVLA_KA#A2C2#114,EVLA_KA#A2C2#115,EVLA_KA#A2C2#116,EVLA_KA#A2C2#117,EVLA_KA#A2C2#118,EVLA_KA#A2C2#119,EVLA_KA#A2C2#120,EVLA_KA#A2C2#121,EVLA_KA#A2C2#122,EVLA_KA#A2C2#123,EVLA_KA#A2C2#124,EVLA_KA#A2C2#125,EVLA_KA#A2C2#126,EVLA_KA#A2C2#127,EVLA_KA#A2C2#128,EVLA_KA#A2C2#129,EVLA_KA#B1D1#130,EVLA_KA#B1D1#131,EVLA_KA#B1D1#132,EVLA_KA#B1D1#133,EVLA_KA#B1D1#134,EVLA_KA#B1D1#135,EVLA_KA#B1D1#136,EVLA_KA#B1D1#137,EVLA_KA#B1D1#138,EVLA_KA#B1D1#139,EVLA_KA#B1D1#140,EVLA_KA#B1D1#141,EVLA_KA#B1D1#142,EVLA_KA#B1D1#143,EVLA_KA#B1D1#144,EVLA_KA#B2D2#145,EVLA_KA#B2D2#146,EVLA_KA#B2D2#147,EVLA_KA#B2D2#148,EVLA_KA#B2D2#149,EVLA_KA#B2D2#150,EVLA_KA#B2D2#151,EVLA_KA#B2D2#152,EVLA_KA#B2D2#153,EVLA_KA#B2D2#154,EVLA_KA#B2D2#155,EVLA_KA#B2D2#156,EVLA_KA#B2D2#157,EVLA_KA#B2D2#158,EVLA_KA#B2D2#159,EVLA_KA#B2D2#160",59.85,J1807-2506
https://data.nrao.edu/portal/#/productViewer/19A-139.sb36284254.eb36513285.58566.71715278935,,,B,3.6896E10,2.8976E10,EVLA,,19A-139.sb36284254.eb36513285.58566.71715278935,"RR, LL",19A-139,PUBLIC,33.15975916513661,24.42208096340236,,,58.05,3C48
https://data.nrao.edu/portal/#/productViewer/19B-023.sb37298495.eb37843045.58878.50608446759,"128000000.0,128000000.0,128000000.0,128000000.0,128000000.0,128000000.0,128000000.0,128000000.0,128000000.0,128000000.0,128000000.0,128000000.0,128000000.0,128000000.0,128000000.0,128000000.0,128000000.0,128000000.0,128000000.0,128000000.0,128000000.0,128000000.0,128000000.0,128000000.0,128000000.0,128000000.0,128000000.0,128000000.0,128000000.0,128000000.0,128000000.0,128000000.0,128000000.0,128000000.0,128000000.0,128000000.0,128000000.0,128000000.0,128000000.0,128000000.0,128000000.0,128000000.0,128000000.0,128000000.0,128000000.0,128000000.0,128000000.0,128000000.0,128000000.0,128000000.0,128000000.0,128000000.0,128000000.0,128000000.0,128000000.0,128000000.0,128000000.0,128000000.0,128000000.0,128000000.0,128000000.0,128000000.0,128000000.0,128000000.0","33041000000.0,33169000000.0,33297000000.0,33425000000.0,33553000000.0,33681000000.0,33809000000.0,33937000000.0,34065000000.0,34193000000.0,34321000000.0,34449000000.0,34577000000.0,34705000000.0,34833000000.0,34961000000.0,35041000000.0,35169000000.0,35297000000.0,35425000000.0,35553000000.0,35681000000.0,35809000000.0,35937000000.0,36065000000.0,36193000000.0,36321000000.0,36449000000.0,36577000000.0,36705000000.0,36833000000.0,36961000000.0,29041000000.0,29169000000.0,29297000000.0,29425000000.0,29553000000.0,29681000000.0,29809000000.0,29937000000.0,30065000000.0,30193000000.0,30321000000.0,30449000000.0,30577000000.0,30705000000.0,30833000000.0,30961000000.0,31041000000.0,31169000000.0,31297000000.0,31425000000.0,31553000000.0,31681000000.0,31809000000.0,31937000000.0,32065000000.0,32193000000.0,32321000000.0,32449000000.0,32577000000.0,32705000000.0,32833000000.0,32961000000.0",D->C,3.6896E10,2.8976E10,EVLA,"64,64,64,64,64,64,64,64,64,64,64,64,64,64,64,64,64,64,64,64,64,64,64,64,64,64,64,64,64,64,64,64,64,64,64,64,64,64,64,64,64,64,64,64,64,64,64,64,64,64,64,64,64,64,64,64,64,64,64,64,64,64,64,64",19B-023.sb37298495.eb37843045.58878.50608446759,"RR, RL, LR, LL",19B-023,PUBLIC,-42.105399337132496,216.98457316707507,"2000000.0,2000000.0,2000000.0,2000000.0,2000000.0,2000000.0,2000000.0,2000000.0,2000000.0,2000000.0,2000000.0,2000000.0,2000000.0,2000000.0,2000000.0,2000000.0,2000000.0,2000000.0,2000000.0,2000000.0,2000000.0,2000000.0,2000000.0,2000000.0,2000000.0,2000000.0,2000000.0,2000000.0,2000000.0,2000000.0,2000000.0,2000000.0,2000000.0,2000000.0,2000000.0,2000000.0,2000000.0,2000000.0,2000000.0,2000000.0,2000000.0,2000000.0,2000000.0,2000000.0,2000000.0,2000000.0,2000000.0,2000000.0,2000000.0,2000000.0,2000000.0,2000000.0,2000000.0,2000000.0,2000000.0,2000000.0,2000000.0,2000000.0,2000000.0,2000000.0,2000000.0,2000000.0,2000000.0,2000000.0","EVLA_KA#A1C1#2,EVLA_KA#A1C1#3,EVLA_KA#A1C1#4,EVLA_KA#A1C1#5,EVLA_KA#A1C1#6,EVLA_KA#A1C1#7,EVLA_KA#A1C1#8,EVLA_KA#A1C1#9,EVLA_KA#A1C1#10,EVLA_KA#A1C1#11,EVLA_KA#A1C1#12,EVLA_KA#A1C1#13,EVLA_KA#A1C1#14,EVLA_KA#A1C1#15,EVLA_KA#A1C1#16,EVLA_KA#A1C1#17,EVLA_KA#A2C2#18,EVLA_KA#A2C2#19,EVLA_KA#A2C2#20,EVLA_KA#A2C2#21,EVLA_KA#A2C2#22,EVLA_KA#A2C2#23,EVLA_KA#A2C2#24,EVLA_KA#A2C2#25,EVLA_KA#A2C2#26,EVLA_KA#A2C2#27,EVLA_KA#A2C2#28,EVLA_KA#A2C2#29,EVLA_KA#A2C2#30,EVLA_KA#A2C2#31,EVLA_KA#A2C2#32,EVLA_KA#A2C2#33,EVLA_KA#B1D1#34,EVLA_KA#B1D1#35,EVLA_KA#B1D1#36,EVLA_KA#B1D1#37,EVLA_KA#B1D1#38,EVLA_KA#B1D1#39,EVLA_KA#B1D1#40,EVLA_KA#B1D1#41,EVLA_KA#B1D1#42,EVLA_KA#B1D1#43,EVLA_KA#B1D1#44,EVLA_KA#B1D1#45,EVLA_KA#B1D1#46,EVLA_KA#B1D1#47,EVLA_KA#B1D1#48,EVLA_KA#B1D1#49,EVLA_KA#B2D2#50,EVLA_KA#B2D2#51,EVLA_KA#B2D2#52,EVLA_KA#B2D2#53,EVLA_KA#B2D2#54,EVLA_KA#B2D2#55,EVLA_KA#B2D2#56,EVLA_KA#B2D2#57,EVLA_KA#B2D2#58,EVLA_KA#B2D2#59,EVLA_KA#B2D2#60,EVLA_KA#B2D2#61,EVLA_KA#B2D2#62,EVLA_KA#B2D2#63,EVLA_KA#B2D2#64,EVLA_KA#B2D2#65",59.85,J1427-4206
https://data.nrao.edu/portal/#/productViewer/19B-023.sb37298495.eb37843045.58878.50608446759,"128000000.0,128000000.0,128000000.0,128000000.0,128000000.0,128000000.0,128000000.0,128000000.0,128000000.0,128000000.0,128000000.0,128000000.0,128000000.0,128000000.0,128000000.0,128000000.0,128000000.0,128000000.0,128000000.0,128000000.0,128000000.0,128000000.0,128000000.0,128000000.0,128000000.0,128000000.0,128000000.0,128000000.0,128000000.0,128000000.0,128000000.0,128000000.0,128000000.0,128000000.0,128000000.0,128000000.0,128000000.0,128000000.0,128000000.0,128000000.0,128000000.0,128000000.0,128000000.0,128000000.0,128000000.0,128000000.0,128000000.0,128000000.0,128000000.0,128000000.0,128000000.0,128000000.0,128000000.0,128000000.0,128000000.0,128000000.0,128000000.0,128000000.0,128000000.0,128000000.0,128000000.0,128000000.0,128000000.0,128000000.0","33041000000.0,33169000000.0,33297000000.0,33425000000.0,33553000000.0,33681000000.0,33809000000.0,33937000000.0,34065000000.0,34193000000.0,34321000000.0,34449000000.0,34577000000.0,34705000000.0,34833000000.0,34961000000.0,35041000000.0,35169000000.0,35297000000.0,35425000000.0,35553000000.0,35681000000.0,35809000000.0,35937000000.0,36065000000.0,36193000000.0,36321000000.0,36449000000.0,36577000000.0,36705000000.0,36833000000.0,36961000000.0,29041000000.0,29169000000.0,29297000000.0,29425000000.0,29553000000.0,29681000000.0,29809000000.0,29937000000.0,30065000000.0,30193000000.0,30321000000.0,30449000000.0,30577000000.0,30705000000.0,30833000000.0,30961000000.0,31041000000.0,31169000000.0,31297000000.0,31425000000.0,31553000000.0,31681000000.0,31809000000.0,31937000000.0,32065000000.0,32193000000.0,32321000000.0,32449000000.0,32577000000.0,32705000000.0,32833000000.0,32961000000.0",D->C,3.6896E10,2.8976E10,EVLA,"64,64,64,64,64,64,64,64,64,64,64,64,64,64,64,64,64,64,64,64,64,64,64,64,64,64,64,64,64,64,64,64,64,64,64,64,64,64,64,64,64,64,64,64,64,64,64,64,64,64,64,64,64,64,64,64,64,64,64,64,64,64,64,64",19B-023.sb37298495.eb37843045.58878.50608446759,"RR, RL, LR, LL",19B-023,PUBLIC,-41.39791666669135,212.04229166910358,"2000000.0,2000000.0,2000000.0,2000000.0,2000000.0,2000000.0,2000000.0,2000000.0,2000000.0,2000000.0,2000000.0,2000000.0,2000000.0,2000000.0,2000000.0,2000000.0,2000000.0,2000000.0,2000000.0,2000000.0,2000000.0,2000000.0,2000000.0,2000000.0,2000000.0,2000000.0,2000000.0,2000000.0,2000000.0,2000000.0,2000000.0,2000000.0,2000000.0,2000000.0,2000000.0,2000000.0,2000000.0,2000000.0,2000000.0,2000000.0,2000000.0,2000000.0,2000000.0,2000000.0,2000000.0,2000000.0,2000000.0,2000000.0,2000000.0,2000000.0,2000000.0,2000000.0,2000000.0,2000000.0,2000000.0,2000000.0,2000000.0,2000000.0,2000000.0,2000000.0,2000000.0,2000000.0,2000000.0,2000000.0","EVLA_KA#A1C1#2,EVLA_KA#A1C1#3,EVLA_KA#A1C1#4,EVLA_KA#A1C1#5,EVLA_KA#A1C1#6,EVLA_KA#A1C1#7,EVLA_KA#A1C1#8,EVLA_KA#A1C1#9,EVLA_KA#A1C1#10,EVLA_KA#A1C1#11,EVLA_KA#A1C1#12,EVLA_KA#A1C1#13,EVLA_KA#A1C1#14,EVLA_KA#A1C1#15,EVLA_KA#A1C1#16,EVLA_KA#A1C1#17,EVLA_KA#A2C2#18,EVLA_KA#A2C2#19,EVLA_KA#A2C2#20,EVLA_KA#A2C2#21,EVLA_KA#A2C2#22,EVLA_KA#A2C2#23,EVLA_KA#A2C2#24,EVLA_KA#A2C2#25,EVLA_KA#A2C2#26,EVLA_KA#A2C2#27,EVLA_KA#A2C2#28,EVLA_KA#A2C2#29,EVLA_KA#A2C2#30,EVLA_KA#A2C2#31,EVLA_KA#A2C2#32,EVLA_KA#A2C2#33,EVLA_KA#B1D1#34,EVLA_KA#B1D1#35,EVLA_KA#B1D1#36,EVLA_KA#B1D1#37,EVLA_KA#B1D1#38,EVLA_KA#B1D1#39,EVLA_KA#B1D1#40,EVLA_KA#B1D1#41,EVLA_KA#B1D1#42,EVLA_KA#B1D1#43,EVLA_KA#B1D1#44,EVLA_KA#B1D1#45,EVLA_KA#B1D1#46,EVLA_KA#B1D1#47,EVLA_KA#B1D1#48,EVLA_KA#B1D1#49,EVLA_KA#B2D2#50,EVLA_KA#B2D2#51,EVLA_KA#B2D2#52,EVLA_KA#B2D2#53,EVLA_KA#B2D2#54,EVLA_KA#B2D2#55,EVLA_KA#B2D2#56,EVLA_KA#B2D2#57,EVLA_KA#B2D2#58,EVLA_KA#B2D2#59,EVLA_KA#B2D2#60,EVLA_KA#B2D2#61,EVLA_KA#B2D2#62,EVLA_KA#B2D2#63,EVLA_KA#B2D2#64,EVLA_KA#B2D2#65",176.5,PDS70
https://data.nrao.edu/portal/#/productViewer/19B-023.sb37298495.eb37843045.58878.50608446759,"128000000.0,128000000.0,128000000.0,128000000.0,128000000.0,128000000.0,128000000.0,128000000.0,128000000.0,128000000.0,128000000.0,128000000.0,128000000.0,128000000.0,128000000.0,128000000.0,128000000.0,128000000.0,128000000.0,128000000.0,128000000.0,128000000.0,128000000.0,128000000.0,128000000.0,128000000.0,128000000.0,128000000.0,128000000.0,128000000.0,128000000.0,128000000.0,128000000.0,128000000.0,128000000.0,128000000.0,128000000.0,128000000.0,128000000.0,128000000.0,128000000.0,128000000.0,128000000.0,128000000.0,128000000.0,128000000.0,128000000.0,128000000.0,128000000.0,128000000.0,128000000.0,128000000.0,128000000.0,128000000.0,128000000.0,128000000.0,128000000.0,128000000.0,128000000.0,128000000.0,128000000.0,128000000.0,128000000.0,128000000.0","33041000000.0,33169000000.0,33297000000.0,33425000000.0,33553000000.0,33681000000.0,33809000000.0,33937000000.0,34065000000.0,34193000000.0,34321000000.0,34449000000.0,34577000000.0,34705000000.0,34833000000.0,34961000000.0,35041000000.0,35169000000.0,35297000000.0,35425000000.0,35553000000.0,35681000000.0,35809000000.0,35937000000.0,36065000000.0,36193000000.0,36321000000.0,36449000000.0,36577000000.0,36705000000.0,36833000000.0,36961000000.0,29041000000.0,29169000000.0,29297000000.0,29425000000.0,29553000000.0,29681000000.0,29809000000.0,29937000000.0,30065000000.0,30193000000.0,30321000000.0,30449000000.0,30577000000.0,30705000000.0,30833000000.0,30961000000.0,31041000000.0,31169000000.0,31297000000.0,31425000000.0,31553000000.0,31681000000.0,31809000000.0,31937000000.0,32065000000.0,32193000000.0,32321000000.0,32449000000.0,32577000000.0,32705000000.0,32833000000.0,32961000000.0",D->C,3.6896E10,2.8976E10,EVLA,"64,64,64,64,64,64,64,64,64,64,64,64,64,64,64,64,64,64,64,64,64,64,64,64,64,64,64,64,64,64,64,64,64,64,64,64,64,64,64,64,64,64,64,64,64,64,64,64,64,64,64,64,64,64,64,64,64,64,64,64,64,64,64,64",19B-023.sb37298495.eb37843045.58878.50608446759,"RR, RL, LR, LL",19B-023,PUBLIC,30.50915523770354,202.78453326533136,"2000000.0,2000000.0,2000000.0,2000000.0,2000000.0,2000000.0,2000000.0,2000000.0,2000000.0,2000000.0,2000000.0,2000000.0,2000000.0,2000000.0,2000000.0,2000000.0,2000000.0,2000000.0,2000000.0,2000000.0,2000000.0,2000000.0,2000000.0,2000000.0,2000000.0,2000000.0,2000000.0,2000000.0,2000000.0,2000000.0,2000000.0,2000000.0,2000000.0,2000000.0,2000000.0,2000000.0,2000000.0,2000000.0,2000000.0,2000000.0,2000000.0,2000000.0,2000000.0,2000000.0,2000000.0,2000000.0,2000000.0,2000000.0,2000000.0,2000000.0,2000000.0,2000000.0,2000000.0,2000000.0,2000000.0,2000000.0,2000000.0,2000000.0,2000000.0,2000000.0,2000000.0,2000000.0,2000000.0,2000000.0","EVLA_KA#A1C1#2,EVLA_KA#A1C1#3,EVLA_KA#A1C1#4,EVLA_KA#A1C1#5,EVLA_KA#A1C1#6,EVLA_KA#A1C1#7,EVLA_KA#A1C1#8,EVLA_KA#A1C1#9,EVLA_KA#A1C1#10,EVLA_KA#A1C1#11,EVLA_KA#A1C1#12,EVLA_KA#A1C1#13,EVLA_KA#A1C1#14,EVLA_KA#A1C1#15,EVLA_KA#A1C1#16,EVLA_KA#A1C1#17,EVLA_KA#A2C2#18,EVLA_KA#A2C2#19,EVLA_KA#A2C2#20,EVLA_KA#A2C2#21,EVLA_KA#A2C2#22,EVLA_KA#A2C2#23,EVLA_KA#A2C2#24,EVLA_KA#A2C2#25,EVLA_KA#A2C2#26,EVLA_KA#A2C2#27,EVLA_KA#A2C2#28,EVLA_KA#A2C2#29,EVLA_KA#A2C2#30,EVLA_KA#A2C2#31,EVLA_KA#A2C2#32,EVLA_KA#A2C2#33,EVLA_KA#B1D1#34,EVLA_KA#B1D1#35,EVLA_KA#B1D1#36,EVLA_KA#B1D1#37,EVLA_KA#B1D1#38,EVLA_KA#B1D1#39,EVLA_KA#B1D1#40,EVLA_KA#B1D1#41,EVLA_KA#B1D1#42,EVLA_KA#B1D1#43,EVLA_KA#B1D1#44,EVLA_KA#B1D1#45,EVLA_KA#B1D1#46,EVLA_KA#B1D1#47,EVLA_KA#B1D1#48,EVLA_KA#B1D1#49,EVLA_KA#B2D2#50,EVLA_KA#B2D2#51,EVLA_KA#B2D2#52,EVLA_KA#B2D2#53,EVLA_KA#B2D2#54,EVLA_KA#B2D2#55,EVLA_KA#B2D2#56,EVLA_KA#B2D2#57,EVLA_KA#B2D2#58,EVLA_KA#B2D2#59,EVLA_KA#B2D2#60,EVLA_KA#B2D2#61,EVLA_KA#B2D2#62,EVLA_KA#B2D2#63,EVLA_KA#B2D2#64,EVLA_KA#B2D2#65",29.95,1331+305=3C286
https://data.nrao.edu/portal/#/productViewer/19B-196.sb37399903.eb37573620.58825.279551377316,"128000000.0,128000000.0,128000000.0,128000000.0,128000000.0,128000000.0,128000000.0,128000000.0,128000000.0,128000000.0,128000000.0,128000000.0,128000000.0,128000000.0,128000000.0,128000000.0","36002500000.0,36130166666.666664,36258500000.0,36386500000.0,36514500000.0,36642500000.0,36770500000.0,36898500000.0,35002500000.0,35130500000.0,35258500000.0,35386500000.0,35514500000.0,35642500000.0,35770500000.0,35898500000.0",D,3.6834E10,3.4938E10,EVLA,"128,384,128,128,128,128,128,128,128,128,128,128,128,128,128,128",19B-196.sb37399903.eb37573620.58825.279551377316,"RR, LL",19B-196,PUBLIC,49.85200932178193,85.65057465185124,"1000000.0,333333.3333333333,1000000.0,1000000.0,1000000.0,1000000.0,1000000.0,1000000.0,1000000.0,1000000.0,1000000.0,1000000.0,1000000.0,1000000.0,1000000.0,1000000.0","EVLA_KA#A0C0#2,EVLA_KA#A0C0#3,EVLA_KA#A0C0#4,EVLA_KA#A0C0#5,EVLA_KA#A0C0#6,EVLA_KA#A0C0#7,EVLA_KA#A0C0#8,EVLA_KA#A0C0#9,EVLA_KA#B0D0#10,EVLA_KA#B0D0#11,EVLA_KA#B0D0#12,EVLA_KA#B0D0#13,EVLA_KA#B0D0#14,EVLA_KA#B0D0#15,EVLA_KA#B0D0#16,EVLA_KA#B0D0#17",59.85,3C147 FD
https://data.nrao.edu/portal/#/productViewer/19B-196.sb37399903.eb37573620.58825.279551377316,"128000000.0,128000000.0,128000000.0,128000000.0,128000000.0,128000000.0,128000000.0,128000000.0,128000000.0,128000000.0,128000000.0,128000000.0,128000000.0,128000000.0,128000000.0,128000000.0","36002500000.0,36130166666.666664,36258500000.0,36386500000.0,36514500000.0,36642500000.0,36770500000.0,36898500000.0,35002500000.0,35130500000.0,35258500000.0,35386500000.0,35514500000.0,35642500000.0,35770500000.0,35898500000.0",D,3.6834E10,3.4938E10,EVLA,"128,384,128,128,128,128,128,128,128,128,128,128,128,128,128,128",19B-196.sb37399903.eb37573620.58825.279551377316,"RR, LL",19B-196,PUBLIC,20.108511353887526,133.7036455232449,"1000000.0,333333.3333333333,1000000.0,1000000.0,1000000.0,1000000.0,1000000.0,1000000.0,1000000.0,1000000.0,1000000.0,1000000.0,1000000.0,1000000.0,1000000.0,1000000.0","EVLA_KA#A0C0#2,EVLA_KA#A0C0#3,EVLA_KA#A0C0#4,EVLA_KA#A0C0#5,EVLA_KA#A0C0#6,EVLA_KA#A0C0#7,EVLA_KA#A0C0#8,EVLA_KA#A0C0#9,EVLA_KA#B0D0#10,EVLA_KA#B0D0#11,EVLA_KA#B0D0#12,EVLA_KA#B0D0#13,EVLA_KA#B0D0#14,EVLA_KA#B0D0#15,EVLA_KA#B0D0#16,EVLA_KA#B0D0#17",79.8,J0854+2006 BP
https://data.nrao.edu/portal/#/productViewer/19B-196.sb37399903.eb37573620.58825.279551377316,"128000000.0,128000000.0,128000000.0,128000000.0,128000000.0,128000000.0,128000000.0,128000000.0,128000000.0,128000000.0,128000000.0,128000000.0,128000000.0,128000000.0,128000000.0,128000000.0","36002500000.0,36130166666.666664,36258500000.0,36386500000.0,36514500000.0,36642500000.0,36770500000.0,36898500000.0,35002500000.0,35130500000.0,35258500000.0,35386500000.0,35514500000.0,35642500000.0,35770500000.0,35898500000.0",D,3.6834E10,3.4938E10,EVLA,"128,384,128,128,128,128,128,128,128,128,128,128,128,128,128,128",19B-196.sb37399903.eb37573620.58825.279551377316,"RR, LL",19B-196,PUBLIC,65.56522723677571,149.69685458572079,"1000000.0,333333.3333333333,1000000.0,1000000.0,1000000.0,1000000.0,1000000.0,1000000.0,1000000.0,1000000.0,1000000.0,1000000.0,1000000.0,1000000.0,1000000.0,1000000.0","EVLA_KA#A0C0#2,EVLA_KA#A0C0#3,EVLA_KA#A0C0#4,EVLA_KA#A0C0#5,EVLA_KA#A0C0#6,EVLA_KA#A0C0#7,EVLA_KA#A0C0#8,EVLA_KA#A0C0#9,EVLA_KA#B0D0#10,EVLA_KA#B0D0#11,EVLA_KA#B0D0#12,EVLA_KA#B0D0#13,EVLA_KA#B0D0#14,EVLA_KA#B0D0#15,EVLA_KA#B0D0#16,EVLA_KA#B0D0#17",59.85,J0958+6533 CG
https://data.nrao.edu/portal/#/productViewer/19B-196.sb37399903.eb37573620.58825.279551377316,"128000000.0,128000000.0,128000000.0,128000000.0,128000000.0,128000000.0,128000000.0,128000000.0,128000000.0,128000000.0,128000000.0,128000000.0,128000000.0,128000000.0,128000000.0,128000000.0","36002500000.0,36130166666.666664,36258500000.0,36386500000.0,36514500000.0,36642500000.0,36770500000.0,36898500000.0,35002500000.0,35130500000.0,35258500000.0,35386500000.0,35514500000.0,35642500000.0,35770500000.0,35898500000.0",D,3.6834E10,3.4938E10,EVLA,"128,384,128,128,128,128,128,128,128,128,128,128,128,128,128,128",19B-196.sb37399903.eb37573620.58825.279551377316,"RR, LL",19B-196,PUBLIC,69.67970280165517,148.96845830258547,"1000000.0,333333.3333333333,1000000.0,1000000.0,1000000.0,1000000.0,1000000.0,1000000.0,1000000.0,1000000.0,1000000.0,1000000.0,1000000.0,1000000.0,1000000.0,1000000.0","EVLA_KA#A0C0#2,EVLA_KA#A0C0#3,EVLA_KA#A0C0#4,EVLA_KA#A0C0#5,EVLA_KA#A0C0#6,EVLA_KA#A0C0#7,EVLA_KA#A0C0#8,EVLA_KA#A0C0#9,EVLA_KA#B0D0#10,EVLA_KA#B0D0#11,EVLA_KA#B0D0#12,EVLA_KA#B0D0#13,EVLA_KA#B0D0#14,EVLA_KA#B0D0#15,EVLA_KA#B0D0#16,EVLA_KA#B0D0#17",161.55,M 82
https://data.nrao.edu/portal/#/productViewer/19B-271.sb37487169.eb37525244.58801.324004884256,"128000000.0,128000000.0,128000000.0,128000000.0,128000000.0,128000000.0,128000000.0,128000000.0,128000000.0,128000000.0,128000000.0,128000000.0,128000000.0,128000000.0,128000000.0,128000000.0","38529500000.0,38657500000.0,38785500000.0,38913125000.0,39041500000.0,39169500000.0,39297500000.0,39425500000.0,34367500000.0,34495500000.0,34623500000.0,34751125000.0,34879500000.0,35007500000.0,35135500000.0,35263500000.0",D,3.9361E10,3.4303E10,EVLA,"128,128,128,512,128,128,128,128,128,128,128,512,128,128,128,128",19B-271.sb37487169.eb37525244.58801.324004884256,"RR, LL",19B-271,PUBLIC,49.85200932178193,85.65057465185124,"1000000.0,1000000.0,1000000.0,250000.0,1000000.0,1000000.0,1000000.0,1000000.0,1000000.0,1000000.0,1000000.0,250000.0,1000000.0,1000000.0,1000000.0,1000000.0","EVLA_KA#A0C0#0,EVLA_KA#A0C0#1,EVLA_KA#A0C0#2,EVLA_KA#A0C0#3,EVLA_KA#A0C0#4,EVLA_KA#A0C0#5,EVLA_KA#A0C0#6,EVLA_KA#A0C0#7,EVLA_KA#B0D0#8,EVLA_KA#B0D0#9,EVLA_KA#B0D0#10,EVLA_KA#B0D0#11,EVLA_KA#B0D0#12,EVLA_KA#B0D0#13,EVLA_KA#B0D0#14,EVLA_KA#B0D0#15",299.15,3C147
https://data.nrao.edu/portal/#/productViewer/19B-271.sb37487169.eb37525244.58801.324004884256,"128000000.0,128000000.0,128000000.0,128000000.0,128000000.0,128000000.0,128000000.0,128000000.0,128000000.0,128000000.0,128000000.0,128000000.0,128000000.0,128000000.0,128000000.0,128000000.0","38529500000.0,38657500000.0,38785500000.0,38913125000.0,39041500000.0,39169500000.0,39297500000.0,39425500000.0,34367500000.0,34495500000.0,34623500000.0,34751125000.0,34879500000.0,35007500000.0,35135500000.0,35263500000.0",D,3.9361E10,3.4303E10,EVLA,"128,128,128,512,128,128,128,128,128,128,128,512,128,128,128,128",19B-271.sb37487169.eb37525244.58801.324004884256,"RR, LL",19B-271,PUBLIC,-36.45856969811834,80.74160271420114,"1000000.0,1000000.0,1000000.0,250000.0,1000000.0,1000000.0,1000000.0,1000000.0,1000000.0,1000000.0,1000000.0,250000.0,1000000.0,1000000.0,1000000.0,1000000.0","EVLA_KA#A0C0#0,EVLA_KA#A0C0#1,EVLA_KA#A0C0#2,EVLA_KA#A0C0#3,EVLA_KA#A0C0#4,EVLA_KA#A0C0#5,EVLA_KA#A0C0#6,EVLA_KA#A0C0#7,EVLA_KA#B0D0#8,EVLA_KA#B0D0#9,EVLA_KA#B0D0#10,EVLA_KA#B0D0#11,EVLA_KA#B0D0#12,EVLA_KA#B0D0#13,EVLA_KA#B0D0#14,EVLA_KA#B0D0#15",51.85,J0522-3627
https://data.nrao.edu/portal/#/productViewer/19B-271.sb37487169.eb37525244.58801.324004884256,"128000000.0,128000000.0,128000000.0,128000000.0,128000000.0,128000000.0,128000000.0,128000000.0,128000000.0,128000000.0,128000000.0,128000000.0,128000000.0,128000000.0,128000000.0,128000000.0","38529500000.0,38657500000.0,38785500000.0,38913125000.0,39041500000.0,39169500000.0,39297500000.0,39425500000.0,34367500000.0,34495500000.0,34623500000.0,34751125000.0,34879500000.0,35007500000.0,35135500000.0,35263500000.0",D,3.9361E10,3.4303E10,EVLA,"128,128,128,512,128,128,128,128,128,128,128,512,128,128,128,128",19B-271.sb37487169.eb37525244.58801.324004884256,"RR, LL",19B-271,PUBLIC,-36.62433333249816,88.19245833077923,"1000000.0,1000000.0,1000000.0,250000.0,1000000.0,1000000.0,1000000.0,1000000.0,1000000.0,1000000.0,1000000.0,250000.0,1000000.0,1000000.0,1000000.0,1000000.0","EVLA_KA#A0C0#0,EVLA_KA#A0C0#1,EVLA_KA#A0C0#2,EVLA_KA#A0C0#3,EVLA_KA#A0C0#4,EVLA_KA#A0C0#5,EVLA_KA#A0C0#6,EVLA_KA#A0C0#7,EVLA_KA#B0D0#8,EVLA_KA#B0D0#9,EVLA_KA#B0D0#10,EVLA_KA#B0D0#11,EVLA_KA#B0D0#12,EVLA_KA#B0D0#13,EVLA_KA#B0D0#14,EVLA_KA#B0D0#15",416.9,B0551-366-DLA
https://data.nrao.edu/portal/#/productViewer/19B-131.sb37512734.eb37648321.58848.08932491898,"128000000.0,128000000.0,128000000.0,128000000.0,128000000.0,128000000.0,128000000.0,128000000.0,128000000.0,128000000.0,128000000.0,128000000.0,128000000.0,128000000.0,128000000.0,128000000.0,128000000.0,128000000.0,128000000.0,128000000.0,128000000.0,128000000.0,128000000.0,128000000.0,128000000.0,128000000.0,128000000.0,128000000.0,128000000.0,128000000.0,128000000.0,128000000.0,128000000.0,128000000.0,128000000.0,128000000.0,128000000.0,128000000.0,128000000.0,128000000.0,128000000.0,128000000.0,128000000.0,128000000.0,128000000.0,128000000.0,128000000.0,128000000.0,128000000.0,128000000.0,128000000.0,128000000.0,128000000.0,128000000.0,128000000.0,128000000.0,128000000.0,128000000.0,128000000.0,128000000.0,128000000.0,128000000.0,128000000.0,128000000.0","36674000000.0,36802000000.0,36930000000.0,37058000000.0,37186000000.0,37314000000.0,37442000000.0,37570000000.0,37698000000.0,37826000000.0,37954000000.0,38082000000.0,38210000000.0,38338000000.0,38466000000.0,38594000000.0,34658000000.0,34786000000.0,34914000000.0,35042000000.0,35170000000.0,35298000000.0,35426000000.0,35554000000.0,35682000000.0,35810000000.0,35938000000.0,36066000000.0,36194000000.0,36322000000.0,36450000000.0,36578000000.0,32642000000.0,32770000000.0,32898000000.0,33026000000.0,33154000000.0,33282000000.0,33410000000.0,33538000000.0,33666000000.0,33794000000.0,33922000000.0,34050000000.0,34178000000.0,34306000000.0,34434000000.0,34562000000.0,30658000000.0,30786000000.0,30914000000.0,31042000000.0,31170000000.0,31298000000.0,31426000000.0,31554000000.0,31682000000.0,31810000000.0,31938000000.0,32066000000.0,32194000000.0,32322000000.0,32450000000.0,32578000000.0",D,3.8529E10,3.0593E10,EVLA,"64,64,64,64,64,64,64,64,64,64,64,64,64,64,64,64,64,64,64,64,64,64,64,64,64,64,64,64,64,64,64,64,64,64,64,64,64,64,64,64,64,64,64,64,64,64,64,64,64,64,64,64,64,64,64,64,64,64,64,64,64,64,64,64",19B-131.sb37512734.eb37648321.58848.08932491898,"RR, RL, LR, LL",19B-131,PUBLIC,-27.82043480593526,57.158935671310296,"2000000.0,2000000.0,2000000.0,2000000.0,2000000.0,2000000.0,2000000.0,2000000.0,2000000.0,2000000.0,2000000.0,2000000.0,2000000.0,2000000.0,2000000.0,2000000.0,2000000.0,2000000.0,2000000.0,2000000.0,2000000.0,2000000.0,2000000.0,2000000.0,2000000.0,2000000.0,2000000.0,2000000.0,2000000.0,2000000.0,2000000.0,2000000.0,2000000.0,2000000.0,2000000.0,2000000.0,2000000.0,2000000.0,2000000.0,2000000.0,2000000.0,2000000.0,2000000.0,2000000.0,2000000.0,2000000.0,2000000.0,2000000.0,2000000.0,2000000.0,2000000.0,2000000.0,2000000.0,2000000.0,2000000.0,2000000.0,2000000.0,2000000.0,2000000.0,2000000.0,2000000.0,2000000.0,2000000.0,2000000.0","EVLA_KA#A1C1#2,EVLA_KA#A1C1#3,EVLA_KA#A1C1#4,EVLA_KA#A1C1#5,EVLA_KA#A1C1#6,EVLA_KA#A1C1#7,EVLA_KA#A1C1#8,EVLA_KA#A1C1#9,EVLA_KA#A1C1#10,EVLA_KA#A1C1#11,EVLA_KA#A1C1#12,EVLA_KA#A1C1#13,EVLA_KA#A1C1#14,EVLA_KA#A1C1#15,EVLA_KA#A1C1#16,EVLA_KA#A1C1#17,EVLA_KA#A2C2#18,EVLA_KA#A2C2#19,EVLA_KA#A2C2#20,EVLA_KA#A2C2#21,EVLA_KA#A2C2#22,EVLA_KA#A2C2#23,EVLA_KA#A2C2#24,EVLA_KA#A2C2#25,EVLA_KA#A2C2#26,EVLA_KA#A2C2#27,EVLA_KA#A2C2#28,EVLA_KA#A2C2#29,EVLA_KA#A2C2#30,EVLA_KA#A2C2#31,EVLA_KA#A2C2#32,EVLA_KA#A2C2#33,EVLA_KA#B1D1#34,EVLA_KA#B1D1#35,EVLA_KA#B1D1#36,EVLA_KA#B1D1#37,EVLA_KA#B1D1#38,EVLA_KA#B1D1#39,EVLA_KA#B1D1#40,EVLA_KA#B1D1#41,EVLA_KA#B1D1#42,EVLA_KA#B1D1#43,EVLA_KA#B1D1#44,EVLA_KA#B1D1#45,EVLA_KA#B1D1#46,EVLA_KA#B1D1#47,EVLA_KA#B1D1#48,EVLA_KA#B1D1#49,EVLA_KA#B2D2#50,EVLA_KA#B2D2#51,EVLA_KA#B2D2#52,EVLA_KA#B2D2#53,EVLA_KA#B2D2#54,EVLA_KA#B2D2#55,EVLA_KA#B2D2#56,EVLA_KA#B2D2#57,EVLA_KA#B2D2#58,EVLA_KA#B2D2#59,EVLA_KA#B2D2#60,EVLA_KA#B2D2#61,EVLA_KA#B2D2#62,EVLA_KA#B2D2#63,EVLA_KA#B2D2#64,EVLA_KA#B2D2#65",299.2,J0348-2749
https://data.nrao.edu/portal/#/productViewer/19B-131.sb37512734.eb37648321.58848.08932491898,"128000000.0,128000000.0,128000000.0,128000000.0,128000000.0,128000000.0,128000000.0,128000000.0,128000000.0,128000000.0,128000000.0,128000000.0,128000000.0,128000000.0,128000000.0,128000000.0,128000000.0,128000000.0,128000000.0,128000000.0,128000000.0,128000000.0,128000000.0,128000000.0,128000000.0,128000000.0,128000000.0,128000000.0,128000000.0,128000000.0,128000000.0,128000000.0,128000000.0,128000000.0,128000000.0,128000000.0,128000000.0,128000000.0,128000000.0,128000000.0,128000000.0,128000000.0,128000000.0,128000000.0,128000000.0,128000000.0,128000000.0,128000000.0,128000000.0,128000000.0,128000000.0,128000000.0,128000000.0,128000000.0,128000000.0,128000000.0,128000000.0,128000000.0,128000000.0,128000000.0,128000000.0,128000000.0,128000000.0,128000000.0","36674000000.0,36802000000.0,36930000000.0,37058000000.0,37186000000.0,37314000000.0,37442000000.0,37570000000.0,37698000000.0,37826000000.0,37954000000.0,38082000000.0,38210000000.0,38338000000.0,38466000000.0,38594000000.0,34658000000.0,34786000000.0,34914000000.0,35042000000.0,35170000000.0,35298000000.0,35426000000.0,35554000000.0,35682000000.0,35810000000.0,35938000000.0,36066000000.0,36194000000.0,36322000000.0,36450000000.0,36578000000.0,32642000000.0,32770000000.0,32898000000.0,33026000000.0,33154000000.0,33282000000.0,33410000000.0,33538000000.0,33666000000.0,33794000000.0,33922000000.0,34050000000.0,34178000000.0,34306000000.0,34434000000.0,34562000000.0,30658000000.0,30786000000.0,30914000000.0,31042000000.0,31170000000.0,31298000000.0,31426000000.0,31554000000.0,31682000000.0,31810000000.0,31938000000.0,32066000000.0,32194000000.0,32322000000.0,32450000000.0,32578000000.0",D,3.8529E10,3.0593E10,EVLA,"64,64,64,64,64,64,64,64,64,64,64,64,64,64,64,64,64,64,64,64,64,64,64,64,64,64,64,64,64,64,64,64,64,64,64,64,64,64,64,64,64,64,64,64,64,64,64,64,64,64,64,64,64,64,64,64,64,64,64,64,64,64,64,64",19B-131.sb37512734.eb37648321.58848.08932491898,"RR, RL, LR, LL",19B-131,PUBLIC,-27.77913333234933,53.180391667612724,"2000000.0,2000000.0,2000000.0,2000000.0,2000000.0,2000000.0,2000000.0,2000000.0,2000000.0,2000000.0,2000000.0,2000000.0,2000000.0,2000000.0,2000000.0,2000000.0,2000000.0,2000000.0,2000000.0,2000000.0,2000000.0,2000000.0,2000000.0,2000000.0,2000000.0,2000000.0,2000000.0,2000000.0,2000000.0,2000000.0,2000000.0,2000000.0,2000000.0,2000000.0,2000000.0,2000000.0,2000000.0,2000000.0,2000000.0,2000000.0,2000000.0,2000000.0,2000000.0,2000000.0,2000000.0,2000000.0,2000000.0,2000000.0,2000000.0,2000000.0,2000000.0,2000000.0,2000000.0,2000000.0,2000000.0,2000000.0,2000000.0,2000000.0,2000000.0,2000000.0,2000000.0,2000000.0,2000000.0,2000000.0","EVLA_KA#A1C1#2,EVLA_KA#A1C1#3,EVLA_KA#A1C1#4,EVLA_KA#A1C1#5,EVLA_KA#A1C1#6,EVLA_KA#A1C1#7,EVLA_KA#A1C1#8,EVLA_KA#A1C1#9,EVLA_KA#A1C1#10,EVLA_KA#A1C1#11,EVLA_KA#A1C1#12,EVLA_KA#A1C1#13,EVLA_KA#A1C1#14,EVLA_KA#A1C1#15,EVLA_KA#A1C1#16,EVLA_KA#A1C1#17,EVLA_KA#A2C2#18,EVLA_KA#A2C2#19,EVLA_KA#A2C2#20,EVLA_KA#A2C2#21,EVLA_KA#A2C2#22,EVLA_KA#A2C2#23,EVLA_KA#A2C2#24,EVLA_KA#A2C2#25,EVLA_KA#A2C2#26,EVLA_KA#A2C2#27,EVLA_KA#A2C2#28,EVLA_KA#A2C2#29,EVLA_KA#A2C2#30,EVLA_KA#A2C2#31,EVLA_KA#A2C2#32,EVLA_KA#A2C2#33,EVLA_KA#B1D1#34,EVLA_KA#B1D1#35,EVLA_KA#B1D1#36,EVLA_KA#B1D1#37,EVLA_KA#B1D1#38,EVLA_KA#B1D1#39,EVLA_KA#B1D1#40,EVLA_KA#B1D1#41,EVLA_KA#B1D1#42,EVLA_KA#B1D1#43,EVLA_KA#B1D1#44,EVLA_KA#B1D1#45,EVLA_KA#B1D1#46,EVLA_KA#B1D1#47,EVLA_KA#B1D1#48,EVLA_KA#B1D1#49,EVLA_KA#B2D2#50,EVLA_KA#B2D2#51,EVLA_KA#B2D2#52,EVLA_KA#B2D2#53,EVLA_KA#B2D2#54,EVLA_KA#B2D2#55,EVLA_KA#B2D2#56,EVLA_KA#B2D2#57,EVLA_KA#B2D2#58,EVLA_KA#B2D2#59,EVLA_KA#B2D2#60,EVLA_KA#B2D2#61,EVLA_KA#B2D2#62,EVLA_KA#B2D2#63,EVLA_KA#B2D2#64,EVLA_KA#B2D2#65",270.25,vlaspecs1
https://data.nrao.edu/portal/#/productViewer/19B-131.sb37512734.eb37648321.58848.08932491898,"128000000.0,128000000.0,128000000.0,128000000.0,128000000.0,128000000.0,128000000.0,128000000.0,128000000.0,128000000.0,128000000.0,128000000.0,128000000.0,128000000.0,128000000.0,128000000.0,128000000.0,128000000.0,128000000.0,128000000.0,128000000.0,128000000.0,128000000.0,128000000.0,128000000.0,128000000.0,128000000.0,128000000.0,128000000.0,128000000.0,128000000.0,128000000.0,128000000.0,128000000.0,128000000.0,128000000.0,128000000.0,128000000.0,128000000.0,128000000.0,128000000.0,128000000.0,128000000.0,128000000.0,128000000.0,128000000.0,128000000.0,128000000.0,128000000.0,128000000.0,128000000.0,128000000.0,128000000.0,128000000.0,128000000.0,128000000.0,128000000.0,128000000.0,128000000.0,128000000.0,128000000.0,128000000.0,128000000.0,128000000.0","36674000000.0,36802000000.0,36930000000.0,37058000000.0,37186000000.0,37314000000.0,37442000000.0,37570000000.0,37698000000.0,37826000000.0,37954000000.0,38082000000.0,38210000000.0,38338000000.0,38466000000.0,38594000000.0,34658000000.0,34786000000.0,34914000000.0,35042000000.0,35170000000.0,35298000000.0,35426000000.0,35554000000.0,35682000000.0,35810000000.0,35938000000.0,36066000000.0,36194000000.0,36322000000.0,36450000000.0,36578000000.0,32642000000.0,32770000000.0,32898000000.0,33026000000.0,33154000000.0,33282000000.0,33410000000.0,33538000000.0,33666000000.0,33794000000.0,33922000000.0,34050000000.0,34178000000.0,34306000000.0,34434000000.0,34562000000.0,30658000000.0,30786000000.0,30914000000.0,31042000000.0,31170000000.0,31298000000.0,31426000000.0,31554000000.0,31682000000.0,31810000000.0,31938000000.0,32066000000.0,32194000000.0,32322000000.0,32450000000.0,32578000000.0",D,3.8529E10,3.0593E10,EVLA,"64,64,64,64,64,64,64,64,64,64,64,64,64,64,64,64,64,64,64,64,64,64,64,64,64,64,64,64,64,64,64,64,64,64,64,64,64,64,64,64,64,64,64,64,64,64,64,64,64,64,64,64,64,64,64,64,64,64,64,64,64,64,64,64",19B-131.sb37512734.eb37648321.58848.08932491898,"RR, RL, LR, LL",19B-131,PUBLIC,-27.776516668476432,53.161808331567144,"2000000.0,2000000.0,2000000.0,2000000.0,2000000.0,2000000.0,2000000.0,2000000.0,2000000.0,2000000.0,2000000.0,2000000.0,2000000.0,2000000.0,2000000.0,2000000.0,2000000.0,2000000.0,2000000.0,2000000.0,2000000.0,2000000.0,2000000.0,2000000.0,2000000.0,2000000.0,2000000.0,2000000.0,2000000.0,2000000.0,2000000.0,2000000.0,2000000.0,2000000.0,2000000.0,2000000.0,2000000.0,2000000.0,2000000.0,2000000.0,2000000.0,2000000.0,2000000.0,2000000.0,2000000.0,2000000.0,2000000.0,2000000.0,2000000.0,2000000.0,2000000.0,2000000.0,2000000.0,2000000.0,2000000.0,2000000.0,2000000.0,2000000.0,2000000.0,2000000.0,2000000.0,2000000.0,2000000.0,2000000.0","EVLA_KA#A1C1#2,EVLA_KA#A1C1#3,EVLA_KA#A1C1#4,EVLA_KA#A1C1#5,EVLA_KA#A1C1#6,EVLA_KA#A1C1#7,EVLA_KA#A1C1#8,EVLA_KA#A1C1#9,EVLA_KA#A1C1#10,EVLA_KA#A1C1#11,EVLA_KA#A1C1#12,EVLA_KA#A1C1#13,EVLA_KA#A1C1#14,EVLA_KA#A1C1#15,EVLA_KA#A1C1#16,EVLA_KA#A1C1#17,EVLA_KA#A2C2#18,EVLA_KA#A2C2#19,EVLA_KA#A2C2#20,EVLA_KA#A2C2#21,EVLA_KA#A2C2#22,EVLA_KA#A2C2#23,EVLA_KA#A2C2#24,EVLA_KA#A2C2#25,EVLA_KA#A2C2#26,EVLA_KA#A2C2#27,EVLA_KA#A2C2#28,EVLA_KA#A2C2#29,EVLA_KA#A2C2#30,EVLA_KA#A2C2#31,EVLA_KA#A2C2#32,EVLA_KA#A2C2#33,EVLA_KA#B1D1#34,EVLA_KA#B1D1#35,EVLA_KA#B1D1#36,EVLA_KA#B1D1#37,EVLA_KA#B1D1#38,EVLA_KA#B1D1#39,EVLA_KA#B1D1#40,EVLA_KA#B1D1#41,EVLA_KA#B1D1#42,EVLA_KA#B1D1#43,EVLA_KA#B1D1#44,EVLA_KA#B1D1#45,EVLA_KA#B1D1#46,EVLA_KA#B1D1#47,EVLA_KA#B1D1#48,EVLA_KA#B1D1#49,EVLA_KA#B2D2#50,EVLA_KA#B2D2#51,EVLA_KA#B2D2#52,EVLA_KA#B2D2#53,EVLA_KA#B2D2#54,EVLA_KA#B2D2#55,EVLA_KA#B2D2#56,EVLA_KA#B2D2#57,EVLA_KA#B2D2#58,EVLA_KA#B2D2#59,EVLA_KA#B2D2#60,EVLA_KA#B2D2#61,EVLA_KA#B2D2#62,EVLA_KA#B2D2#63,EVLA_KA#B2D2#64,EVLA_KA#B2D2#65",269.25,vlaspecs2
https://data.nrao.edu/portal/#/productViewer/20A-219.sb38021734.eb38065423.58966.279361967594,"128000000.0,128000000.0,128000000.0,128000000.0,128000000.0,128000000.0,128000000.0,128000000.0,128000000.0,128000000.0,128000000.0,128000000.0,128000000.0,128000000.0,128000000.0,128000000.0,128000000.0,128000000.0,128000000.0,128000000.0,128000000.0,128000000.0,128000000.0,128000000.0,128000000.0,128000000.0,128000000.0,128000000.0,128000000.0,128000000.0,128000000.0,128000000.0,128000000.0,128000000.0,128000000.0,128000000.0,128000000.0,128000000.0,128000000.0,128000000.0,128000000.0,128000000.0,128000000.0,128000000.0,128000000.0,128000000.0,128000000.0,128000000.0,128000000.0,128000000.0,128000000.0,128000000.0,128000000.0,128000000.0,128000000.0,128000000.0,128000000.0,128000000.0,128000000.0,128000000.0,128000000.0,128000000.0,128000000.0","33041000000.0,33169000000.0,33297000000.0,33425000000.0,33553000000.0,33681000000.0,33809000000.0,33937000000.0,34065000000.0,34193000000.0,34321000000.0,34449000000.0,34577000000.0,34705000000.0,34833000000.0,34961000000.0,35041000000.0,35169000000.0,35297000000.0,35425000000.0,35553000000.0,35681000000.0,35809000000.0,35937000000.0,36065000000.0,36193000000.0,36321000000.0,36449000000.0,36577000000.0,36705000000.0,36833000000.0,36961000000.0,29169000000.0,29297000000.0,29425000000.0,29553000000.0,29681000000.0,29809000000.0,29937000000.0,30065000000.0,30193000000.0,30321000000.0,30449000000.0,30577000000.0,30705000000.0,30833000000.0,30961000000.0,31041000000.0,31169000000.0,31297000000.0,31425000000.0,31553000000.0,31681000000.0,31809000000.0,31937000000.0,32065000000.0,32193000000.0,32321000000.0,32449000000.0,32577000000.0,32705000000.0,32833000000.0,32961000000.0",C,3.6896E10,2.9104E10,EVLA,"64,64,64,64,64,64,64,64,64,64,64,64,64,64,64,64,64,64,64,64,64,64,64,64,64,64,64,64,64,64,64,64,64,64,64,64,64,64,64,64,64,64,64,64,64,64,64,64,64,64,64,64,64,64,64,64,64,64,64,64,64,64,64",20A-219.sb38021734.eb38065423.58966.279361967594,"RR, RL, LR, LL",20A-219,PUBLIC,2.0523883879828753,187.27791553743003,"2000000.0,2000000.0,2000000.0,2000000.0,2000000.0,2000000.0,2000000.0,2000000.0,2000000.0,2000000.0,2000000.0,2000000.0,2000000.0,2000000.0,2000000.0,2000000.0,2000000.0,2000000.0,2000000.0,2000000.0,2000000.0,2000000.0,2000000.0,2000000.0,2000000.0,2000000.0,2000000.0,2000000.0,2000000.0,2000000.0,2000000.0,2000000.0,2000000.0,2000000.0,2000000.0,2000000.0,2000000.0,2000000.0,2000000.0,2000000.0,2000000.0,2000000.0,2000000.0,2000000.0,2000000.0,2000000.0,2000000.0,2000000.0,2000000.0,2000000.0,2000000.0,2000000.0,2000000.0,2000000.0,2000000.0,2000000.0,2000000.0,2000000.0,2000000.0,2000000.0,2000000.0,2000000.0,2000000.0","EVLA_KA#A1C1#2,EVLA_KA#A1C1#3,EVLA_KA#A1C1#4,EVLA_KA#A1C1#5,EVLA_KA#A1C1#6,EVLA_KA#A1C1#7,EVLA_KA#A1C1#8,EVLA_KA#A1C1#9,EVLA_KA#A1C1#10,EVLA_KA#A1C1#11,EVLA_KA#A1C1#12,EVLA_KA#A1C1#13,EVLA_KA#A1C1#14,EVLA_KA#A1C1#15,EVLA_KA#A1C1#16,EVLA_KA#A1C1#17,EVLA_KA#A2C2#18,EVLA_KA#A2C2#19,EVLA_KA#A2C2#20,EVLA_KA#A2C2#21,EVLA_KA#A2C2#22,EVLA_KA#A2C2#23,EVLA_KA#A2C2#24,EVLA_KA#A2C2#25,EVLA_KA#A2C2#26,EVLA_KA#A2C2#27,EVLA_KA#A2C2#28,EVLA_KA#A2C2#29,EVLA_KA#A2C2#30,EVLA_KA#A2C2#31,EVLA_KA#A2C2#32,EVLA_KA#A2C2#33,EVLA_KA#B1D1#34,EVLA_KA#B1D1#35,EVLA_KA#B1D1#36,EVLA_KA#B1D1#37,EVLA_KA#B1D1#38,EVLA_KA#B1D1#39,EVLA_KA#B1D1#40,EVLA_KA#B1D1#41,EVLA_KA#B1D1#42,EVLA_KA#B1D1#43,EVLA_KA#B1D1#44,EVLA_KA#B1D1#45,EVLA_KA#B1D1#46,EVLA_KA#B1D1#47,EVLA_KA#B1D1#48,EVLA_KA#B2D2#49,EVLA_KA#B2D2#50,EVLA_KA#B2D2#51,EVLA_KA#B2D2#52,EVLA_KA#B2D2#53,EVLA_KA#B2D2#54,EVLA_KA#B2D2#55,EVLA_KA#B2D2#56,EVLA_KA#B2D2#57,EVLA_KA#B2D2#58,EVLA_KA#B2D2#59,EVLA_KA#B2D2#60,EVLA_KA#B2D2#61,EVLA_KA#B2D2#62,EVLA_KA#B2D2#63,EVLA_KA#B2D2#64",179.5,J1229+0203
https://data.nrao.edu/portal/#/productViewer/20A-219.sb38021734.eb38065423.58966.279361967594,"128000000.0,128000000.0,128000000.0,128000000.0,128000000.0,128000000.0,128000000.0,128000000.0,128000000.0,128000000.0,128000000.0,128000000.0,128000000.0,128000000.0,128000000.0,128000000.0,128000000.0,128000000.0,128000000.0,128000000.0,128000000.0,128000000.0,128000000.0,128000000.0,128000000.0,128000000.0,128000000.0,128000000.0,128000000.0,128000000.0,128000000.0,128000000.0,128000000.0,128000000.0,128000000.0,128000000.0,128000000.0,128000000.0,128000000.0,128000000.0,128000000.0,128000000.0,128000000.0,128000000.0,128000000.0,128000000.0,128000000.0,128000000.0,128000000.0,128000000.0,128000000.0,128000000.0,128000000.0,128000000.0,128000000.0,128000000.0,128000000.0,128000000.0,128000000.0,128000000.0,128000000.0,128000000.0,128000000.0","33041000000.0,33169000000.0,33297000000.0,33425000000.0,33553000000.0,33681000000.0,33809000000.0,33937000000.0,34065000000.0,34193000000.0,34321000000.0,34449000000.0,34577000000.0,34705000000.0,34833000000.0,34961000000.0,35041000000.0,35169000000.0,35297000000.0,35425000000.0,35553000000.0,35681000000.0,35809000000.0,35937000000.0,36065000000.0,36193000000.0,36321000000.0,36449000000.0,36577000000.0,36705000000.0,36833000000.0,36961000000.0,29169000000.0,29297000000.0,29425000000.0,29553000000.0,29681000000.0,29809000000.0,29937000000.0,30065000000.0,30193000000.0,30321000000.0,30449000000.0,30577000000.0,30705000000.0,30833000000.0,30961000000.0,31041000000.0,31169000000.0,31297000000.0,31425000000.0,31553000000.0,31681000000.0,31809000000.0,31937000000.0,32065000000.0,32193000000.0,32321000000.0,32449000000.0,32577000000.0,32705000000.0,32833000000.0,32961000000.0",C,3.6896E10,2.9104E10,EVLA,"64,64,64,64,64,64,64,64,64,64,64,64,64,64,64,64,64,64,64,64,64,64,64,64,64,64,64,64,64,64,64,64,64,64,64,64,64,64,64,64,64,64,64,64,64,64,64,64,64,64,64,64,64,64,64,64,64,64,64,64,64,64,64",20A-219.sb38021734.eb38065423.58966.279361967594,"RR, RL, LR, LL",20A-219,PUBLIC,30.50915523770354,202.78453326533136,"2000000.0,2000000.0,2000000.0,2000000.0,2000000.0,2000000.0,2000000.0,2000000.0,2000000.0,2000000.0,2000000.0,2000000.0,2000000.0,2000000.0,2000000.0,2000000.0,2000000.0,2000000.0,2000000.0,2000000.0,2000000.0,2000000.0,2000000.0,2000000.0,2000000.0,2000000.0,2000000.0,2000000.0,2000000.0,2000000.0,2000000.0,2000000.0,2000000.0,2000000.0,2000000.0,2000000.0,2000000.0,2000000.0,2000000.0,2000000.0,2000000.0,2000000.0,2000000.0,2000000.0,2000000.0,2000000.0,2000000.0,2000000.0,2000000.0,2000000.0,2000000.0,2000000.0,2000000.0,2000000.0,2000000.0,2000000.0,2000000.0,2000000.0,2000000.0,2000000.0,2000000.0,2000000.0,2000000.0","EVLA_KA#A1C1#2,EVLA_KA#A1C1#3,EVLA_KA#A1C1#4,EVLA_KA#A1C1#5,EVLA_KA#A1C1#6,EVLA_KA#A1C1#7,EVLA_KA#A1C1#8,EVLA_KA#A1C1#9,EVLA_KA#A1C1#10,EVLA_KA#A1C1#11,EVLA_KA#A1C1#12,EVLA_KA#A1C1#13,EVLA_KA#A1C1#14,EVLA_KA#A1C1#15,EVLA_KA#A1C1#16,EVLA_KA#A1C1#17,EVLA_KA#A2C2#18,EVLA_KA#A2C2#19,EVLA_KA#A2C2#20,EVLA_KA#A2C2#21,EVLA_KA#A2C2#22,EVLA_KA#A2C2#23,EVLA_KA#A2C2#24,EVLA_KA#A2C2#25,EVLA_KA#A2C2#26,EVLA_KA#A2C2#27,EVLA_KA#A2C2#28,EVLA_KA#A2C2#29,EVLA_KA#A2C2#30,EVLA_KA#A2C2#31,EVLA_KA#A2C2#32,EVLA_KA#A2C2#33,EVLA_KA#B1D1#34,EVLA_KA#B1D1#35,EVLA_KA#B1D1#36,EVLA_KA#B1D1#37,EVLA_KA#B1D1#38,EVLA_KA#B1D1#39,EVLA_KA#B1D1#40,EVLA_KA#B1D1#41,EVLA_KA#B1D1#42,EVLA_KA#B1D1#43,EVLA_KA#B1D1#44,EVLA_KA#B1D1#45,EVLA_KA#B1D1#46,EVLA_KA#B1D1#47,EVLA_KA#B1D1#48,EVLA_KA#B2D2#49,EVLA_KA#B2D2#50,EVLA_KA#B2D2#51,EVLA_KA#B2D2#52,EVLA_KA#B2D2#53,EVLA_KA#B2D2#54,EVLA_KA#B2D2#55,EVLA_KA#B2D2#56,EVLA_KA#B2D2#57,EVLA_KA#B2D2#58,EVLA_KA#B2D2#59,EVLA_KA#B2D2#60,EVLA_KA#B2D2#61,EVLA_KA#B2D2#62,EVLA_KA#B2D2#63,EVLA_KA#B2D2#64",29.9,3C286
https://data.nrao.edu/portal/#/productViewer/20A-219.sb38021734.eb38065423.58966.279361967594,"128000000.0,128000000.0,128000000.0,128000000.0,128000000.0,128000000.0,128000000.0,128000000.0,128000000.0,128000000.0,128000000.0,128000000.0,128000000.0,128000000.0,128000000.0,128000000.0,128000000.0,128000000.0,128000000.0,128000000.0,128000000.0,128000000.0,128000000.0,128000000.0,128000000.0,128000000.0,128000000.0,128000000.0,128000000.0,128000000.0,128000000.0,128000000.0,128000000.0,128000000.0,128000000.0,128000000.0,128000000.0,128000000.0,128000000.0,128000000.0,128000000.0,128000000.0,128000000.0,128000000.0,128000000.0,128000000.0,128000000.0,128000000.0,128000000.0,128000000.0,128000000.0,128000000.0,128000000.0,128000000.0,128000000.0,128000000.0,128000000.0,128000000.0,128000000.0,128000000.0,128000000.0,128000000.0,128000000.0","33041000000.0,33169000000.0,33297000000.0,33425000000.0,33553000000.0,33681000000.0,33809000000.0,33937000000.0,34065000000.0,34193000000.0,34321000000.0,34449000000.0,34577000000.0,34705000000.0,34833000000.0,34961000000.0,35041000000.0,35169000000.0,35297000000.0,35425000000.0,35553000000.0,35681000000.0,35809000000.0,35937000000.0,36065000000.0,36193000000.0,36321000000.0,36449000000.0,36577000000.0,36705000000.0,36833000000.0,36961000000.0,29169000000.0,29297000000.0,29425000000.0,29553000000.0,29681000000.0,29809000000.0,29937000000.0,30065000000.0,30193000000.0,30321000000.0,30449000000.0,30577000000.0,30705000000.0,30833000000.0,30961000000.0,31041000000.0,31169000000.0,31297000000.0,31425000000.0,31553000000.0,31681000000.0,31809000000.0,31937000000.0,32065000000.0,32193000000.0,32321000000.0,32449000000.0,32577000000.0,32705000000.0,32833000000.0,32961000000.0",C,3.6896E10,2.9104E10,EVLA,"64,64,64,64,64,64,64,64,64,64,64,64,64,64,64,64,64,64,64,64,64,64,64,64,64,64,64,64,64,64,64,64,64,64,64,64,64,64,64,64,64,64,64,64,64,64,64,64,64,64,64,64,64,64,64,64,64,64,64,64,64,64,64",20A-219.sb38021734.eb38065423.58966.279361967594,"RR, RL, LR, LL",20A-219,PUBLIC,12.578255016877083,169.73875601493813,"2000000.0,2000000.0,2000000.0,2000000.0,2000000.0,2000000.0,2000000.0,2000000.0,2000000.0,2000000.0,2000000.0,2000000.0,2000000.0,2000000.0,2000000.0,2000000.0,2000000.0,2000000.0,2000000.0,2000000.0,2000000.0,2000000.0,2000000.0,2000000.0,2000000.0,2000000.0,2000000.0,2000000.0,2000000.0,2000000.0,2000000.0,2000000.0,2000000.0,2000000.0,2000000.0,2000000.0,2000000.0,2000000.0,2000000.0,2000000.0,2000000.0,2000000.0,2000000.0,2000000.0,2000000.0,2000000.0,2000000.0,2000000.0,2000000.0,2000000.0,2000000.0,2000000.0,2000000.0,2000000.0,2000000.0,2000000.0,2000000.0,2000000.0,2000000.0,2000000.0,2000000.0,2000000.0,2000000.0","EVLA_KA#A1C1#2,EVLA_KA#A1C1#3,EVLA_KA#A1C1#4,EVLA_KA#A1C1#5,EVLA_KA#A1C1#6,EVLA_KA#A1C1#7,EVLA_KA#A1C1#8,EVLA_KA#A1C1#9,EVLA_KA#A1C1#10,EVLA_KA#A1C1#11,EVLA_KA#A1C1#12,EVLA_KA#A1C1#13,EVLA_KA#A1C1#14,EVLA_KA#A1C1#15,EVLA_KA#A1C1#16,EVLA_KA#A1C1#17,EVLA_KA#A2C2#18,EVLA_KA#A2C2#19,EVLA_KA#A2C2#20,EVLA_KA#A2C2#21,EVLA_KA#A2C2#22,EVLA_KA#A2C2#23,EVLA_KA#A2C2#24,EVLA_KA#A2C2#25,EVLA_KA#A2C2#26,EVLA_KA#A2C2#27,EVLA_KA#A2C2#28,EVLA_KA#A2C2#29,EVLA_KA#A2C2#30,EVLA_KA#A2C2#31,EVLA_KA#A2C2#32,EVLA_KA#A2C2#33,EVLA_KA#B1D1#34,EVLA_KA#B1D1#35,EVLA_KA#B1D1#36,EVLA_KA#B1D1#37,EVLA_KA#B1D1#38,EVLA_KA#B1D1#39,EVLA_KA#B1D1#40,EVLA_KA#B1D1#41,EVLA_KA#B1D1#42,EVLA_KA#B1D1#43,EVLA_KA#B1D1#44,EVLA_KA#B1D1#45,EVLA_KA#B1D1#46,EVLA_KA#B1D1#47,EVLA_KA#B1D1#48,EVLA_KA#B2D2#49,EVLA_KA#B2D2#50,EVLA_KA#B2D2#51,EVLA_KA#B2D2#52,EVLA_KA#B2D2#53,EVLA_KA#B2D2#54,EVLA_KA#B2D2#55,EVLA_KA#B2D2#56,EVLA_KA#B2D2#57,EVLA_KA#B2D2#58,EVLA_KA#B2D2#59,EVLA_KA#B2D2#60,EVLA_KA#B2D2#61,EVLA_KA#B2D2#62,EVLA_KA#B2D2#63,EVLA_KA#B2D2#64",29.9,J1118+1234
https://data.nrao.edu/portal/#/productViewer/20A-219.sb38021734.eb38065423.58966.279361967594,"128000000.0,128000000.0,128000000.0,128000000.0,128000000.0,128000000.0,128000000.0,128000000.0,128000000.0,128000000.0,128000000.0,128000000.0,128000000.0,128000000.0,128000000.0,128000000.0,128000000.0,128000000.0,128000000.0,128000000.0,128000000.0,128000000.0,128000000.0,128000000.0,128000000.0,128000000.0,128000000.0,128000000.0,128000000.0,128000000.0,128000000.0,128000000.0,128000000.0,128000000.0,128000000.0,128000000.0,128000000.0,128000000.0,128000000.0,128000000.0,128000000.0,128000000.0,128000000.0,128000000.0,128000000.0,128000000.0,128000000.0,128000000.0,128000000.0,128000000.0,128000000.0,128000000.0,128000000.0,128000000.0,128000000.0,128000000.0,128000000.0,128000000.0,128000000.0,128000000.0,128000000.0,128000000.0,128000000.0","33041000000.0,33169000000.0,33297000000.0,33425000000.0,33553000000.0,33681000000.0,33809000000.0,33937000000.0,34065000000.0,34193000000.0,34321000000.0,34449000000.0,34577000000.0,34705000000.0,34833000000.0,34961000000.0,35041000000.0,35169000000.0,35297000000.0,35425000000.0,35553000000.0,35681000000.0,35809000000.0,35937000000.0,36065000000.0,36193000000.0,36321000000.0,36449000000.0,36577000000.0,36705000000.0,36833000000.0,36961000000.0,29169000000.0,29297000000.0,29425000000.0,29553000000.0,29681000000.0,29809000000.0,29937000000.0,30065000000.0,30193000000.0,30321000000.0,30449000000.0,30577000000.0,30705000000.0,30833000000.0,30961000000.0,31041000000.0,31169000000.0,31297000000.0,31425000000.0,31553000000.0,31681000000.0,31809000000.0,31937000000.0,32065000000.0,32193000000.0,32321000000.0,32449000000.0,32577000000.0,32705000000.0,32833000000.0,32961000000.0",C,3.6896E10,2.9104E10,EVLA,"64,64,64,64,64,64,64,64,64,64,64,64,64,64,64,64,64,64,64,64,64,64,64,64,64,64,64,64,64,64,64,64,64,64,64,64,64,64,64,64,64,64,64,64,64,64,64,64,64,64,64,64,64,64,64,64,64,64,64,64,64,64,64",20A-219.sb38021734.eb38065423.58966.279361967594,"RR, RL, LR, LL",20A-219,PUBLIC,0.0,0.0,"2000000.0,2000000.0,2000000.0,2000000.0,2000000.0,2000000.0,2000000.0,2000000.0,2000000.0,2000000.0,2000000.0,2000000.0,2000000.0,2000000.0,2000000.0,2000000.0,2000000.0,2000000.0,2000000.0,2000000.0,2000000.0,2000000.0,2000000.0,2000000.0,2000000.0,2000000.0,2000000.0,2000000.0,2000000.0,2000000.0,2000000.0,2000000.0,2000000.0,2000000.0,2000000.0,2000000.0,2000000.0,2000000.0,2000000.0,2000000.0,2000000.0,2000000.0,2000000.0,2000000.0,2000000.0,2000000.0,2000000.0,2000000.0,2000000.0,2000000.0,2000000.0,2000000.0,2000000.0,2000000.0,2000000.0,2000000.0,2000000.0,2000000.0,2000000.0,2000000.0,2000000.0,2000000.0,2000000.0","EVLA_KA#A1C1#2,EVLA_KA#A1C1#3,EVLA_KA#A1C1#4,EVLA_KA#A1C1#5,EVLA_KA#A1C1#6,EVLA_KA#A1C1#7,EVLA_KA#A1C1#8,EVLA_KA#A1C1#9,EVLA_KA#A1C1#10,EVLA_KA#A1C1#11,EVLA_KA#A1C1#12,EVLA_KA#A1C1#13,EVLA_KA#A1C1#14,EVLA_KA#A1C1#15,EVLA_KA#A1C1#16,EVLA_KA#A1C1#17,EVLA_KA#A2C2#18,EVLA_KA#A2C2#19,EVLA_KA#A2C2#20,EVLA_KA#A2C2#21,EVLA_KA#A2C2#22,EVLA_KA#A2C2#23,EVLA_KA#A2C2#24,EVLA_KA#A2C2#25,EVLA_KA#A2C2#26,EVLA_KA#A2C2#27,EVLA_KA#A2C2#28,EVLA_KA#A2C2#29,EVLA_KA#A2C2#30,EVLA_KA#A2C2#31,EVLA_KA#A2C2#32,EVLA_KA#A2C2#33,EVLA_KA#B1D1#34,EVLA_KA#B1D1#35,EVLA_KA#B1D1#36,EVLA_KA#B1D1#37,EVLA_KA#B1D1#38,EVLA_KA#B1D1#39,EVLA_KA#B1D1#40,EVLA_KA#B1D1#41,EVLA_KA#B1D1#42,EVLA_KA#B1D1#43,EVLA_KA#B1D1#44,EVLA_KA#B1D1#45,EVLA_KA#B1D1#46,EVLA_KA#B1D1#47,EVLA_KA#B1D1#48,EVLA_KA#B2D2#49,EVLA_KA#B2D2#50,EVLA_KA#B2D2#51,EVLA_KA#B2D2#52,EVLA_KA#B2D2#53,EVLA_KA#B2D2#54,EVLA_KA#B2D2#55,EVLA_KA#B2D2#56,EVLA_KA#B2D2#57,EVLA_KA#B2D2#58,EVLA_KA#B2D2#59,EVLA_KA#B2D2#60,EVLA_KA#B2D2#61,EVLA_KA#B2D2#62,EVLA_KA#B2D2#63,EVLA_KA#B2D2#64",327.1,HD102647
https://data.nrao.edu/portal/#/productViewer/20A-390.sb37850360.eb38161223.58986.11769460648,"128000000.0,16000000.0,128000000.0,128000000.0,128000000.0,16000000.0,128000000.0,128000000.0,128000000.0,128000000.0,16000000.0,128000000.0,128000000.0,128000000.0,128000000.0,128000000.0,128000000.0,128000000.0,128000000.0,128000000.0,128000000.0,128000000.0,128000000.0,128000000.0,128000000.0,128000000.0,128000000.0,128000000.0,128000000.0,128000000.0,128000000.0,128000000.0,128000000.0,128000000.0,128000000.0,128000000.0,128000000.0,128000000.0,128000000.0,128000000.0,128000000.0,128000000.0,128000000.0","36373000000.0,36388909457.25,36501000000.0,36629000000.0,36757000000.0,36791875190.25,36885000000.0,37013000000.0,37141000000.0,37269000000.0,37273834205.25,33541000000.0,33669000000.0,33797000000.0,33925000000.0,34053000000.0,34181000000.0,34309000000.0,34437000000.0,34565000000.0,34693000000.0,34821000000.0,34949000000.0,35077000000.0,35205000000.0,35333000000.0,35461000000.0,31541000000.0,31669000000.0,31797000000.0,31925000000.0,32053000000.0,32181000000.0,32309000000.0,32437000000.0,32565000000.0,32693000000.0,32821000000.0,32949000000.0,33077000000.0,33205000000.0,33333000000.0,33461000000.0",C,3.7265830299E10,3.1476E10,EVLA,"64,2048,64,64,64,2048,64,64,64,64,2048,64,64,64,64,64,64,64,64,64,64,64,64,64,64,64,64,64,64,64,64,64,64,64,64,64,64,64,64,64,64,64,64",20A-390.sb37850360.eb38161223.58986.11769460648,"RR, RL, LR, LL",20A-390,PUBLIC,30.50915523770354,202.78453326533136,"2000000.0,7812.5,2000000.0,2000000.0,2000000.0,7812.5,2000000.0,2000000.0,2000000.0,2000000.0,7812.5,2000000.0,2000000.0,2000000.0,2000000.0,2000000.0,2000000.0,2000000.0,2000000.0,2000000.0,2000000.0,2000000.0,2000000.0,2000000.0,2000000.0,2000000.0,2000000.0,2000000.0,2000000.0,2000000.0,2000000.0,2000000.0,2000000.0,2000000.0,2000000.0,2000000.0,2000000.0,2000000.0,2000000.0,2000000.0,2000000.0,2000000.0,2000000.0","EVLA_KA#A0C0#2,EVLA_KA#A0C0#3,EVLA_KA#A0C0#4,EVLA_KA#A0C0#5,EVLA_KA#A0C0#6,EVLA_KA#A0C0#7,EVLA_KA#A0C0#8,EVLA_KA#A0C0#9,EVLA_KA#A0C0#10,EVLA_KA#A0C0#11,EVLA_KA#A0C0#12,EVLA_KA#B1D1#13,EVLA_KA#B1D1#14,EVLA_KA#B1D1#15,EVLA_KA#B1D1#16,EVLA_KA#B1D1#17,EVLA_KA#B1D1#18,EVLA_KA#B1D1#19,EVLA_KA#B1D1#20,EVLA_KA#B1D1#21,EVLA_KA#B1D1#22,EVLA_KA#B1D1#23,EVLA_KA#B1D1#24,EVLA_KA#B1D1#25,EVLA_KA#B1D1#26,EVLA_KA#B1D1#27,EVLA_KA#B1D1#28,EVLA_KA#B2D2#29,EVLA_KA#B2D2#30,EVLA_KA#B2D2#31,EVLA_KA#B2D2#32,EVLA_KA#B2D2#33,EVLA_KA#B2D2#34,EVLA_KA#B2D2#35,EVLA_KA#B2D2#36,EVLA_KA#B2D2#37,EVLA_KA#B2D2#38,EVLA_KA#B2D2#39,EVLA_KA#B2D2#40,EVLA_KA#B2D2#41,EVLA_KA#B2D2#42,EVLA_KA#B2D2#43,EVLA_KA#B2D2#44",239.35,3C286
https://data.nrao.edu/portal/#/productViewer/20A-390.sb37850360.eb38161223.58986.11769460648,"128000000.0,16000000.0,128000000.0,128000000.0,128000000.0,16000000.0,128000000.0,128000000.0,128000000.0,128000000.0,16000000.0,128000000.0,128000000.0,128000000.0,128000000.0,128000000.0,128000000.0,128000000.0,128000000.0,128000000.0,128000000.0,128000000.0,128000000.0,128000000.0,128000000.0,128000000.0,128000000.0,128000000.0,128000000.0,128000000.0,128000000.0,128000000.0,128000000.0,128000000.0,128000000.0,128000000.0,128000000.0,128000000.0,128000000.0,128000000.0,128000000.0,128000000.0,128000000.0","36373000000.0,36388909457.25,36501000000.0,36629000000.0,36757000000.0,36791875190.25,36885000000.0,37013000000.0,37141000000.0,37269000000.0,37273834205.25,33541000000.0,33669000000.0,33797000000.0,33925000000.0,34053000000.0,34181000000.0,34309000000.0,34437000000.0,34565000000.0,34693000000.0,34821000000.0,34949000000.0,35077000000.0,35205000000.0,35333000000.0,35461000000.0,31541000000.0,31669000000.0,31797000000.0,31925000000.0,32053000000.0,32181000000.0,32309000000.0,32437000000.0,32565000000.0,32693000000.0,32821000000.0,32949000000.0,33077000000.0,33205000000.0,33333000000.0,33461000000.0",C,3.7265830299E10,3.1476E10,EVLA,"64,2048,64,64,64,2048,64,64,64,64,2048,64,64,64,64,64,64,64,64,64,64,64,64,64,64,64,64,64,64,64,64,64,64,64,64,64,64,64,64,64,64,64,64",20A-390.sb37850360.eb38161223.58986.11769460648,"RR, RL, LR, LL",20A-390,PUBLIC,-29.567448113891842,159.31699889420256,"2000000.0,7812.5,2000000.0,2000000.0,2000000.0,7812.5,2000000.0,2000000.0,2000000.0,2000000.0,7812.5,2000000.0,2000000.0,2000000.0,2000000.0,2000000.0,2000000.0,2000000.0,2000000.0,2000000.0,2000000.0,2000000.0,2000000.0,2000000.0,2000000.0,2000000.0,2000000.0,2000000.0,2000000.0,2000000.0,2000000.0,2000000.0,2000000.0,2000000.0,2000000.0,2000000.0,2000000.0,2000000.0,2000000.0,2000000.0,2000000.0,2000000.0,2000000.0","EVLA_KA#A0C0#2,EVLA_KA#A0C0#3,EVLA_KA#A0C0#4,EVLA_KA#A0C0#5,EVLA_KA#A0C0#6,EVLA_KA#A0C0#7,EVLA_KA#A0C0#8,EVLA_KA#A0C0#9,EVLA_KA#A0C0#10,EVLA_KA#A0C0#11,EVLA_KA#A0C0#12,EVLA_KA#B1D1#13,EVLA_KA#B1D1#14,EVLA_KA#B1D1#15,EVLA_KA#B1D1#16,EVLA_KA#B1D1#17,EVLA_KA#B1D1#18,EVLA_KA#B1D1#19,EVLA_KA#B1D1#20,EVLA_KA#B1D1#21,EVLA_KA#B1D1#22,EVLA_KA#B1D1#23,EVLA_KA#B1D1#24,EVLA_KA#B1D1#25,EVLA_KA#B1D1#26,EVLA_KA#B1D1#27,EVLA_KA#B1D1#28,EVLA_KA#B2D2#29,EVLA_KA#B2D2#30,EVLA_KA#B2D2#31,EVLA_KA#B2D2#32,EVLA_KA#B2D2#33,EVLA_KA#B2D2#34,EVLA_KA#B2D2#35,EVLA_KA#B2D2#36,EVLA_KA#B2D2#37,EVLA_KA#B2D2#38,EVLA_KA#B2D2#39,EVLA_KA#B2D2#40,EVLA_KA#B2D2#41,EVLA_KA#B2D2#42,EVLA_KA#B2D2#43,EVLA_KA#B2D2#44",29.9,J1037-2934
https://data.nrao.edu/portal/#/productViewer/20A-390.sb37850360.eb38161223.58986.11769460648,"128000000.0,16000000.0,128000000.0,128000000.0,128000000.0,16000000.0,128000000.0,128000000.0,128000000.0,128000000.0,16000000.0,128000000.0,128000000.0,128000000.0,128000000.0,128000000.0,128000000.0,128000000.0,128000000.0,128000000.0,128000000.0,128000000.0,128000000.0,128000000.0,128000000.0,128000000.0,128000000.0,128000000.0,128000000.0,128000000.0,128000000.0,128000000.0,128000000.0,128000000.0,128000000.0,128000000.0,128000000.0,128000000.0,128000000.0,128000000.0,128000000.0,128000000.0,128000000.0","36373000000.0,36388909457.25,36501000000.0,36629000000.0,36757000000.0,36791875190.25,36885000000.0,37013000000.0,37141000000.0,37269000000.0,37273834205.25,33541000000.0,33669000000.0,33797000000.0,33925000000.0,34053000000.0,34181000000.0,34309000000.0,34437000000.0,34565000000.0,34693000000.0,34821000000.0,34949000000.0,35077000000.0,35205000000.0,35333000000.0,35461000000.0,31541000000.0,31669000000.0,31797000000.0,31925000000.0,32053000000.0,32181000000.0,32309000000.0,32437000000.0,32565000000.0,32693000000.0,32821000000.0,32949000000.0,33077000000.0,33205000000.0,33333000000.0,33461000000.0",C,3.7265830299E10,3.1476E10,EVLA,"64,2048,64,64,64,2048,64,64,64,64,2048,64,64,64,64,64,64,64,64,64,64,64,64,64,64,64,64,64,64,64,64,64,64,64,64,64,64,64,64,64,64,64,64",20A-390.sb37850360.eb38161223.58986.11769460648,"RR, RL, LR, LL",20A-390,PUBLIC,-34.706861109892635,165.47074999745567,"2000000.0,7812.5,2000000.0,2000000.0,2000000.0,7812.5,2000000.0,2000000.0,2000000.0,2000000.0,7812.5,2000000.0,2000000.0,2000000.0,2000000.0,2000000.0,2000000.0,2000000.0,2000000.0,2000000.0,2000000.0,2000000.0,2000000.0,2000000.0,2000000.0,2000000.0,2000000.0,2000000.0,2000000.0,2000000.0,2000000.0,2000000.0,2000000.0,2000000.0,2000000.0,2000000.0,2000000.0,2000000.0,2000000.0,2000000.0,2000000.0,2000000.0,2000000.0","EVLA_KA#A0C0#2,EVLA_KA#A0C0#3,EVLA_KA#A0C0#4,EVLA_KA#A0C0#5,EVLA_KA#A0C0#6,EVLA_KA#A0C0#7,EVLA_KA#A0C0#8,EVLA_KA#A0C0#9,EVLA_KA#A0C0#10,EVLA_KA#A0C0#11,EVLA_KA#A0C0#12,EVLA_KA#B1D1#13,EVLA_KA#B1D1#14,EVLA_KA#B1D1#15,EVLA_KA#B1D1#16,EVLA_KA#B1D1#17,EVLA_KA#B1D1#18,EVLA_KA#B1D1#19,EVLA_KA#B1D1#20,EVLA_KA#B1D1#21,EVLA_KA#B1D1#22,EVLA_KA#B1D1#23,EVLA_KA#B1D1#24,EVLA_KA#B1D1#25,EVLA_KA#B1D1#26,EVLA_KA#B1D1#27,EVLA_KA#B1D1#28,EVLA_KA#B2D2#29,EVLA_KA#B2D2#30,EVLA_KA#B2D2#31,EVLA_KA#B2D2#32,EVLA_KA#B2D2#33,EVLA_KA#B2D2#34,EVLA_KA#B2D2#35,EVLA_KA#B2D2#36,EVLA_KA#B2D2#37,EVLA_KA#B2D2#38,EVLA_KA#B2D2#39,EVLA_KA#B2D2#40,EVLA_KA#B2D2#41,EVLA_KA#B2D2#42,EVLA_KA#B2D2#43,EVLA_KA#B2D2#44",264.3,TWHya
https://data.nrao.edu/portal/#/productViewer/20A-274.sb37594678.eb37919350.58894.479648946755,"128000000.0,128000000.0,128000000.0,128000000.0,128000000.0,128000000.0,128000000.0,128000000.0,128000000.0,128000000.0,128000000.0,128000000.0,128000000.0,128000000.0,128000000.0,128000000.0,128000000.0,128000000.0,128000000.0,128000000.0,128000000.0,128000000.0,128000000.0,128000000.0,128000000.0,128000000.0,128000000.0,128000000.0,128000000.0,128000000.0,128000000.0,128000000.0,128000000.0,128000000.0,128000000.0,128000000.0,128000000.0,128000000.0,128000000.0,128000000.0,128000000.0,128000000.0,128000000.0,128000000.0,128000000.0,128000000.0,128000000.0,128000000.0,128000000.0,128000000.0,128000000.0,128000000.0,128000000.0,128000000.0,128000000.0,128000000.0,128000000.0,128000000.0,128000000.0,128000000.0,128000000.0,128000000.0,128000000.0,128000000.0","33041000000.0,33169000000.0,33297000000.0,33425000000.0,33553000000.0,33681000000.0,33809000000.0,33937000000.0,34065000000.0,34193000000.0,34321000000.0,34449000000.0,34577000000.0,34705000000.0,34833000000.0,34961000000.0,35041000000.0,35169000000.0,35297000000.0,35425000000.0,35553000000.0,35681000000.0,35809000000.0,35937000000.0,36065000000.0,36193000000.0,36321000000.0,36449000000.0,36577000000.0,36705000000.0,36833000000.0,36961000000.0,29041000000.0,29169000000.0,29297000000.0,29425000000.0,29553000000.0,29681000000.0,29809000000.0,29937000000.0,30065000000.0,30193000000.0,30321000000.0,30449000000.0,30577000000.0,30705000000.0,30833000000.0,30961000000.0,31041000000.0,31169000000.0,31297000000.0,31425000000.0,31553000000.0,31681000000.0,31809000000.0,31937000000.0,32065000000.0,32193000000.0,32321000000.0,32449000000.0,32577000000.0,32705000000.0,32833000000.0,32961000000.0",C,3.6896E10,2.8976E10,EVLA,"64,64,64,64,64,64,64,64,64,64,64,64,64,64,64,64,64,64,64,64,64,64,64,64,64,64,64,64,64,64,64,64,64,64,64,64,64,64,64,64,64,64,64,64,64,64,64,64,64,64,64,64,64,64,64,64,64,64,64,64,64,64,64,64",20A-274.sb37594678.eb37919350.58894.479648946755,"RR, RL, LR, LL",20A-274,PUBLIC,10.724128326281447,217.5405782984227,"2000000.0,2000000.0,2000000.0,2000000.0,2000000.0,2000000.0,2000000.0,2000000.0,2000000.0,2000000.0,2000000.0,2000000.0,2000000.0,2000000.0,2000000.0,2000000.0,2000000.0,2000000.0,2000000.0,2000000.0,2000000.0,2000000.0,2000000.0,2000000.0,2000000.0,2000000.0,2000000.0,2000000.0,2000000.0,2000000.0,2000000.0,2000000.0,2000000.0,2000000.0,2000000.0,2000000.0,2000000.0,2000000.0,2000000.0,2000000.0,2000000.0,2000000.0,2000000.0,2000000.0,2000000.0,2000000.0,2000000.0,2000000.0,2000000.0,2000000.0,2000000.0,2000000.0,2000000.0,2000000.0,2000000.0,2000000.0,2000000.0,2000000.0,2000000.0,2000000.0,2000000.0,2000000.0,2000000.0,2000000.0","EVLA_KA#A1C1#2,EVLA_KA#A1C1#3,EVLA_KA#A1C1#4,EVLA_KA#A1C1#5,EVLA_KA#A1C1#6,EVLA_KA#A1C1#7,EVLA_KA#A1C1#8,EVLA_KA#A1C1#9,EVLA_KA#A1C1#10,EVLA_KA#A1C1#11,EVLA_KA#A1C1#12,EVLA_KA#A1C1#13,EVLA_KA#A1C1#14,EVLA_KA#A1C1#15,EVLA_KA#A1C1#16,EVLA_KA#A1C1#17,EVLA_KA#A2C2#18,EVLA_KA#A2C2#19,EVLA_KA#A2C2#20,EVLA_KA#A2C2#21,EVLA_KA#A2C2#22,EVLA_KA#A2C2#23,EVLA_KA#A2C2#24,EVLA_KA#A2C2#25,EVLA_KA#A2C2#26,EVLA_KA#A2C2#27,EVLA_KA#A2C2#28,EVLA_KA#A2C2#29,EVLA_KA#A2C2#30,EVLA_KA#A2C2#31,EVLA_KA#A2C2#32,EVLA_KA#A2C2#33,EVLA_KA#B1D1#34,EVLA_KA#B1D1#35,EVLA_KA#B1D1#36,EVLA_KA#B1D1#37,EVLA_KA#B1D1#38,EVLA_KA#B1D1#39,EVLA_KA#B1D1#40,EVLA_KA#B1D1#41,EVLA_KA#B1D1#42,EVLA_KA#B1D1#43,EVLA_KA#B1D1#44,EVLA_KA#B1D1#45,EVLA_KA#B1D1#46,EVLA_KA#B1D1#47,EVLA_KA#B1D1#48,EVLA_KA#B1D1#49,EVLA_KA#B2D2#50,EVLA_KA#B2D2#51,EVLA_KA#B2D2#52,EVLA_KA#B2D2#53,EVLA_KA#B2D2#54,EVLA_KA#B2D2#55,EVLA_KA#B2D2#56,EVLA_KA#B2D2#57,EVLA_KA#B2D2#58,EVLA_KA#B2D2#59,EVLA_KA#B2D2#60,EVLA_KA#B2D2#61,EVLA_KA#B2D2#62,EVLA_KA#B2D2#63,EVLA_KA#B2D2#64,EVLA_KA#B2D2#65",119.7,J1430+1043
https://data.nrao.edu/portal/#/productViewer/20A-274.sb37594678.eb37919350.58894.479648946755,"128000000.0,128000000.0,128000000.0,128000000.0,128000000.0,128000000.0,128000000.0,128000000.0,128000000.0,128000000.0,128000000.0,128000000.0,128000000.0,128000000.0,128000000.0,128000000.0,128000000.0,128000000.0,128000000.0,128000000.0,128000000.0,128000000.0,128000000.0,128000000.0,128000000.0,128000000.0,128000000.0,128000000.0,128000000.0,128000000.0,128000000.0,128000000.0,128000000.0,128000000.0,128000000.0,128000000.0,128000000.0,128000000.0,128000000.0,128000000.0,128000000.0,128000000.0,128000000.0,128000000.0,128000000.0,128000000.0,128000000.0,128000000.0,128000000.0,128000000.0,128000000.0,128000000.0,128000000.0,128000000.0,128000000.0,128000000.0,128000000.0,128000000.0,128000000.0,128000000.0,128000000.0,128000000.0,128000000.0,128000000.0","33041000000.0,33169000000.0,33297000000.0,33425000000.0,33553000000.0,33681000000.0,33809000000.0,33937000000.0,34065000000.0,34193000000.0,34321000000.0,34449000000.0,34577000000.0,34705000000.0,34833000000.0,34961000000.0,35041000000.0,35169000000.0,35297000000.0,35425000000.0,35553000000.0,35681000000.0,35809000000.0,35937000000.0,36065000000.0,36193000000.0,36321000000.0,36449000000.0,36577000000.0,36705000000.0,36833000000.0,36961000000.0,29041000000.0,29169000000.0,29297000000.0,29425000000.0,29553000000.0,29681000000.0,29809000000.0,29937000000.0,30065000000.0,30193000000.0,30321000000.0,30449000000.0,30577000000.0,30705000000.0,30833000000.0,30961000000.0,31041000000.0,31169000000.0,31297000000.0,31425000000.0,31553000000.0,31681000000.0,31809000000.0,31937000000.0,32065000000.0,32193000000.0,32321000000.0,32449000000.0,32577000000.0,32705000000.0,32833000000.0,32961000000.0",C,3.6896E10,2.8976E10,EVLA,"64,64,64,64,64,64,64,64,64,64,64,64,64,64,64,64,64,64,64,64,64,64,64,64,64,64,64,64,64,64,64,64,64,64,64,64,64,64,64,64,64,64,64,64,64,64,64,64,64,64,64,64,64,64,64,64,64,64,64,64,64,64,64,64",20A-274.sb37594678.eb37919350.58894.479648946755,"RR, RL, LR, LL",20A-274,PUBLIC,13.65333333110114,217.62449999963331,"2000000.0,2000000.0,2000000.0,2000000.0,2000000.0,2000000.0,2000000.0,2000000.0,2000000.0,2000000.0,2000000.0,2000000.0,2000000.0,2000000.0,2000000.0,2000000.0,2000000.0,2000000.0,2000000.0,2000000.0,2000000.0,2000000.0,2000000.0,2000000.0,2000000.0,2000000.0,2000000.0,2000000.0,2000000.0,2000000.0,2000000.0,2000000.0,2000000.0,2000000.0,2000000.0,2000000.0,2000000.0,2000000.0,2000000.0,2000000.0,2000000.0,2000000.0,2000000.0,2000000.0,2000000.0,2000000.0,2000000.0,2000000.0,2000000.0,2000000.0,2000000.0,2000000.0,2000000.0,2000000.0,2000000.0,2000000.0,2000000.0,2000000.0,2000000.0,2000000.0,2000000.0,2000000.0,2000000.0,2000000.0","EVLA_KA#A1C1#2,EVLA_KA#A1C1#3,EVLA_KA#A1C1#4,EVLA_KA#A1C1#5,EVLA_KA#A1C1#6,EVLA_KA#A1C1#7,EVLA_KA#A1C1#8,EVLA_KA#A1C1#9,EVLA_KA#A1C1#10,EVLA_KA#A1C1#11,EVLA_KA#A1C1#12,EVLA_KA#A1C1#13,EVLA_KA#A1C1#14,EVLA_KA#A1C1#15,EVLA_KA#A1C1#16,EVLA_KA#A1C1#17,EVLA_KA#A2C2#18,EVLA_KA#A2C2#19,EVLA_KA#A2C2#20,EVLA_KA#A2C2#21,EVLA_KA#A2C2#22,EVLA_KA#A2C2#23,EVLA_KA#A2C2#24,EVLA_KA#A2C2#25,EVLA_KA#A2C2#26,EVLA_KA#A2C2#27,EVLA_KA#A2C2#28,EVLA_KA#A2C2#29,EVLA_KA#A2C2#30,EVLA_KA#A2C2#31,EVLA_KA#A2C2#32,EVLA_KA#A2C2#33,EVLA_KA#B1D1#34,EVLA_KA#B1D1#35,EVLA_KA#B1D1#36,EVLA_KA#B1D1#37,EVLA_KA#B1D1#38,EVLA_KA#B1D1#39,EVLA_KA#B1D1#40,EVLA_KA#B1D1#41,EVLA_KA#B1D1#42,EVLA_KA#B1D1#43,EVLA_KA#B1D1#44,EVLA_KA#B1D1#45,EVLA_KA#B1D1#46,EVLA_KA#B1D1#47,EVLA_KA#B1D1#48,EVLA_KA#B1D1#49,EVLA_KA#B2D2#50,EVLA_KA#B2D2#51,EVLA_KA#B2D2#52,EVLA_KA#B2D2#53,EVLA_KA#B2D2#54,EVLA_KA#B2D2#55,EVLA_KA#B2D2#56,EVLA_KA#B2D2#57,EVLA_KA#B2D2#58,EVLA_KA#B2D2#59,EVLA_KA#B2D2#60,EVLA_KA#B2D2#61,EVLA_KA#B2D2#62,EVLA_KA#B2D2#63,EVLA_KA#B2D2#64,EVLA_KA#B2D2#65",418.85,Teacup AGN
https://data.nrao.edu/portal/#/productViewer/20B-062.sb38816982.eb44466003.60189.57154841435,"128000000.0,128000000.0,128000000.0,128000000.0,128000000.0,128000000.0,128000000.0,128000000.0,128000000.0,128000000.0,128000000.0,128000000.0,128000000.0,128000000.0,128000000.0,128000000.0,128000000.0,128000000.0,128000000.0,128000000.0,128000000.0,128000000.0,128000000.0,128000000.0,128000000.0,128000000.0,128000000.0,128000000.0,128000000.0,128000000.0,128000000.0,128000000.0,128000000.0,128000000.0,128000000.0,128000000.0,128000000.0,128000000.0,128000000.0,128000000.0,128000000.0,128000000.0,128000000.0,128000000.0,128000000.0,128000000.0,128000000.0,128000000.0,128000000.0,128000000.0,128000000.0,128000000.0,128000000.0,128000000.0,128000000.0,128000000.0,128000000.0,128000000.0,128000000.0,128000000.0,128000000.0,128000000.0,128000000.0,128000000.0","33041000000.0,33169000000.0,33297000000.0,33425000000.0,33553000000.0,33681000000.0,33809000000.0,33937000000.0,34065000000.0,34193000000.0,34321000000.0,34449000000.0,34577000000.0,34705000000.0,34833000000.0,34961000000.0,35041000000.0,35169000000.0,35297000000.0,35425000000.0,35553000000.0,35681000000.0,35809000000.0,35937000000.0,36065000000.0,36193000000.0,36321000000.0,36449000000.0,36577000000.0,36705000000.0,36833000000.0,36961000000.0,29041000000.0,29169000000.0,29297000000.0,29425000000.0,29553000000.0,29681000000.0,29809000000.0,29937000000.0,30065000000.0,30193000000.0,30321000000.0,30449000000.0,30577000000.0,30705000000.0,30833000000.0,30961000000.0,31041000000.0,31169000000.0,31297000000.0,31425000000.0,31553000000.0,31681000000.0,31809000000.0,31937000000.0,32065000000.0,32193000000.0,32321000000.0,32449000000.0,32577000000.0,32705000000.0,32833000000.0,32961000000.0",A,3.6896E10,2.8976E10,EVLA,"64,64,64,64,64,64,64,64,64,64,64,64,64,64,64,64,64,64,64,64,64,64,64,64,64,64,64,64,64,64,64,64,64,64,64,64,64,64,64,64,64,64,64,64,64,64,64,64,64,64,64,64,64,64,64,64,64,64,64,64,64,64,64,64",20B-062.sb38816982.eb44466003.60189.57154841435,"RR, RL, LR, LL",20B-062,PUBLIC,49.85200932178193,85.65057465185124,"2000000.0,2000000.0,2000000.0,2000000.0,2000000.0,2000000.0,2000000.0,2000000.0,2000000.0,2000000.0,2000000.0,2000000.0,2000000.0,2000000.0,2000000.0,2000000.0,2000000.0,2000000.0,2000000.0,2000000.0,2000000.0,2000000.0,2000000.0,2000000.0,2000000.0,2000000.0,2000000.0,2000000.0,2000000.0,2000000.0,2000000.0,2000000.0,2000000.0,2000000.0,2000000.0,2000000.0,2000000.0,2000000.0,2000000.0,2000000.0,2000000.0,2000000.0,2000000.0,2000000.0,2000000.0,2000000.0,2000000.0,2000000.0,2000000.0,2000000.0,2000000.0,2000000.0,2000000.0,2000000.0,2000000.0,2000000.0,2000000.0,2000000.0,2000000.0,2000000.0,2000000.0,2000000.0,2000000.0,2000000.0","EVLA_KA#A1C1#2,EVLA_KA#A1C1#3,EVLA_KA#A1C1#4,EVLA_KA#A1C1#5,EVLA_KA#A1C1#6,EVLA_KA#A1C1#7,EVLA_KA#A1C1#8,EVLA_KA#A1C1#9,EVLA_KA#A1C1#10,EVLA_KA#A1C1#11,EVLA_KA#A1C1#12,EVLA_KA#A1C1#13,EVLA_KA#A1C1#14,EVLA_KA#A1C1#15,EVLA_KA#A1C1#16,EVLA_KA#A1C1#17,EVLA_KA#A2C2#18,EVLA_KA#A2C2#19,EVLA_KA#A2C2#20,EVLA_KA#A2C2#21,EVLA_KA#A2C2#22,EVLA_KA#A2C2#23,EVLA_KA#A2C2#24,EVLA_KA#A2C2#25,EVLA_KA#A2C2#26,EVLA_KA#A2C2#27,EVLA_KA#A2C2#28,EVLA_KA#A2C2#29,EVLA_KA#A2C2#30,EVLA_KA#A2C2#31,EVLA_KA#A2C2#32,EVLA_KA#A2C2#33,EVLA_KA#B1D1#34,EVLA_KA#B1D1#35,EVLA_KA#B1D1#36,EVLA_KA#B1D1#37,EVLA_KA#B1D1#38,EVLA_KA#B1D1#39,EVLA_KA#B1D1#40,EVLA_KA#B1D1#41,EVLA_KA#B1D1#42,EVLA_KA#B1D1#43,EVLA_KA#B1D1#44,EVLA_KA#B1D1#45,EVLA_KA#B1D1#46,EVLA_KA#B1D1#47,EVLA_KA#B1D1#48,EVLA_KA#B1D1#49,EVLA_KA#B2D2#50,EVLA_KA#B2D2#51,EVLA_KA#B2D2#52,EVLA_KA#B2D2#53,EVLA_KA#B2D2#54,EVLA_KA#B2D2#55,EVLA_KA#B2D2#56,EVLA_KA#B2D2#57,EVLA_KA#B2D2#58,EVLA_KA#B2D2#59,EVLA_KA#B2D2#60,EVLA_KA#B2D2#61,EVLA_KA#B2D2#62,EVLA_KA#B2D2#63,EVLA_KA#B2D2#64,EVLA_KA#B2D2#65",59.85,0542+498=3C147
https://data.nrao.edu/portal/#/productViewer/20B-062.sb38816982.eb44466003.60189.57154841435,"128000000.0,128000000.0,128000000.0,128000000.0,128000000.0,128000000.0,128000000.0,128000000.0,128000000.0,128000000.0,128000000.0,128000000.0,128000000.0,128000000.0,128000000.0,128000000.0,128000000.0,128000000.0,128000000.0,128000000.0,128000000.0,128000000.0,128000000.0,128000000.0,128000000.0,128000000.0,128000000.0,128000000.0,128000000.0,128000000.0,128000000.0,128000000.0,128000000.0,128000000.0,128000000.0,128000000.0,128000000.0,128000000.0,128000000.0,128000000.0,128000000.0,128000000.0,128000000.0,128000000.0,128000000.0,128000000.0,128000000.0,128000000.0,128000000.0,128000000.0,128000000.0,128000000.0,128000000.0,128000000.0,128000000.0,128000000.0,128000000.0,128000000.0,128000000.0,128000000.0,128000000.0,128000000.0,128000000.0,128000000.0","33041000000.0,33169000000.0,33297000000.0,33425000000.0,33553000000.0,33681000000.0,33809000000.0,33937000000.0,34065000000.0,34193000000.0,34321000000.0,34449000000.0,34577000000.0,34705000000.0,34833000000.0,34961000000.0,35041000000.0,35169000000.0,35297000000.0,35425000000.0,35553000000.0,35681000000.0,35809000000.0,35937000000.0,36065000000.0,36193000000.0,36321000000.0,36449000000.0,36577000000.0,36705000000.0,36833000000.0,36961000000.0,29041000000.0,29169000000.0,29297000000.0,29425000000.0,29553000000.0,29681000000.0,29809000000.0,29937000000.0,30065000000.0,30193000000.0,30321000000.0,30449000000.0,30577000000.0,30705000000.0,30833000000.0,30961000000.0,31041000000.0,31169000000.0,31297000000.0,31425000000.0,31553000000.0,31681000000.0,31809000000.0,31937000000.0,32065000000.0,32193000000.0,32321000000.0,32449000000.0,32577000000.0,32705000000.0,32833000000.0,32961000000.0",A,3.6896E10,2.8976E10,EVLA,"64,64,64,64,64,64,64,64,64,64,64,64,64,64,64,64,64,64,64,64,64,64,64,64,64,64,64,64,64,64,64,64,64,64,64,64,64,64,64,64,64,64,64,64,64,64,64,64,64,64,64,64,64,64,64,64,64,64,64,64,64,64,64,64",20B-062.sb38816982.eb44466003.60189.57154841435,"RR, RL, LR, LL",20B-062,PUBLIC,41.51169529027947,49.95066709068327,"2000000.0,2000000.0,2000000.0,2000000.0,2000000.0,2000000.0,2000000.0,2000000.0,2000000.0,2000000.0,2000000.0,2000000.0,2000000.0,2000000.0,2000000.0,2000000.0,2000000.0,2000000.0,2000000.0,2000000.0,2000000.0,2000000.0,2000000.0,2000000.0,2000000.0,2000000.0,2000000.0,2000000.0,2000000.0,2000000.0,2000000.0,2000000.0,2000000.0,2000000.0,2000000.0,2000000.0,2000000.0,2000000.0,2000000.0,2000000.0,2000000.0,2000000.0,2000000.0,2000000.0,2000000.0,2000000.0,2000000.0,2000000.0,2000000.0,2000000.0,2000000.0,2000000.0,2000000.0,2000000.0,2000000.0,2000000.0,2000000.0,2000000.0,2000000.0,2000000.0,2000000.0,2000000.0,2000000.0,2000000.0","EVLA_KA#A1C1#2,EVLA_KA#A1C1#3,EVLA_KA#A1C1#4,EVLA_KA#A1C1#5,EVLA_KA#A1C1#6,EVLA_KA#A1C1#7,EVLA_KA#A1C1#8,EVLA_KA#A1C1#9,EVLA_KA#A1C1#10,EVLA_KA#A1C1#11,EVLA_KA#A1C1#12,EVLA_KA#A1C1#13,EVLA_KA#A1C1#14,EVLA_KA#A1C1#15,EVLA_KA#A1C1#16,EVLA_KA#A1C1#17,EVLA_KA#A2C2#18,EVLA_KA#A2C2#19,EVLA_KA#A2C2#20,EVLA_KA#A2C2#21,EVLA_KA#A2C2#22,EVLA_KA#A2C2#23,EVLA_KA#A2C2#24,EVLA_KA#A2C2#25,EVLA_KA#A2C2#26,EVLA_KA#A2C2#27,EVLA_KA#A2C2#28,EVLA_KA#A2C2#29,EVLA_KA#A2C2#30,EVLA_KA#A2C2#31,EVLA_KA#A2C2#32,EVLA_KA#A2C2#33,EVLA_KA#B1D1#34,EVLA_KA#B1D1#35,EVLA_KA#B1D1#36,EVLA_KA#B1D1#37,EVLA_KA#B1D1#38,EVLA_KA#B1D1#39,EVLA_KA#B1D1#40,EVLA_KA#B1D1#41,EVLA_KA#B1D1#42,EVLA_KA#B1D1#43,EVLA_KA#B1D1#44,EVLA_KA#B1D1#45,EVLA_KA#B1D1#46,EVLA_KA#B1D1#47,EVLA_KA#B1D1#48,EVLA_KA#B1D1#49,EVLA_KA#B2D2#50,EVLA_KA#B2D2#51,EVLA_KA#B2D2#52,EVLA_KA#B2D2#53,EVLA_KA#B2D2#54,EVLA_KA#B2D2#55,EVLA_KA#B2D2#56,EVLA_KA#B2D2#57,EVLA_KA#B2D2#58,EVLA_KA#B2D2#59,EVLA_KA#B2D2#60,EVLA_KA#B2D2#61,EVLA_KA#B2D2#62,EVLA_KA#B2D2#63,EVLA_KA#B2D2#64,EVLA_KA#B2D2#65",29.95,J0319+4130
https://data.nrao.edu/portal/#/productViewer/20B-062.sb38816982.eb44466003.60189.57154841435,"128000000.0,128000000.0,128000000.0,128000000.0,128000000.0,128000000.0,128000000.0,128000000.0,128000000.0,128000000.0,128000000.0,128000000.0,128000000.0,128000000.0,128000000.0,128000000.0,128000000.0,128000000.0,128000000.0,128000000.0,128000000.0,128000000.0,128000000.0,128000000.0,128000000.0,128000000.0,128000000.0,128000000.0,128000000.0,128000000.0,128000000.0,128000000.0,128000000.0,128000000.0,128000000.0,128000000.0,128000000.0,128000000.0,128000000.0,128000000.0,128000000.0,128000000.0,128000000.0,128000000.0,128000000.0,128000000.0,128000000.0,128000000.0,128000000.0,128000000.0,128000000.0,128000000.0,128000000.0,128000000.0,128000000.0,128000000.0,128000000.0,128000000.0,128000000.0,128000000.0,128000000.0,128000000.0,128000000.0,128000000.0","33041000000.0,33169000000.0,33297000000.0,33425000000.0,33553000000.0,33681000000.0,33809000000.0,33937000000.0,34065000000.0,34193000000.0,34321000000.0,34449000000.0,34577000000.0,34705000000.0,34833000000.0,34961000000.0,35041000000.0,35169000000.0,35297000000.0,35425000000.0,35553000000.0,35681000000.0,35809000000.0,35937000000.0,36065000000.0,36193000000.0,36321000000.0,36449000000.0,36577000000.0,36705000000.0,36833000000.0,36961000000.0,29041000000.0,29169000000.0,29297000000.0,29425000000.0,29553000000.0,29681000000.0,29809000000.0,29937000000.0,30065000000.0,30193000000.0,30321000000.0,30449000000.0,30577000000.0,30705000000.0,30833000000.0,30961000000.0,31041000000.0,31169000000.0,31297000000.0,31425000000.0,31553000000.0,31681000000.0,31809000000.0,31937000000.0,32065000000.0,32193000000.0,32321000000.0,32449000000.0,32577000000.0,32705000000.0,32833000000.0,32961000000.0",A,3.6896E10,2.8976E10,EVLA,"64,64,64,64,64,64,64,64,64,64,64,64,64,64,64,64,64,64,64,64,64,64,64,64,64,64,64,64,64,64,64,64,64,64,64,64,64,64,64,64,64,64,64,64,64,64,64,64,64,64,64,64,64,64,64,64,64,64,64,64,64,64,64,64",20B-062.sb38816982.eb44466003.60189.57154841435,"RR, RL, LR, LL",20B-062,PUBLIC,38.026611113153805,64.58865416435836,"2000000.0,2000000.0,2000000.0,2000000.0,2000000.0,2000000.0,2000000.0,2000000.0,2000000.0,2000000.0,2000000.0,2000000.0,2000000.0,2000000.0,2000000.0,2000000.0,2000000.0,2000000.0,2000000.0,2000000.0,2000000.0,2000000.0,2000000.0,2000000.0,2000000.0,2000000.0,2000000.0,2000000.0,2000000.0,2000000.0,2000000.0,2000000.0,2000000.0,2000000.0,2000000.0,2000000.0,2000000.0,2000000.0,2000000.0,2000000.0,2000000.0,2000000.0,2000000.0,2000000.0,2000000.0,2000000.0,2000000.0,2000000.0,2000000.0,2000000.0,2000000.0,2000000.0,2000000.0,2000000.0,2000000.0,2000000.0,2000000.0,2000000.0,2000000.0,2000000.0,2000000.0,2000000.0,2000000.0,2000000.0","EVLA_KA#A1C1#2,EVLA_KA#A1C1#3,EVLA_KA#A1C1#4,EVLA_KA#A1C1#5,EVLA_KA#A1C1#6,EVLA_KA#A1C1#7,EVLA_KA#A1C1#8,EVLA_KA#A1C1#9,EVLA_KA#A1C1#10,EVLA_KA#A1C1#11,EVLA_KA#A1C1#12,EVLA_KA#A1C1#13,EVLA_KA#A1C1#14,EVLA_KA#A1C1#15,EVLA_KA#A1C1#16,EVLA_KA#A1C1#17,EVLA_KA#A2C2#18,EVLA_KA#A2C2#19,EVLA_KA#A2C2#20,EVLA_KA#A2C2#21,EVLA_KA#A2C2#22,EVLA_KA#A2C2#23,EVLA_KA#A2C2#24,EVLA_KA#A2C2#25,EVLA_KA#A2C2#26,EVLA_KA#A2C2#27,EVLA_KA#A2C2#28,EVLA_KA#A2C2#29,EVLA_KA#A2C2#30,EVLA_KA#A2C2#31,EVLA_KA#A2C2#32,EVLA_KA#A2C2#33,EVLA_KA#B1D1#34,EVLA_KA#B1D1#35,EVLA_KA#B1D1#36,EVLA_KA#B1D1#37,EVLA_KA#B1D1#38,EVLA_KA#B1D1#39,EVLA_KA#B1D1#40,EVLA_KA#B1D1#41,EVLA_KA#B1D1#42,EVLA_KA#B1D1#43,EVLA_KA#B1D1#44,EVLA_KA#B1D1#45,EVLA_KA#B1D1#46,EVLA_KA#B1D1#47,EVLA_KA#B1D1#48,EVLA_KA#B1D1#49,EVLA_KA#B2D2#50,EVLA_KA#B2D2#51,EVLA_KA#B2D2#52,EVLA_KA#B2D2#53,EVLA_KA#B2D2#54,EVLA_KA#B2D2#55,EVLA_KA#B2D2#56,EVLA_KA#B2D2#57,EVLA_KA#B2D2#58,EVLA_KA#B2D2#59,EVLA_KA#B2D2#60,EVLA_KA#B2D2#61,EVLA_KA#B2D2#62,EVLA_KA#B2D2#63,EVLA_KA#B2D2#64,EVLA_KA#B2D2#65",29.9,J0418+3801_BU
https://data.nrao.edu/portal/#/productViewer/20B-062.sb38816982.eb44466003.60189.57154841435,"128000000.0,128000000.0,128000000.0,128000000.0,128000000.0,128000000.0,128000000.0,128000000.0,128000000.0,128000000.0,128000000.0,128000000.0,128000000.0,128000000.0,128000000.0,128000000.0,128000000.0,128000000.0,128000000.0,128000000.0,128000000.0,128000000.0,128000000.0,128000000.0,128000000.0,128000000.0,128000000.0,128000000.0,128000000.0,128000000.0,128000000.0,128000000.0,128000000.0,128000000.0,128000000.0,128000000.0,128000000.0,128000000.0,128000000.0,128000000.0,128000000.0,128000000.0,128000000.0,128000000.0,128000000.0,128000000.0,128000000.0,128000000.0,128000000.0,128000000.0,128000000.0,128000000.0,128000000.0,128000000.0,128000000.0,128000000.0,128000000.0,128000000.0,128000000.0,128000000.0,128000000.0,128000000.0,128000000.0,128000000.0","33041000000.0,33169000000.0,33297000000.0,33425000000.0,33553000000.0,33681000000.0,33809000000.0,33937000000.0,34065000000.0,34193000000.0,34321000000.0,34449000000.0,34577000000.0,34705000000.0,34833000000.0,34961000000.0,35041000000.0,35169000000.0,35297000000.0,35425000000.0,35553000000.0,35681000000.0,35809000000.0,35937000000.0,36065000000.0,36193000000.0,36321000000.0,36449000000.0,36577000000.0,36705000000.0,36833000000.0,36961000000.0,29041000000.0,29169000000.0,29297000000.0,29425000000.0,29553000000.0,29681000000.0,29809000000.0,29937000000.0,30065000000.0,30193000000.0,30321000000.0,30449000000.0,30577000000.0,30705000000.0,30833000000.0,30961000000.0,31041000000.0,31169000000.0,31297000000.0,31425000000.0,31553000000.0,31681000000.0,31809000000.0,31937000000.0,32065000000.0,32193000000.0,32321000000.0,32449000000.0,32577000000.0,32705000000.0,32833000000.0,32961000000.0",A,3.6896E10,2.8976E10,EVLA,"64,64,64,64,64,64,64,64,64,64,64,64,64,64,64,64,64,64,64,64,64,64,64,64,64,64,64,64,64,64,64,64,64,64,64,64,64,64,64,64,64,64,64,64,64,64,64,64,64,64,64,64,64,64,64,64,64,64,64,64,64,64,64,64",20B-062.sb38816982.eb44466003.60189.57154841435,"RR, RL, LR, LL",20B-062,PUBLIC,30.366472222613154,73.79575000122581,"2000000.0,2000000.0,2000000.0,2000000.0,2000000.0,2000000.0,2000000.0,2000000.0,2000000.0,2000000.0,2000000.0,2000000.0,2000000.0,2000000.0,2000000.0,2000000.0,2000000.0,2000000.0,2000000.0,2000000.0,2000000.0,2000000.0,2000000.0,2000000.0,2000000.0,2000000.0,2000000.0,2000000.0,2000000.0,2000000.0,2000000.0,2000000.0,2000000.0,2000000.0,2000000.0,2000000.0,2000000.0,2000000.0,2000000.0,2000000.0,2000000.0,2000000.0,2000000.0,2000000.0,2000000.0,2000000.0,2000000.0,2000000.0,2000000.0,2000000.0,2000000.0,2000000.0,2000000.0,2000000.0,2000000.0,2000000.0,2000000.0,2000000.0,2000000.0,2000000.0,2000000.0,2000000.0,2000000.0,2000000.0","EVLA_KA#A1C1#2,EVLA_KA#A1C1#3,EVLA_KA#A1C1#4,EVLA_KA#A1C1#5,EVLA_KA#A1C1#6,EVLA_KA#A1C1#7,EVLA_KA#A1C1#8,EVLA_KA#A1C1#9,EVLA_KA#A1C1#10,EVLA_KA#A1C1#11,EVLA_KA#A1C1#12,EVLA_KA#A1C1#13,EVLA_KA#A1C1#14,EVLA_KA#A1C1#15,EVLA_KA#A1C1#16,EVLA_KA#A1C1#17,EVLA_KA#A2C2#18,EVLA_KA#A2C2#19,EVLA_KA#A2C2#20,EVLA_KA#A2C2#21,EVLA_KA#A2C2#22,EVLA_KA#A2C2#23,EVLA_KA#A2C2#24,EVLA_KA#A2C2#25,EVLA_KA#A2C2#26,EVLA_KA#A2C2#27,EVLA_KA#A2C2#28,EVLA_KA#A2C2#29,EVLA_KA#A2C2#30,EVLA_KA#A2C2#31,EVLA_KA#A2C2#32,EVLA_KA#A2C2#33,EVLA_KA#B1D1#34,EVLA_KA#B1D1#35,EVLA_KA#B1D1#36,EVLA_KA#B1D1#37,EVLA_KA#B1D1#38,EVLA_KA#B1D1#39,EVLA_KA#B1D1#40,EVLA_KA#B1D1#41,EVLA_KA#B1D1#42,EVLA_KA#B1D1#43,EVLA_KA#B1D1#44,EVLA_KA#B1D1#45,EVLA_KA#B1D1#46,EVLA_KA#B1D1#47,EVLA_KA#B1D1#48,EVLA_KA#B1D1#49,EVLA_KA#B2D2#50,EVLA_KA#B2D2#51,EVLA_KA#B2D2#52,EVLA_KA#B2D2#53,EVLA_KA#B2D2#54,EVLA_KA#B2D2#55,EVLA_KA#B2D2#56,EVLA_KA#B2D2#57,EVLA_KA#B2D2#58,EVLA_KA#B2D2#59,EVLA_KA#B2D2#60,EVLA_KA#B2D2#61,EVLA_KA#B2D2#62,EVLA_KA#B2D2#63,EVLA_KA#B2D2#64,EVLA_KA#B2D2#65",105.7,GMAur
https://data.nrao.edu/portal/#/productViewer/21A-241.sb41186413.eb41224263.59608.058221921296,"128000000.0,128000000.0,128000000.0,128000000.0,128000000.0,128000000.0,128000000.0,128000000.0,128000000.0,128000000.0,128000000.0,128000000.0,128000000.0,128000000.0,128000000.0,128000000.0","36553000000.0,36681000000.0,36809000000.0,36937000000.0,37065000000.0,37193000000.0,37321000000.0,37449000000.0,29553000000.0,29681000000.0,29809000000.0,29937000000.0,30065000000.0,30193000000.0,30321000000.0,30449000000.0",B,3.7384E10,2.9488E10,EVLA,"64,64,64,64,64,64,64,64,64,64,64,64,64,64,64,64",21A-241.sb41186413.eb41224263.59608.058221921296,"RR, RL, LR, LL",21A-241,PUBLIC,34.94229071123031,7.3093435667927755,"2000000.0,2000000.0,2000000.0,2000000.0,2000000.0,2000000.0,2000000.0,2000000.0,2000000.0,2000000.0,2000000.0,2000000.0,2000000.0,2000000.0,2000000.0,2000000.0","EVLA_KA#A0C0#64,EVLA_KA#A0C0#65,EVLA_KA#A0C0#66,EVLA_KA#A0C0#67,EVLA_KA#A0C0#68,EVLA_KA#A0C0#69,EVLA_KA#A0C0#70,EVLA_KA#A0C0#71,EVLA_KA#B0D0#72,EVLA_KA#B0D0#73,EVLA_KA#B0D0#74,EVLA_KA#B0D0#75,EVLA_KA#B0D0#76,EVLA_KA#B0D0#77,EVLA_KA#B0D0#78,EVLA_KA#B0D0#79",59.85,J0029+3456
https://data.nrao.edu/portal/#/productViewer/21A-241.sb41186413.eb41224263.59608.058221921296,"128000000.0,128000000.0,128000000.0,128000000.0,128000000.0,128000000.0,128000000.0,128000000.0,128000000.0,128000000.0,128000000.0,128000000.0,128000000.0,128000000.0,128000000.0,128000000.0","36553000000.0,36681000000.0,36809000000.0,36937000000.0,37065000000.0,37193000000.0,37321000000.0,37449000000.0,29553000000.0,29681000000.0,29809000000.0,29937000000.0,30065000000.0,30193000000.0,30321000000.0,30449000000.0",B,3.7384E10,2.9488E10,EVLA,"64,64,64,64,64,64,64,64,64,64,64,64,64,64,64,64",21A-241.sb41186413.eb41224263.59608.058221921296,"RR, RL, LR, LL",21A-241,PUBLIC,31.769027778937463,1.3534166675432966,"2000000.0,2000000.0,2000000.0,2000000.0,2000000.0,2000000.0,2000000.0,2000000.0,2000000.0,2000000.0,2000000.0,2000000.0,2000000.0,2000000.0,2000000.0,2000000.0","EVLA_KA#A0C0#64,EVLA_KA#A0C0#65,EVLA_KA#A0C0#66,EVLA_KA#A0C0#67,EVLA_KA#A0C0#68,EVLA_KA#A0C0#69,EVLA_KA#A0C0#70,EVLA_KA#A0C0#71,EVLA_KA#B0D0#72,EVLA_KA#B0D0#73,EVLA_KA#B0D0#74,EVLA_KA#B0D0#75,EVLA_KA#B0D0#76,EVLA_KA#B0D0#77,EVLA_KA#B0D0#78,EVLA_KA#B0D0#79",59.85,GRB220101A
https://data.nrao.edu/portal/#/productViewer/21A-241.sb41186413.eb41224263.59608.058221921296,"128000000.0,128000000.0,128000000.0,128000000.0,128000000.0,128000000.0,128000000.0,128000000.0,128000000.0,128000000.0,128000000.0,128000000.0,128000000.0,128000000.0,128000000.0,128000000.0","36553000000.0,36681000000.0,36809000000.0,36937000000.0,37065000000.0,37193000000.0,37321000000.0,37449000000.0,29553000000.0,29681000000.0,29809000000.0,29937000000.0,30065000000.0,30193000000.0,30321000000.0,30449000000.0",B,3.7384E10,2.9488E10,EVLA,"64,64,64,64,64,64,64,64,64,64,64,64,64,64,64,64",21A-241.sb41186413.eb41224263.59608.058221921296,"RR, RL, LR, LL",21A-241,PUBLIC,33.15975916513661,24.42208096340236,"2000000.0,2000000.0,2000000.0,2000000.0,2000000.0,2000000.0,2000000.0,2000000.0,2000000.0,2000000.0,2000000.0,2000000.0,2000000.0,2000000.0,2000000.0,2000000.0","EVLA_KA#A0C0#64,EVLA_KA#A0C0#65,EVLA_KA#A0C0#66,EVLA_KA#A0C0#67,EVLA_KA#A0C0#68,EVLA_KA#A0C0#69,EVLA_KA#A0C0#70,EVLA_KA#A0C0#71,EVLA_KA#B0D0#72,EVLA_KA#B0D0#73,EVLA_KA#B0D0#74,EVLA_KA#B0D0#75,EVLA_KA#B0D0#76,EVLA_KA#B0D0#77,EVLA_KA#B0D0#78,EVLA_KA#B0D0#79",59.85,3C48
https://data.nrao.edu/portal/#/productViewer/21A-120.sb39617955.eb40018327.59425.41737056713,"128000000.0,128000000.0,128000000.0,128000000.0,128000000.0,128000000.0,128000000.0,128000000.0,128000000.0,128000000.0,128000000.0,128000000.0,128000000.0,128000000.0,128000000.0,128000000.0,128000000.0,128000000.0,128000000.0,128000000.0,128000000.0,128000000.0,128000000.0,128000000.0,128000000.0,128000000.0,128000000.0,128000000.0,128000000.0,128000000.0,128000000.0,128000000.0,128000000.0,128000000.0,128000000.0,128000000.0,128000000.0,128000000.0,128000000.0,128000000.0,128000000.0,128000000.0,128000000.0,128000000.0,128000000.0,128000000.0,128000000.0,128000000.0,128000000.0,128000000.0,128000000.0,128000000.0,128000000.0,128000000.0,128000000.0,128000000.0,128000000.0,128000000.0,128000000.0,128000000.0,128000000.0,128000000.0,128000000.0,128000000.0","35041000000.0,35169000000.0,35297000000.0,35425000000.0,35553000000.0,35681000000.0,35809000000.0,35937000000.0,36065000000.0,36193000000.0,36321000000.0,36449000000.0,36577000000.0,36705000000.0,36833000000.0,36961000000.0,33041000000.0,33169000000.0,33297000000.0,33425000000.0,33553000000.0,33681000000.0,33809000000.0,33937000000.0,34065000000.0,34193000000.0,34321000000.0,34449000000.0,34577000000.0,34705000000.0,34833000000.0,34961000000.0,27541000000.0,27669000000.0,27797000000.0,27925000000.0,28053000000.0,28181000000.0,28309000000.0,28437000000.0,28565000000.0,28693000000.0,28821000000.0,28949000000.0,29077000000.0,29205000000.0,29333000000.0,29461000000.0,29541000000.0,29669000000.0,29797000000.0,29925000000.0,30053000000.0,30181000000.0,30309000000.0,30437000000.0,30565000000.0,30693000000.0,30821000000.0,30949000000.0,31077000000.0,31205000000.0,31333000000.0,31461000000.0",C,3.6896E10,2.7476E10,EVLA,"64,64,64,64,64,64,64,64,64,64,64,64,64,64,64,64,64,64,64,64,64,64,64,64,64,64,64,64,64,64,64,64,64,64,64,64,64,64,64,64,64,64,64,64,64,64,64,64,64,64,64,64,64,64,64,64,64,64,64,64,64,64,64,64",21A-120.sb39617955.eb40018327.59425.41737056713,"RR, RL, LR, LL",21A-120,PUBLIC,33.15975916513661,24.42208096340236,"2000000.0,2000000.0,2000000.0,2000000.0,2000000.0,2000000.0,2000000.0,2000000.0,2000000.0,2000000.0,2000000.0,2000000.0,2000000.0,2000000.0,2000000.0,2000000.0,2000000.0,2000000.0,2000000.0,2000000.0,2000000.0,2000000.0,2000000.0,2000000.0,2000000.0,2000000.0,2000000.0,2000000.0,2000000.0,2000000.0,2000000.0,2000000.0,2000000.0,2000000.0,2000000.0,2000000.0,2000000.0,2000000.0,2000000.0,2000000.0,2000000.0,2000000.0,2000000.0,2000000.0,2000000.0,2000000.0,2000000.0,2000000.0,2000000.0,2000000.0,2000000.0,2000000.0,2000000.0,2000000.0,2000000.0,2000000.0,2000000.0,2000000.0,2000000.0,2000000.0,2000000.0,2000000.0,2000000.0,2000000.0","EVLA_KA#A1C1#50,EVLA_KA#A1C1#51,EVLA_KA#A1C1#52,EVLA_KA#A1C1#53,EVLA_KA#A1C1#54,EVLA_KA#A1C1#55,EVLA_KA#A1C1#56,EVLA_KA#A1C1#57,EVLA_KA#A1C1#58,EVLA_KA#A1C1#59,EVLA_KA#A1C1#60,EVLA_KA#A1C1#61,EVLA_KA#A1C1#62,EVLA_KA#A1C1#63,EVLA_KA#A1C1#64,EVLA_KA#A1C1#65,EVLA_KA#A2C2#66,EVLA_KA#A2C2#67,EVLA_KA#A2C2#68,EVLA_KA#A2C2#69,EVLA_KA#A2C2#70,EVLA_KA#A2C2#71,EVLA_KA#A2C2#72,EVLA_KA#A2C2#73,EVLA_KA#A2C2#74,EVLA_KA#A2C2#75,EVLA_KA#A2C2#76,EVLA_KA#A2C2#77,EVLA_KA#A2C2#78,EVLA_KA#A2C2#79,EVLA_KA#A2C2#80,EVLA_KA#A2C2#81,EVLA_KA#B1D1#82,EVLA_KA#B1D1#83,EVLA_KA#B1D1#84,EVLA_KA#B1D1#85,EVLA_KA#B1D1#86,EVLA_KA#B1D1#87,EVLA_KA#B1D1#88,EVLA_KA#B1D1#89,EVLA_KA#B1D1#90,EVLA_KA#B1D1#91,EVLA_KA#B1D1#92,EVLA_KA#B1D1#93,EVLA_KA#B1D1#94,EVLA_KA#B1D1#95,EVLA_KA#B1D1#96,EVLA_KA#B1D1#97,EVLA_KA#B2D2#98,EVLA_KA#B2D2#99,EVLA_KA#B2D2#100,EVLA_KA#B2D2#101,EVLA_KA#B2D2#102,EVLA_KA#B2D2#103,EVLA_KA#B2D2#104,EVLA_KA#B2D2#105,EVLA_KA#B2D2#106,EVLA_KA#B2D2#107,EVLA_KA#B2D2#108,EVLA_KA#B2D2#109,EVLA_KA#B2D2#110,EVLA_KA#B2D2#111,EVLA_KA#B2D2#112,EVLA_KA#B2D2#113",59.8,3C48
https://data.nrao.edu/portal/#/productViewer/21A-120.sb39617955.eb40018327.59425.41737056713,"128000000.0,128000000.0,128000000.0,128000000.0,128000000.0,128000000.0,128000000.0,128000000.0,128000000.0,128000000.0,128000000.0,128000000.0,128000000.0,128000000.0,128000000.0,128000000.0,128000000.0,128000000.0,128000000.0,128000000.0,128000000.0,128000000.0,128000000.0,128000000.0,128000000.0,128000000.0,128000000.0,128000000.0,128000000.0,128000000.0,128000000.0,128000000.0,128000000.0,128000000.0,128000000.0,128000000.0,128000000.0,128000000.0,128000000.0,128000000.0,128000000.0,128000000.0,128000000.0,128000000.0,128000000.0,128000000.0,128000000.0,128000000.0,128000000.0,128000000.0,128000000.0,128000000.0,128000000.0,128000000.0,128000000.0,128000000.0,128000000.0,128000000.0,128000000.0,128000000.0,128000000.0,128000000.0,128000000.0,128000000.0","35041000000.0,35169000000.0,35297000000.0,35425000000.0,35553000000.0,35681000000.0,35809000000.0,35937000000.0,36065000000.0,36193000000.0,36321000000.0,36449000000.0,36577000000.0,36705000000.0,36833000000.0,36961000000.0,33041000000.0,33169000000.0,33297000000.0,33425000000.0,33553000000.0,33681000000.0,33809000000.0,33937000000.0,34065000000.0,34193000000.0,34321000000.0,34449000000.0,34577000000.0,34705000000.0,34833000000.0,34961000000.0,27541000000.0,27669000000.0,27797000000.0,27925000000.0,28053000000.0,28181000000.0,28309000000.0,28437000000.0,28565000000.0,28693000000.0,28821000000.0,28949000000.0,29077000000.0,29205000000.0,29333000000.0,29461000000.0,29541000000.0,29669000000.0,29797000000.0,29925000000.0,30053000000.0,30181000000.0,30309000000.0,30437000000.0,30565000000.0,30693000000.0,30821000000.0,30949000000.0,31077000000.0,31205000000.0,31333000000.0,31461000000.0",C,3.6896E10,2.7476E10,EVLA,"64,64,64,64,64,64,64,64,64,64,64,64,64,64,64,64,64,64,64,64,64,64,64,64,64,64,64,64,64,64,64,64,64,64,64,64,64,64,64,64,64,64,64,64,64,64,64,64,64,64,64,64,64,64,64,64,64,64,64,64,64,64,64,64",21A-120.sb39617955.eb40018327.59425.41737056713,"RR, RL, LR, LL",21A-120,PUBLIC,47.03784805428032,315.57106666873733,"2000000.0,2000000.0,2000000.0,2000000.0,2000000.0,2000000.0,2000000.0,2000000.0,2000000.0,2000000.0,2000000.0,2000000.0,2000000.0,2000000.0,2000000.0,2000000.0,2000000.0,2000000.0,2000000.0,2000000.0,2000000.0,2000000.0,2000000.0,2000000.0,2000000.0,2000000.0,2000000.0,2000000.0,2000000.0,2000000.0,2000000.0,2000000.0,2000000.0,2000000.0,2000000.0,2000000.0,2000000.0,2000000.0,2000000.0,2000000.0,2000000.0,2000000.0,2000000.0,2000000.0,2000000.0,2000000.0,2000000.0,2000000.0,2000000.0,2000000.0,2000000.0,2000000.0,2000000.0,2000000.0,2000000.0,2000000.0,2000000.0,2000000.0,2000000.0,2000000.0,2000000.0,2000000.0,2000000.0,2000000.0","EVLA_KA#A1C1#50,EVLA_KA#A1C1#51,EVLA_KA#A1C1#52,EVLA_KA#A1C1#53,EVLA_KA#A1C1#54,EVLA_KA#A1C1#55,EVLA_KA#A1C1#56,EVLA_KA#A1C1#57,EVLA_KA#A1C1#58,EVLA_KA#A1C1#59,EVLA_KA#A1C1#60,EVLA_KA#A1C1#61,EVLA_KA#A1C1#62,EVLA_KA#A1C1#63,EVLA_KA#A1C1#64,EVLA_KA#A1C1#65,EVLA_KA#A2C2#66,EVLA_KA#A2C2#67,EVLA_KA#A2C2#68,EVLA_KA#A2C2#69,EVLA_KA#A2C2#70,EVLA_KA#A2C2#71,EVLA_KA#A2C2#72,EVLA_KA#A2C2#73,EVLA_KA#A2C2#74,EVLA_KA#A2C2#75,EVLA_KA#A2C2#76,EVLA_KA#A2C2#77,EVLA_KA#A2C2#78,EVLA_KA#A2C2#79,EVLA_KA#A2C2#80,EVLA_KA#A2C2#81,EVLA_KA#B1D1#82,EVLA_KA#B1D1#83,EVLA_KA#B1D1#84,EVLA_KA#B1D1#85,EVLA_KA#B1D1#86,EVLA_KA#B1D1#87,EVLA_KA#B1D1#88,EVLA_KA#B1D1#89,EVLA_KA#B1D1#90,EVLA_KA#B1D1#91,EVLA_KA#B1D1#92,EVLA_KA#B1D1#93,EVLA_KA#B1D1#94,EVLA_KA#B1D1#95,EVLA_KA#B1D1#96,EVLA_KA#B1D1#97,EVLA_KA#B2D2#98,EVLA_KA#B2D2#99,EVLA_KA#B2D2#100,EVLA_KA#B2D2#101,EVLA_KA#B2D2#102,EVLA_KA#B2D2#103,EVLA_KA#B2D2#104,EVLA_KA#B2D2#105,EVLA_KA#B2D2#106,EVLA_KA#B2D2#107,EVLA_KA#B2D2#108,EVLA_KA#B2D2#109,EVLA_KA#B2D2#110,EVLA_KA#B2D2#111,EVLA_KA#B2D2#112,EVLA_KA#B2D2#113",29.95,Cal_J2102
https://data.nrao.edu/portal/#/productViewer/21A-120.sb39617955.eb40018327.59425.41737056713,"128000000.0,128000000.0,128000000.0,128000000.0,128000000.0,128000000.0,128000000.0,128000000.0,128000000.0,128000000.0,128000000.0,128000000.0,128000000.0,128000000.0,128000000.0,128000000.0,128000000.0,128000000.0,128000000.0,128000000.0,128000000.0,128000000.0,128000000.0,128000000.0,128000000.0,128000000.0,128000000.0,128000000.0,128000000.0,128000000.0,128000000.0,128000000.0,128000000.0,128000000.0,128000000.0,128000000.0,128000000.0,128000000.0,128000000.0,128000000.0,128000000.0,128000000.0,128000000.0,128000000.0,128000000.0,128000000.0,128000000.0,128000000.0,128000000.0,128000000.0,128000000.0,128000000.0,128000000.0,128000000.0,128000000.0,128000000.0,128000000.0,128000000.0,128000000.0,128000000.0,128000000.0,128000000.0,128000000.0,128000000.0","35041000000.0,35169000000.0,35297000000.0,35425000000.0,35553000000.0,35681000000.0,35809000000.0,35937000000.0,36065000000.0,36193000000.0,36321000000.0,36449000000.0,36577000000.0,36705000000.0,36833000000.0,36961000000.0,33041000000.0,33169000000.0,33297000000.0,33425000000.0,33553000000.0,33681000000.0,33809000000.0,33937000000.0,34065000000.0,34193000000.0,34321000000.0,34449000000.0,34577000000.0,34705000000.0,34833000000.0,34961000000.0,27541000000.0,27669000000.0,27797000000.0,27925000000.0,28053000000.0,28181000000.0,28309000000.0,28437000000.0,28565000000.0,28693000000.0,28821000000.0,28949000000.0,29077000000.0,29205000000.0,29333000000.0,29461000000.0,29541000000.0,29669000000.0,29797000000.0,29925000000.0,30053000000.0,30181000000.0,30309000000.0,30437000000.0,30565000000.0,30693000000.0,30821000000.0,30949000000.0,31077000000.0,31205000000.0,31333000000.0,31461000000.0",C,3.6896E10,2.7476E10,EVLA,"64,64,64,64,64,64,64,64,64,64,64,64,64,64,64,64,64,64,64,64,64,64,64,64,64,64,64,64,64,64,64,64,64,64,64,64,64,64,64,64,64,64,64,64,64,64,64,64,64,64,64,64,64,64,64,64,64,64,64,64,64,64,64,64",21A-120.sb39617955.eb40018327.59425.41737056713,"RR, RL, LR, LL",21A-120,PUBLIC,48.181166667498914,317.35637499748935,"2000000.0,2000000.0,2000000.0,2000000.0,2000000.0,2000000.0,2000000.0,2000000.0,2000000.0,2000000.0,2000000.0,2000000.0,2000000.0,2000000.0,2000000.0,2000000.0,2000000.0,2000000.0,2000000.0,2000000.0,2000000.0,2000000.0,2000000.0,2000000.0,2000000.0,2000000.0,2000000.0,2000000.0,2000000.0,2000000.0,2000000.0,2000000.0,2000000.0,2000000.0,2000000.0,2000000.0,2000000.0,2000000.0,2000000.0,2000000.0,2000000.0,2000000.0,2000000.0,2000000.0,2000000.0,2000000.0,2000000.0,2000000.0,2000000.0,2000000.0,2000000.0,2000000.0,2000000.0,2000000.0,2000000.0,2000000.0,2000000.0,2000000.0,2000000.0,2000000.0,2000000.0,2000000.0,2000000.0,2000000.0","EVLA_KA#A1C1#50,EVLA_KA#A1C1#51,EVLA_KA#A1C1#52,EVLA_KA#A1C1#53,EVLA_KA#A1C1#54,EVLA_KA#A1C1#55,EVLA_KA#A1C1#56,EVLA_KA#A1C1#57,EVLA_KA#A1C1#58,EVLA_KA#A1C1#59,EVLA_KA#A1C1#60,EVLA_KA#A1C1#61,EVLA_KA#A1C1#62,EVLA_KA#A1C1#63,EVLA_KA#A1C1#64,EVLA_KA#A1C1#65,EVLA_KA#A2C2#66,EVLA_KA#A2C2#67,EVLA_KA#A2C2#68,EVLA_KA#A2C2#69,EVLA_KA#A2C2#70,EVLA_KA#A2C2#71,EVLA_KA#A2C2#72,EVLA_KA#A2C2#73,EVLA_KA#A2C2#74,EVLA_KA#A2C2#75,EVLA_KA#A2C2#76,EVLA_KA#A2C2#77,EVLA_KA#A2C2#78,EVLA_KA#A2C2#79,EVLA_KA#A2C2#80,EVLA_KA#A2C2#81,EVLA_KA#B1D1#82,EVLA_KA#B1D1#83,EVLA_KA#B1D1#84,EVLA_KA#B1D1#85,EVLA_KA#B1D1#86,EVLA_KA#B1D1#87,EVLA_KA#B1D1#88,EVLA_KA#B1D1#89,EVLA_KA#B1D1#90,EVLA_KA#B1D1#91,EVLA_KA#B1D1#92,EVLA_KA#B1D1#93,EVLA_KA#B1D1#94,EVLA_KA#B1D1#95,EVLA_KA#B1D1#96,EVLA_KA#B1D1#97,EVLA_KA#B2D2#98,EVLA_KA#B2D2#99,EVLA_KA#B2D2#100,EVLA_KA#B2D2#101,EVLA_KA#B2D2#102,EVLA_KA#B2D2#103,EVLA_KA#B2D2#104,EVLA_KA#B2D2#105,EVLA_KA#B2D2#106,EVLA_KA#B2D2#107,EVLA_KA#B2D2#108,EVLA_KA#B2D2#109,EVLA_KA#B2D2#110,EVLA_KA#B2D2#111,EVLA_KA#B2D2#112,EVLA_KA#B2D2#113",76.8,PGIR19brv
https://data.nrao.edu/portal/#/productViewer/21A-342.sb40025557.eb40040083.59440.07853118055,"128000000.0,128000000.0,128000000.0,128000000.0,128000000.0,128000000.0,128000000.0,128000000.0,128000000.0,128000000.0,128000000.0,128000000.0,128000000.0,128000000.0,128000000.0,128000000.0,128000000.0,128000000.0,128000000.0,128000000.0,128000000.0,128000000.0,128000000.0,128000000.0,128000000.0,128000000.0,128000000.0,128000000.0,128000000.0,128000000.0,128000000.0,128000000.0,128000000.0,128000000.0,128000000.0,128000000.0,128000000.0,128000000.0,128000000.0,128000000.0,128000000.0,128000000.0,128000000.0,128000000.0,128000000.0,128000000.0,128000000.0,128000000.0,128000000.0,128000000.0,128000000.0,128000000.0,128000000.0,128000000.0,128000000.0,128000000.0,128000000.0,128000000.0,128000000.0,128000000.0,128000000.0,128000000.0,128000000.0","33041000000.0,33169000000.0,33297000000.0,33425000000.0,33553000000.0,33681000000.0,33809000000.0,33937000000.0,34065000000.0,34193000000.0,34321000000.0,34449000000.0,34577000000.0,34705000000.0,34833000000.0,34961000000.0,35041000000.0,35169000000.0,35297000000.0,35425000000.0,35553000000.0,35681000000.0,35809000000.0,35937000000.0,36065000000.0,36193000000.0,36321000000.0,36449000000.0,36577000000.0,36705000000.0,36833000000.0,36961000000.0,30961000000.0,30833000000.0,30705000000.0,30577000000.0,30449000000.0,30321000000.0,30193000000.0,30065000000.0,29937000000.0,29809000000.0,29681000000.0,29553000000.0,29425000000.0,29297000000.0,29169000000.0,32961000000.0,32833000000.0,32705000000.0,32577000000.0,32449000000.0,32321000000.0,32193000000.0,32065000000.0,31937000000.0,31809000000.0,31681000000.0,31553000000.0,31425000000.0,31297000000.0,31169000000.0,31041000000.0",C,3.6896E10,2.9104E10,EVLA,"64,64,64,64,64,64,64,64,64,64,64,64,64,64,64,64,64,64,64,64,64,64,64,64,64,64,64,64,64,64,64,64,64,64,64,64,64,64,64,64,64,64,64,64,64,64,64,64,64,64,64,64,64,64,64,64,64,64,64,64,64,64,64",21A-342.sb40025557.eb40040083.59440.07853118055,"RR, RL, LR, LL",21A-342,PUBLIC,30.50915523770354,202.78453326533136,"2000000.0,2000000.0,2000000.0,2000000.0,2000000.0,2000000.0,2000000.0,2000000.0,2000000.0,2000000.0,2000000.0,2000000.0,2000000.0,2000000.0,2000000.0,2000000.0,2000000.0,2000000.0,2000000.0,2000000.0,2000000.0,2000000.0,2000000.0,2000000.0,2000000.0,2000000.0,2000000.0,2000000.0,2000000.0,2000000.0,2000000.0,2000000.0,2000000.0,2000000.0,2000000.0,2000000.0,2000000.0,2000000.0,2000000.0,2000000.0,2000000.0,2000000.0,2000000.0,2000000.0,2000000.0,2000000.0,2000000.0,2000000.0,2000000.0,2000000.0,2000000.0,2000000.0,2000000.0,2000000.0,2000000.0,2000000.0,2000000.0,2000000.0,2000000.0,2000000.0,2000000.0,2000000.0,2000000.0","EVLA_KA#A1C1#98,EVLA_KA#A1C1#99,EVLA_KA#A1C1#100,EVLA_KA#A1C1#101,EVLA_KA#A1C1#102,EVLA_KA#A1C1#103,EVLA_KA#A1C1#104,EVLA_KA#A1C1#105,EVLA_KA#A1C1#106,EVLA_KA#A1C1#107,EVLA_KA#A1C1#108,EVLA_KA#A1C1#109,EVLA_KA#A1C1#110,EVLA_KA#A1C1#111,EVLA_KA#A1C1#112,EVLA_KA#A1C1#113,EVLA_KA#A2C2#114,EVLA_KA#A2C2#115,EVLA_KA#A2C2#116,EVLA_KA#A2C2#117,EVLA_KA#A2C2#118,EVLA_KA#A2C2#119,EVLA_KA#A2C2#120,EVLA_KA#A2C2#121,EVLA_KA#A2C2#122,EVLA_KA#A2C2#123,EVLA_KA#A2C2#124,EVLA_KA#A2C2#125,EVLA_KA#A2C2#126,EVLA_KA#A2C2#127,EVLA_KA#A2C2#128,EVLA_KA#A2C2#129,EVLA_KA#B1D1#130,EVLA_KA#B1D1#131,EVLA_KA#B1D1#132,EVLA_KA#B1D1#133,EVLA_KA#B1D1#134,EVLA_KA#B1D1#135,EVLA_KA#B1D1#136,EVLA_KA#B1D1#137,EVLA_KA#B1D1#138,EVLA_KA#B1D1#139,EVLA_KA#B1D1#140,EVLA_KA#B1D1#141,EVLA_KA#B1D1#142,EVLA_KA#B1D1#143,EVLA_KA#B1D1#144,EVLA_KA#B2D2#145,EVLA_KA#B2D2#146,EVLA_KA#B2D2#147,EVLA_KA#B2D2#148,EVLA_KA#B2D2#149,EVLA_KA#B2D2#150,EVLA_KA#B2D2#151,EVLA_KA#B2D2#152,EVLA_KA#B2D2#153,EVLA_KA#B2D2#154,EVLA_KA#B2D2#155,EVLA_KA#B2D2#156,EVLA_KA#B2D2#157,EVLA_KA#B2D2#158,EVLA_KA#B2D2#159,EVLA_KA#B2D2#160",59.85,1331+305=3C286
https://data.nrao.edu/portal/#/productViewer/21A-342.sb40025557.eb40040083.59440.07853118055,"128000000.0,128000000.0,128000000.0,128000000.0,128000000.0,128000000.0,128000000.0,128000000.0,128000000.0,128000000.0,128000000.0,128000000.0,128000000.0,128000000.0,128000000.0,128000000.0,128000000.0,128000000.0,128000000.0,128000000.0,128000000.0,128000000.0,128000000.0,128000000.0,128000000.0,128000000.0,128000000.0,128000000.0,128000000.0,128000000.0,128000000.0,128000000.0,128000000.0,128000000.0,128000000.0,128000000.0,128000000.0,128000000.0,128000000.0,128000000.0,128000000.0,128000000.0,128000000.0,128000000.0,128000000.0,128000000.0,128000000.0,128000000.0,128000000.0,128000000.0,128000000.0,128000000.0,128000000.0,128000000.0,128000000.0,128000000.0,128000000.0,128000000.0,128000000.0,128000000.0,128000000.0,128000000.0,128000000.0","33041000000.0,33169000000.0,33297000000.0,33425000000.0,33553000000.0,33681000000.0,33809000000.0,33937000000.0,34065000000.0,34193000000.0,34321000000.0,34449000000.0,34577000000.0,34705000000.0,34833000000.0,34961000000.0,35041000000.0,35169000000.0,35297000000.0,35425000000.0,35553000000.0,35681000000.0,35809000000.0,35937000000.0,36065000000.0,36193000000.0,36321000000.0,36449000000.0,36577000000.0,36705000000.0,36833000000.0,36961000000.0,30961000000.0,30833000000.0,30705000000.0,30577000000.0,30449000000.0,30321000000.0,30193000000.0,30065000000.0,29937000000.0,29809000000.0,29681000000.0,29553000000.0,29425000000.0,29297000000.0,29169000000.0,32961000000.0,32833000000.0,32705000000.0,32577000000.0,32449000000.0,32321000000.0,32193000000.0,32065000000.0,31937000000.0,31809000000.0,31681000000.0,31553000000.0,31425000000.0,31297000000.0,31169000000.0,31041000000.0",C,3.6896E10,2.9104E10,EVLA,"64,64,64,64,64,64,64,64,64,64,64,64,64,64,64,64,64,64,64,64,64,64,64,64,64,64,64,64,64,64,64,64,64,64,64,64,64,64,64,64,64,64,64,64,64,64,64,64,64,64,64,64,64,64,64,64,64,64,64,64,64,64,64",21A-342.sb40025557.eb40040083.59440.07853118055,"RR, RL, LR, LL",21A-342,PUBLIC,-7.884333333825719,266.3629333312236,"2000000.0,2000000.0,2000000.0,2000000.0,2000000.0,2000000.0,2000000.0,2000000.0,2000000.0,2000000.0,2000000.0,2000000.0,2000000.0,2000000.0,2000000.0,2000000.0,2000000.0,2000000.0,2000000.0,2000000.0,2000000.0,2000000.0,2000000.0,2000000.0,2000000.0,2000000.0,2000000.0,2000000.0,2000000.0,2000000.0,2000000.0,2000000.0,2000000.0,2000000.0,2000000.0,2000000.0,2000000.0,2000000.0,2000000.0,2000000.0,2000000.0,2000000.0,2000000.0,2000000.0,2000000.0,2000000.0,2000000.0,2000000.0,2000000.0,2000000.0,2000000.0,2000000.0,2000000.0,2000000.0,2000000.0,2000000.0,2000000.0,2000000.0,2000000.0,2000000.0,2000000.0,2000000.0,2000000.0","EVLA_KA#A1C1#98,EVLA_KA#A1C1#99,EVLA_KA#A1C1#100,EVLA_KA#A1C1#101,EVLA_KA#A1C1#102,EVLA_KA#A1C1#103,EVLA_KA#A1C1#104,EVLA_KA#A1C1#105,EVLA_KA#A1C1#106,EVLA_KA#A1C1#107,EVLA_KA#A1C1#108,EVLA_KA#A1C1#109,EVLA_KA#A1C1#110,EVLA_KA#A1C1#111,EVLA_KA#A1C1#112,EVLA_KA#A1C1#113,EVLA_KA#A2C2#114,EVLA_KA#A2C2#115,EVLA_KA#A2C2#116,EVLA_KA#A2C2#117,EVLA_KA#A2C2#118,EVLA_KA#A2C2#119,EVLA_KA#A2C2#120,EVLA_KA#A2C2#121,EVLA_KA#A2C2#122,EVLA_KA#A2C2#123,EVLA_KA#A2C2#124,EVLA_KA#A2C2#125,EVLA_KA#A2C2#126,EVLA_KA#A2C2#127,EVLA_KA#A2C2#128,EVLA_KA#A2C2#129,EVLA_KA#B1D1#130,EVLA_KA#B1D1#131,EVLA_KA#B1D1#132,EVLA_KA#B1D1#133,EVLA_KA#B1D1#134,EVLA_KA#B1D1#135,EVLA_KA#B1D1#136,EVLA_KA#B1D1#137,EVLA_KA#B1D1#138,EVLA_KA#B1D1#139,EVLA_KA#B1D1#140,EVLA_KA#B1D1#141,EVLA_KA#B1D1#142,EVLA_KA#B1D1#143,EVLA_KA#B1D1#144,EVLA_KA#B2D2#145,EVLA_KA#B2D2#146,EVLA_KA#B2D2#147,EVLA_KA#B2D2#148,EVLA_KA#B2D2#149,EVLA_KA#B2D2#150,EVLA_KA#B2D2#151,EVLA_KA#B2D2#152,EVLA_KA#B2D2#153,EVLA_KA#B2D2#154,EVLA_KA#B2D2#155,EVLA_KA#B2D2#156,EVLA_KA#B2D2#157,EVLA_KA#B2D2#158,EVLA_KA#B2D2#159,EVLA_KA#B2D2#160",29.9,J1745-0753
https://data.nrao.edu/portal/#/productViewer/21A-342.sb40025557.eb40040083.59440.07853118055,"128000000.0,128000000.0,128000000.0,128000000.0,128000000.0,128000000.0,128000000.0,128000000.0,128000000.0,128000000.0,128000000.0,128000000.0,128000000.0,128000000.0,128000000.0,128000000.0,128000000.0,128000000.0,128000000.0,128000000.0,128000000.0,128000000.0,128000000.0,128000000.0,128000000.0,128000000.0,128000000.0,128000000.0,128000000.0,128000000.0,128000000.0,128000000.0,128000000.0,128000000.0,128000000.0,128000000.0,128000000.0,128000000.0,128000000.0,128000000.0,128000000.0,128000000.0,128000000.0,128000000.0,128000000.0,128000000.0,128000000.0,128000000.0,128000000.0,128000000.0,128000000.0,128000000.0,128000000.0,128000000.0,128000000.0,128000000.0,128000000.0,128000000.0,128000000.0,128000000.0,128000000.0,128000000.0,128000000.0","33041000000.0,33169000000.0,33297000000.0,33425000000.0,33553000000.0,33681000000.0,33809000000.0,33937000000.0,34065000000.0,34193000000.0,34321000000.0,34449000000.0,34577000000.0,34705000000.0,34833000000.0,34961000000.0,35041000000.0,35169000000.0,35297000000.0,35425000000.0,35553000000.0,35681000000.0,35809000000.0,35937000000.0,36065000000.0,36193000000.0,36321000000.0,36449000000.0,36577000000.0,36705000000.0,36833000000.0,36961000000.0,30961000000.0,30833000000.0,30705000000.0,30577000000.0,30449000000.0,30321000000.0,30193000000.0,30065000000.0,29937000000.0,29809000000.0,29681000000.0,29553000000.0,29425000000.0,29297000000.0,29169000000.0,32961000000.0,32833000000.0,32705000000.0,32577000000.0,32449000000.0,32321000000.0,32193000000.0,32065000000.0,31937000000.0,31809000000.0,31681000000.0,31553000000.0,31425000000.0,31297000000.0,31169000000.0,31041000000.0",C,3.6896E10,2.9104E10,EVLA,"64,64,64,64,64,64,64,64,64,64,64,64,64,64,64,64,64,64,64,64,64,64,64,64,64,64,64,64,64,64,64,64,64,64,64,64,64,64,64,64,64,64,64,64,64,64,64,64,64,64,64,64,64,64,64,64,64,64,64,64,64,64,64",21A-342.sb40025557.eb40040083.59440.07853118055,"RR, RL, LR, LL",21A-342,PUBLIC,-6.707937832716756,267.5548356256606,"2000000.0,2000000.0,2000000.0,2000000.0,2000000.0,2000000.0,2000000.0,2000000.0,2000000.0,2000000.0,2000000.0,2000000.0,2000000.0,2000000.0,2000000.0,2000000.0,2000000.0,2000000.0,2000000.0,2000000.0,2000000.0,2000000.0,2000000.0,2000000.0,2000000.0,2000000.0,2000000.0,2000000.0,2000000.0,2000000.0,2000000.0,2000000.0,2000000.0,2000000.0,2000000.0,2000000.0,2000000.0,2000000.0,2000000.0,2000000.0,2000000.0,2000000.0,2000000.0,2000000.0,2000000.0,2000000.0,2000000.0,2000000.0,2000000.0,2000000.0,2000000.0,2000000.0,2000000.0,2000000.0,2000000.0,2000000.0,2000000.0,2000000.0,2000000.0,2000000.0,2000000.0,2000000.0,2000000.0","EVLA_KA#A1C1#98,EVLA_KA#A1C1#99,EVLA_KA#A1C1#100,EVLA_KA#A1C1#101,EVLA_KA#A1C1#102,EVLA_KA#A1C1#103,EVLA_KA#A1C1#104,EVLA_KA#A1C1#105,EVLA_KA#A1C1#106,EVLA_KA#A1C1#107,EVLA_KA#A1C1#108,EVLA_KA#A1C1#109,EVLA_KA#A1C1#110,EVLA_KA#A1C1#111,EVLA_KA#A1C1#112,EVLA_KA#A1C1#113,EVLA_KA#A2C2#114,EVLA_KA#A2C2#115,EVLA_KA#A2C2#116,EVLA_KA#A2C2#117,EVLA_KA#A2C2#118,EVLA_KA#A2C2#119,EVLA_KA#A2C2#120,EVLA_KA#A2C2#121,EVLA_KA#A2C2#122,EVLA_KA#A2C2#123,EVLA_KA#A2C2#124,EVLA_KA#A2C2#125,EVLA_KA#A2C2#126,EVLA_KA#A2C2#127,EVLA_KA#A2C2#128,EVLA_KA#A2C2#129,EVLA_KA#B1D1#130,EVLA_KA#B1D1#131,EVLA_KA#B1D1#132,EVLA_KA#B1D1#133,EVLA_KA#B1D1#134,EVLA_KA#B1D1#135,EVLA_KA#B1D1#136,EVLA_KA#B1D1#137,EVLA_KA#B1D1#138,EVLA_KA#B1D1#139,EVLA_KA#B1D1#140,EVLA_KA#B1D1#141,EVLA_KA#B1D1#142,EVLA_KA#B1D1#143,EVLA_KA#B1D1#144,EVLA_KA#B2D2#145,EVLA_KA#B2D2#146,EVLA_KA#B2D2#147,EVLA_KA#B2D2#148,EVLA_KA#B2D2#149,EVLA_KA#B2D2#150,EVLA_KA#B2D2#151,EVLA_KA#B2D2#152,EVLA_KA#B2D2#153,EVLA_KA#B2D2#154,EVLA_KA#B2D2#155,EVLA_KA#B2D2#156,EVLA_KA#B2D2#157,EVLA_KA#B2D2#158,EVLA_KA#B2D2#159,EVLA_KA#B2D2#160",89.8,RSOph
https://data.nrao.edu/portal/#/productViewer/21A-120.sb39558622.eb39566112.59313.63215438658,"128000000.0,128000000.0,128000000.0,128000000.0,128000000.0,128000000.0,128000000.0,128000000.0,128000000.0,128000000.0,128000000.0,128000000.0,128000000.0,128000000.0,128000000.0,128000000.0,128000000.0,128000000.0,128000000.0,128000000.0,128000000.0,128000000.0,128000000.0,128000000.0,128000000.0,128000000.0,128000000.0,128000000.0,128000000.0,128000000.0,128000000.0,128000000.0,128000000.0,128000000.0,128000000.0,128000000.0,128000000.0,128000000.0,128000000.0,128000000.0,128000000.0,128000000.0,128000000.0,128000000.0,128000000.0,128000000.0,128000000.0,128000000.0,128000000.0,128000000.0,128000000.0,128000000.0,128000000.0,128000000.0,128000000.0,128000000.0,128000000.0,128000000.0,128000000.0,128000000.0,128000000.0,128000000.0","35041000000.0,35169000000.0,35297000000.0,35425000000.0,35553000000.0,35681000000.0,35809000000.0,35937000000.0,36065000000.0,36193000000.0,36321000000.0,36449000000.0,36577000000.0,36705000000.0,36833000000.0,36961000000.0,33041000000.0,33169000000.0,33297000000.0,33425000000.0,33553000000.0,33681000000.0,33809000000.0,33937000000.0,34065000000.0,34193000000.0,34321000000.0,34449000000.0,34577000000.0,34705000000.0,34833000000.0,29461000000.0,29333000000.0,29205000000.0,29077000000.0,28949000000.0,28821000000.0,28693000000.0,28565000000.0,28437000000.0,28309000000.0,28181000000.0,28053000000.0,27925000000.0,27797000000.0,27669000000.0,31461000000.0,31333000000.0,31205000000.0,31077000000.0,30949000000.0,30821000000.0,30693000000.0,30565000000.0,30437000000.0,30309000000.0,30181000000.0,30053000000.0,29925000000.0,29797000000.0,29669000000.0,29541000000.0",D,3.6896E10,2.7604E10,EVLA,"64,64,64,64,64,64,64,64,64,64,64,64,64,64,64,64,64,64,64,64,64,64,64,64,64,64,64,64,64,64,64,64,64,64,64,64,64,64,64,64,64,64,64,64,64,64,64,64,64,64,64,64,64,64,64,64,64,64,64,64,64,64",21A-120.sb39558622.eb39566112.59313.63215438658,"RR, RL, LR, LL",21A-120,PUBLIC,33.15975916513661,24.42208096340236,"2000000.0,2000000.0,2000000.0,2000000.0,2000000.0,2000000.0,2000000.0,2000000.0,2000000.0,2000000.0,2000000.0,2000000.0,2000000.0,2000000.0,2000000.0,2000000.0,2000000.0,2000000.0,2000000.0,2000000.0,2000000.0,2000000.0,2000000.0,2000000.0,2000000.0,2000000.0,2000000.0,2000000.0,2000000.0,2000000.0,2000000.0,2000000.0,2000000.0,2000000.0,2000000.0,2000000.0,2000000.0,2000000.0,2000000.0,2000000.0,2000000.0,2000000.0,2000000.0,2000000.0,2000000.0,2000000.0,2000000.0,2000000.0,2000000.0,2000000.0,2000000.0,2000000.0,2000000.0,2000000.0,2000000.0,2000000.0,2000000.0,2000000.0,2000000.0,2000000.0,2000000.0,2000000.0","EVLA_KA#A1C1#50,EVLA_KA#A1C1#51,EVLA_KA#A1C1#52,EVLA_KA#A1C1#53,EVLA_KA#A1C1#54,EVLA_KA#A1C1#55,EVLA_KA#A1C1#56,EVLA_KA#A1C1#57,EVLA_KA#A1C1#58,EVLA_KA#A1C1#59,EVLA_KA#A1C1#60,EVLA_KA#A1C1#61,EVLA_KA#A1C1#62,EVLA_KA#A1C1#63,EVLA_KA#A1C1#64,EVLA_KA#A1C1#65,EVLA_KA#A2C2#66,EVLA_KA#A2C2#67,EVLA_KA#A2C2#68,EVLA_KA#A2C2#69,EVLA_KA#A2C2#70,EVLA_KA#A2C2#71,EVLA_KA#A2C2#72,EVLA_KA#A2C2#73,EVLA_KA#A2C2#74,EVLA_KA#A2C2#75,EVLA_KA#A2C2#76,EVLA_KA#A2C2#77,EVLA_KA#A2C2#78,EVLA_KA#A2C2#79,EVLA_KA#A2C2#80,EVLA_KA#B1D1#81,EVLA_KA#B1D1#82,EVLA_KA#B1D1#83,EVLA_KA#B1D1#84,EVLA_KA#B1D1#85,EVLA_KA#B1D1#86,EVLA_KA#B1D1#87,EVLA_KA#B1D1#88,EVLA_KA#B1D1#89,EVLA_KA#B1D1#90,EVLA_KA#B1D1#91,EVLA_KA#B1D1#92,EVLA_KA#B1D1#93,EVLA_KA#B1D1#94,EVLA_KA#B1D1#95,EVLA_KA#B2D2#96,EVLA_KA#B2D2#97,EVLA_KA#B2D2#98,EVLA_KA#B2D2#99,EVLA_KA#B2D2#100,EVLA_KA#B2D2#101,EVLA_KA#B2D2#102,EVLA_KA#B2D2#103,EVLA_KA#B2D2#104,EVLA_KA#B2D2#105,EVLA_KA#B2D2#106,EVLA_KA#B2D2#107,EVLA_KA#B2D2#108,EVLA_KA#B2D2#109,EVLA_KA#B2D2#110,EVLA_KA#B2D2#111",59.8,3C48
https://data.nrao.edu/portal/#/productViewer/21A-120.sb39558622.eb39566112.59313.63215438658,"128000000.0,128000000.0,128000000.0,128000000.0,128000000.0,128000000.0,128000000.0,128000000.0,128000000.0,128000000.0,128000000.0,128000000.0,128000000.0,128000000.0,128000000.0,128000000.0,128000000.0,128000000.0,128000000.0,128000000.0,128000000.0,128000000.0,128000000.0,128000000.0,128000000.0,128000000.0,128000000.0,128000000.0,128000000.0,128000000.0,128000000.0,128000000.0,128000000.0,128000000.0,128000000.0,128000000.0,128000000.0,128000000.0,128000000.0,128000000.0,128000000.0,128000000.0,128000000.0,128000000.0,128000000.0,128000000.0,128000000.0,128000000.0,128000000.0,128000000.0,128000000.0,128000000.0,128000000.0,128000000.0,128000000.0,128000000.0,128000000.0,128000000.0,128000000.0,128000000.0,128000000.0,128000000.0","35041000000.0,35169000000.0,35297000000.0,35425000000.0,35553000000.0,35681000000.0,35809000000.0,35937000000.0,36065000000.0,36193000000.0,36321000000.0,36449000000.0,36577000000.0,36705000000.0,36833000000.0,36961000000.0,33041000000.0,33169000000.0,33297000000.0,33425000000.0,33553000000.0,33681000000.0,33809000000.0,33937000000.0,34065000000.0,34193000000.0,34321000000.0,34449000000.0,34577000000.0,34705000000.0,34833000000.0,29461000000.0,29333000000.0,29205000000.0,29077000000.0,28949000000.0,28821000000.0,28693000000.0,28565000000.0,28437000000.0,28309000000.0,28181000000.0,28053000000.0,27925000000.0,27797000000.0,27669000000.0,31461000000.0,31333000000.0,31205000000.0,31077000000.0,30949000000.0,30821000000.0,30693000000.0,30565000000.0,30437000000.0,30309000000.0,30181000000.0,30053000000.0,29925000000.0,29797000000.0,29669000000.0,29541000000.0",D,3.6896E10,2.7604E10,EVLA,"64,64,64,64,64,64,64,64,64,64,64,64,64,64,64,64,64,64,64,64,64,64,64,64,64,64,64,64,64,64,64,64,64,64,64,64,64,64,64,64,64,64,64,64,64,64,64,64,64,64,64,64,64,64,64,64,64,64,64,64,64,64",21A-120.sb39558622.eb39566112.59313.63215438658,"RR, RL, LR, LL",21A-120,PUBLIC,28.349438057868955,299.19183541633356,"2000000.0,2000000.0,2000000.0,2000000.0,2000000.0,2000000.0,2000000.0,2000000.0,2000000.0,2000000.0,2000000.0,2000000.0,2000000.0,2000000.0,2000000.0,2000000.0,2000000.0,2000000.0,2000000.0,2000000.0,2000000.0,2000000.0,2000000.0,2000000.0,2000000.0,2000000.0,2000000.0,2000000.0,2000000.0,2000000.0,2000000.0,2000000.0,2000000.0,2000000.0,2000000.0,2000000.0,2000000.0,2000000.0,2000000.0,2000000.0,2000000.0,2000000.0,2000000.0,2000000.0,2000000.0,2000000.0,2000000.0,2000000.0,2000000.0,2000000.0,2000000.0,2000000.0,2000000.0,2000000.0,2000000.0,2000000.0,2000000.0,2000000.0,2000000.0,2000000.0,2000000.0,2000000.0","EVLA_KA#A1C1#50,EVLA_KA#A1C1#51,EVLA_KA#A1C1#52,EVLA_KA#A1C1#53,EVLA_KA#A1C1#54,EVLA_KA#A1C1#55,EVLA_KA#A1C1#56,EVLA_KA#A1C1#57,EVLA_KA#A1C1#58,EVLA_KA#A1C1#59,EVLA_KA#A1C1#60,EVLA_KA#A1C1#61,EVLA_KA#A1C1#62,EVLA_KA#A1C1#63,EVLA_KA#A1C1#64,EVLA_KA#A1C1#65,EVLA_KA#A2C2#66,EVLA_KA#A2C2#67,EVLA_KA#A2C2#68,EVLA_KA#A2C2#69,EVLA_KA#A2C2#70,EVLA_KA#A2C2#71,EVLA_KA#A2C2#72,EVLA_KA#A2C2#73,EVLA_KA#A2C2#74,EVLA_KA#A2C2#75,EVLA_KA#A2C2#76,EVLA_KA#A2C2#77,EVLA_KA#A2C2#78,EVLA_KA#A2C2#79,EVLA_KA#A2C2#80,EVLA_KA#B1D1#81,EVLA_KA#B1D1#82,EVLA_KA#B1D1#83,EVLA_KA#B1D1#84,EVLA_KA#B1D1#85,EVLA_KA#B1D1#86,EVLA_KA#B1D1#87,EVLA_KA#B1D1#88,EVLA_KA#B1D1#89,EVLA_KA#B1D1#90,EVLA_KA#B1D1#91,EVLA_KA#B1D1#92,EVLA_KA#B1D1#93,EVLA_KA#B1D1#94,EVLA_KA#B1D1#95,EVLA_KA#B2D2#96,EVLA_KA#B2D2#97,EVLA_KA#B2D2#98,EVLA_KA#B2D2#99,EVLA_KA#B2D2#100,EVLA_KA#B2D2#101,EVLA_KA#B2D2#102,EVLA_KA#B2D2#103,EVLA_KA#B2D2#104,EVLA_KA#B2D2#105,EVLA_KA#B2D2#106,EVLA_KA#B2D2#107,EVLA_KA#B2D2#108,EVLA_KA#B2D2#109,EVLA_KA#B2D2#110,EVLA_KA#B2D2#111",29.95,Cal_J1956
https://data.nrao.edu/portal/#/productViewer/21A-120.sb39558622.eb39566112.59313.63215438658,"128000000.0,128000000.0,128000000.0,128000000.0,128000000.0,128000000.0,128000000.0,128000000.0,128000000.0,128000000.0,128000000.0,128000000.0,128000000.0,128000000.0,128000000.0,128000000.0,128000000.0,128000000.0,128000000.0,128000000.0,128000000.0,128000000.0,128000000.0,128000000.0,128000000.0,128000000.0,128000000.0,128000000.0,128000000.0,128000000.0,128000000.0,128000000.0,128000000.0,128000000.0,128000000.0,128000000.0,128000000.0,128000000.0,128000000.0,128000000.0,128000000.0,128000000.0,128000000.0,128000000.0,128000000.0,128000000.0,128000000.0,128000000.0,128000000.0,128000000.0,128000000.0,128000000.0,128000000.0,128000000.0,128000000.0,128000000.0,128000000.0,128000000.0,128000000.0,128000000.0,128000000.0,128000000.0","35041000000.0,35169000000.0,35297000000.0,35425000000.0,35553000000.0,35681000000.0,35809000000.0,35937000000.0,36065000000.0,36193000000.0,36321000000.0,36449000000.0,36577000000.0,36705000000.0,36833000000.0,36961000000.0,33041000000.0,33169000000.0,33297000000.0,33425000000.0,33553000000.0,33681000000.0,33809000000.0,33937000000.0,34065000000.0,34193000000.0,34321000000.0,34449000000.0,34577000000.0,34705000000.0,34833000000.0,29461000000.0,29333000000.0,29205000000.0,29077000000.0,28949000000.0,28821000000.0,28693000000.0,28565000000.0,28437000000.0,28309000000.0,28181000000.0,28053000000.0,27925000000.0,27797000000.0,27669000000.0,31461000000.0,31333000000.0,31205000000.0,31077000000.0,30949000000.0,30821000000.0,30693000000.0,30565000000.0,30437000000.0,30309000000.0,30181000000.0,30053000000.0,29925000000.0,29797000000.0,29669000000.0,29541000000.0",D,3.6896E10,2.7604E10,EVLA,"64,64,64,64,64,64,64,64,64,64,64,64,64,64,64,64,64,64,64,64,64,64,64,64,64,64,64,64,64,64,64,64,64,64,64,64,64,64,64,64,64,64,64,64,64,64,64,64,64,64,64,64,64,64,64,64,64,64,64,64,64,64",21A-120.sb39558622.eb39566112.59313.63215438658,"RR, RL, LR, LL",21A-120,PUBLIC,27.70580000005472,298.0343750015197,"2000000.0,2000000.0,2000000.0,2000000.0,2000000.0,2000000.0,2000000.0,2000000.0,2000000.0,2000000.0,2000000.0,2000000.0,2000000.0,2000000.0,2000000.0,2000000.0,2000000.0,2000000.0,2000000.0,2000000.0,2000000.0,2000000.0,2000000.0,2000000.0,2000000.0,2000000.0,2000000.0,2000000.0,2000000.0,2000000.0,2000000.0,2000000.0,2000000.0,2000000.0,2000000.0,2000000.0,2000000.0,2000000.0,2000000.0,2000000.0,2000000.0,2000000.0,2000000.0,2000000.0,2000000.0,2000000.0,2000000.0,2000000.0,2000000.0,2000000.0,2000000.0,2000000.0,2000000.0,2000000.0,2000000.0,2000000.0,2000000.0,2000000.0,2000000.0,2000000.0,2000000.0,2000000.0","EVLA_KA#A1C1#50,EVLA_KA#A1C1#51,EVLA_KA#A1C1#52,EVLA_KA#A1C1#53,EVLA_KA#A1C1#54,EVLA_KA#A1C1#55,EVLA_KA#A1C1#56,EVLA_KA#A1C1#57,EVLA_KA#A1C1#58,EVLA_KA#A1C1#59,EVLA_KA#A1C1#60,EVLA_KA#A1C1#61,EVLA_KA#A1C1#62,EVLA_KA#A1C1#63,EVLA_KA#A1C1#64,EVLA_KA#A1C1#65,EVLA_KA#A2C2#66,EVLA_KA#A2C2#67,EVLA_KA#A2C2#68,EVLA_KA#A2C2#69,EVLA_KA#A2C2#70,EVLA_KA#A2C2#71,EVLA_KA#A2C2#72,EVLA_KA#A2C2#73,EVLA_KA#A2C2#74,EVLA_KA#A2C2#75,EVLA_KA#A2C2#76,EVLA_KA#A2C2#77,EVLA_KA#A2C2#78,EVLA_KA#A2C2#79,EVLA_KA#A2C2#80,EVLA_KA#B1D1#81,EVLA_KA#B1D1#82,EVLA_KA#B1D1#83,EVLA_KA#B1D1#84,EVLA_KA#B1D1#85,EVLA_KA#B1D1#86,EVLA_KA#B1D1#87,EVLA_KA#B1D1#88,EVLA_KA#B1D1#89,EVLA_KA#B1D1#90,EVLA_KA#B1D1#91,EVLA_KA#B1D1#92,EVLA_KA#B1D1#93,EVLA_KA#B1D1#94,EVLA_KA#B1D1#95,EVLA_KA#B2D2#96,EVLA_KA#B2D2#97,EVLA_KA#B2D2#98,EVLA_KA#B2D2#99,EVLA_KA#B2D2#100,EVLA_KA#B2D2#101,EVLA_KA#B2D2#102,EVLA_KA#B2D2#103,EVLA_KA#B2D2#104,EVLA_KA#B2D2#105,EVLA_KA#B2D2#106,EVLA_KA#B2D2#107,EVLA_KA#B2D2#108,EVLA_KA#B2D2#109,EVLA_KA#B2D2#110,EVLA_KA#B2D2#111",64.85,Gaia19dum
https://data.nrao.edu/portal/#/productViewer/21A-120.sb39558622.eb39566112.59313.63215438658,"128000000.0,128000000.0,128000000.0,128000000.0,128000000.0,128000000.0,128000000.0,128000000.0,128000000.0,128000000.0,128000000.0,128000000.0,128000000.0,128000000.0,128000000.0,128000000.0,128000000.0,128000000.0,128000000.0,128000000.0,128000000.0,128000000.0,128000000.0,128000000.0,128000000.0,128000000.0,128000000.0,128000000.0,128000000.0,128000000.0,128000000.0,128000000.0,128000000.0,128000000.0,128000000.0,128000000.0,128000000.0,128000000.0,128000000.0,128000000.0,128000000.0,128000000.0,128000000.0,128000000.0,128000000.0,128000000.0,128000000.0,128000000.0,128000000.0,128000000.0,128000000.0,128000000.0,128000000.0,128000000.0,128000000.0,128000000.0,128000000.0,128000000.0,128000000.0,128000000.0,128000000.0,128000000.0","35041000000.0,35169000000.0,35297000000.0,35425000000.0,35553000000.0,35681000000.0,35809000000.0,35937000000.0,36065000000.0,36193000000.0,36321000000.0,36449000000.0,36577000000.0,36705000000.0,36833000000.0,36961000000.0,33041000000.0,33169000000.0,33297000000.0,33425000000.0,33553000000.0,33681000000.0,33809000000.0,33937000000.0,34065000000.0,34193000000.0,34321000000.0,34449000000.0,34577000000.0,34705000000.0,34833000000.0,29461000000.0,29333000000.0,29205000000.0,29077000000.0,28949000000.0,28821000000.0,28693000000.0,28565000000.0,28437000000.0,28309000000.0,28181000000.0,28053000000.0,27925000000.0,27797000000.0,27669000000.0,31461000000.0,31333000000.0,31205000000.0,31077000000.0,30949000000.0,30821000000.0,30693000000.0,30565000000.0,30437000000.0,30309000000.0,30181000000.0,30053000000.0,29925000000.0,29797000000.0,29669000000.0,29541000000.0",D,3.6896E10,2.7604E10,EVLA,"64,64,64,64,64,64,64,64,64,64,64,64,64,64,64,64,64,64,64,64,64,64,64,64,64,64,64,64,64,64,64,64,64,64,64,64,64,64,64,64,64,64,64,64,64,64,64,64,64,64,64,64,64,64,64,64,64,64,64,64,64,64",21A-120.sb39558622.eb39566112.59313.63215438658,"RR, RL, LR, LL",21A-120,PUBLIC,30.575218056434302,300.8760195819523,"2000000.0,2000000.0,2000000.0,2000000.0,2000000.0,2000000.0,2000000.0,2000000.0,2000000.0,2000000.0,2000000.0,2000000.0,2000000.0,2000000.0,2000000.0,2000000.0,2000000.0,2000000.0,2000000.0,2000000.0,2000000.0,2000000.0,2000000.0,2000000.0,2000000.0,2000000.0,2000000.0,2000000.0,2000000.0,2000000.0,2000000.0,2000000.0,2000000.0,2000000.0,2000000.0,2000000.0,2000000.0,2000000.0,2000000.0,2000000.0,2000000.0,2000000.0,2000000.0,2000000.0,2000000.0,2000000.0,2000000.0,2000000.0,2000000.0,2000000.0,2000000.0,2000000.0,2000000.0,2000000.0,2000000.0,2000000.0,2000000.0,2000000.0,2000000.0,2000000.0,2000000.0,2000000.0","EVLA_KA#A1C1#50,EVLA_KA#A1C1#51,EVLA_KA#A1C1#52,EVLA_KA#A1C1#53,EVLA_KA#A1C1#54,EVLA_KA#A1C1#55,EVLA_KA#A1C1#56,EVLA_KA#A1C1#57,EVLA_KA#A1C1#58,EVLA_KA#A1C1#59,EVLA_KA#A1C1#60,EVLA_KA#A1C1#61,EVLA_KA#A1C1#62,EVLA_KA#A1C1#63,EVLA_KA#A1C1#64,EVLA_KA#A1C1#65,EVLA_KA#A2C2#66,EVLA_KA#A2C2#67,EVLA_KA#A2C2#68,EVLA_KA#A2C2#69,EVLA_KA#A2C2#70,EVLA_KA#A2C2#71,EVLA_KA#A2C2#72,EVLA_KA#A2C2#73,EVLA_KA#A2C2#74,EVLA_KA#A2C2#75,EVLA_KA#A2C2#76,EVLA_KA#A2C2#77,EVLA_KA#A2C2#78,EVLA_KA#A2C2#79,EVLA_KA#A2C2#80,EVLA_KA#B1D1#81,EVLA_KA#B1D1#82,EVLA_KA#B1D1#83,EVLA_KA#B1D1#84,EVLA_KA#B1D1#85,EVLA_KA#B1D1#86,EVLA_KA#B1D1#87,EVLA_KA#B1D1#88,EVLA_KA#B1D1#89,EVLA_KA#B1D1#90,EVLA_KA#B1D1#91,EVLA_KA#B1D1#92,EVLA_KA#B1D1#93,EVLA_KA#B1D1#94,EVLA_KA#B1D1#95,EVLA_KA#B2D2#96,EVLA_KA#B2D2#97,EVLA_KA#B2D2#98,EVLA_KA#B2D2#99,EVLA_KA#B2D2#100,EVLA_KA#B2D2#101,EVLA_KA#B2D2#102,EVLA_KA#B2D2#103,EVLA_KA#B2D2#104,EVLA_KA#B2D2#105,EVLA_KA#B2D2#106,EVLA_KA#B2D2#107,EVLA_KA#B2D2#108,EVLA_KA#B2D2#109,EVLA_KA#B2D2#110,EVLA_KA#B2D2#111",89.8,J2003+3034
https://data.nrao.edu/portal/#/productViewer/21A-239.sb41755992.eb41801992.59714.09403934028,"128000000.0,128000000.0,128000000.0,128000000.0,128000000.0,128000000.0,128000000.0,128000000.0,128000000.0,128000000.0,128000000.0,128000000.0,128000000.0,128000000.0,128000000.0,128000000.0,128000000.0,128000000.0,128000000.0,128000000.0,128000000.0,128000000.0,128000000.0,128000000.0,128000000.0,128000000.0,128000000.0,128000000.0,128000000.0,128000000.0,128000000.0,128000000.0,128000000.0,128000000.0,128000000.0,128000000.0,128000000.0,128000000.0,128000000.0,128000000.0,128000000.0,128000000.0,128000000.0,128000000.0,128000000.0,128000000.0,128000000.0,128000000.0,128000000.0,128000000.0,128000000.0,128000000.0,128000000.0,128000000.0,128000000.0,128000000.0,128000000.0,128000000.0,128000000.0,128000000.0,128000000.0,128000000.0,128000000.0,128000000.0","33041000000.0,33169000000.0,33297000000.0,33425000000.0,33553000000.0,33681000000.0,33809000000.0,33937000000.0,34065000000.0,34193000000.0,34321000000.0,34449000000.0,34577000000.0,34705000000.0,34833000000.0,34961000000.0,35041000000.0,35169000000.0,35297000000.0,35425000000.0,35553000000.0,35681000000.0,35809000000.0,35937000000.0,36065000000.0,36193000000.0,36321000000.0,36449000000.0,36577000000.0,36705000000.0,36833000000.0,36961000000.0,29041000000.0,29169000000.0,29297000000.0,29425000000.0,29553000000.0,29681000000.0,29809000000.0,29937000000.0,30065000000.0,30193000000.0,30321000000.0,30449000000.0,30577000000.0,30705000000.0,30833000000.0,30961000000.0,31041000000.0,31169000000.0,31297000000.0,31425000000.0,31553000000.0,31681000000.0,31809000000.0,31937000000.0,32065000000.0,32193000000.0,32321000000.0,32449000000.0,32577000000.0,32705000000.0,32833000000.0,32961000000.0",A,3.6896E10,2.8976E10,EVLA,"64,64,64,64,64,64,64,64,64,64,64,64,64,64,64,64,64,64,64,64,64,64,64,64,64,64,64,64,64,64,64,64,64,64,64,64,64,64,64,64,64,64,64,64,64,64,64,64,64,64,64,64,64,64,64,64,64,64,64,64,64,64,64,64",21A-239.sb41755992.eb41801992.59714.09403934028,"RR, RL, LR, LL",21A-239,PUBLIC,-14.82427449172442,172.52938575109513,"2000000.0,2000000.0,2000000.0,2000000.0,2000000.0,2000000.0,2000000.0,2000000.0,2000000.0,2000000.0,2000000.0,2000000.0,2000000.0,2000000.0,2000000.0,2000000.0,2000000.0,2000000.0,2000000.0,2000000.0,2000000.0,2000000.0,2000000.0,2000000.0,2000000.0,2000000.0,2000000.0,2000000.0,2000000.0,2000000.0,2000000.0,2000000.0,2000000.0,2000000.0,2000000.0,2000000.0,2000000.0,2000000.0,2000000.0,2000000.0,2000000.0,2000000.0,2000000.0,2000000.0,2000000.0,2000000.0,2000000.0,2000000.0,2000000.0,2000000.0,2000000.0,2000000.0,2000000.0,2000000.0,2000000.0,2000000.0,2000000.0,2000000.0,2000000.0,2000000.0,2000000.0,2000000.0,2000000.0,2000000.0","EVLA_KA#A1C1#4,EVLA_KA#A1C1#5,EVLA_KA#A1C1#6,EVLA_KA#A1C1#7,EVLA_KA#A1C1#8,EVLA_KA#A1C1#9,EVLA_KA#A1C1#10,EVLA_KA#A1C1#11,EVLA_KA#A1C1#12,EVLA_KA#A1C1#13,EVLA_KA#A1C1#14,EVLA_KA#A1C1#15,EVLA_KA#A1C1#16,EVLA_KA#A1C1#17,EVLA_KA#A1C1#18,EVLA_KA#A1C1#19,EVLA_KA#A2C2#20,EVLA_KA#A2C2#21,EVLA_KA#A2C2#22,EVLA_KA#A2C2#23,EVLA_KA#A2C2#24,EVLA_KA#A2C2#25,EVLA_KA#A2C2#26,EVLA_KA#A2C2#27,EVLA_KA#A2C2#28,EVLA_KA#A2C2#29,EVLA_KA#A2C2#30,EVLA_KA#A2C2#31,EVLA_KA#A2C2#32,EVLA_KA#A2C2#33,EVLA_KA#A2C2#34,EVLA_KA#A2C2#35,EVLA_KA#B1D1#36,EVLA_KA#B1D1#37,EVLA_KA#B1D1#38,EVLA_KA#B1D1#39,EVLA_KA#B1D1#40,EVLA_KA#B1D1#41,EVLA_KA#B1D1#42,EVLA_KA#B1D1#43,EVLA_KA#B1D1#44,EVLA_KA#B1D1#45,EVLA_KA#B1D1#46,EVLA_KA#B1D1#47,EVLA_KA#B1D1#48,EVLA_KA#B1D1#49,EVLA_KA#B1D1#50,EVLA_KA#B1D1#51,EVLA_KA#B2D2#52,EVLA_KA#B2D2#53,EVLA_KA#B2D2#54,EVLA_KA#B2D2#55,EVLA_KA#B2D2#56,EVLA_KA#B2D2#57,EVLA_KA#B2D2#58,EVLA_KA#B2D2#59,EVLA_KA#B2D2#60,EVLA_KA#B2D2#61,EVLA_KA#B2D2#62,EVLA_KA#B2D2#63,EVLA_KA#B2D2#64,EVLA_KA#B2D2#65,EVLA_KA#B2D2#66,EVLA_KA#B2D2#67",59.85,J1130-1449
https://data.nrao.edu/portal/#/productViewer/21A-239.sb41755992.eb41801992.59714.09403934028,"128000000.0,128000000.0,128000000.0,128000000.0,128000000.0,128000000.0,128000000.0,128000000.0,128000000.0,128000000.0,128000000.0,128000000.0,128000000.0,128000000.0,128000000.0,128000000.0,128000000.0,128000000.0,128000000.0,128000000.0,128000000.0,128000000.0,128000000.0,128000000.0,128000000.0,128000000.0,128000000.0,128000000.0,128000000.0,128000000.0,128000000.0,128000000.0,128000000.0,128000000.0,128000000.0,128000000.0,128000000.0,128000000.0,128000000.0,128000000.0,128000000.0,128000000.0,128000000.0,128000000.0,128000000.0,128000000.0,128000000.0,128000000.0,128000000.0,128000000.0,128000000.0,128000000.0,128000000.0,128000000.0,128000000.0,128000000.0,128000000.0,128000000.0,128000000.0,128000000.0,128000000.0,128000000.0,128000000.0,128000000.0","33041000000.0,33169000000.0,33297000000.0,33425000000.0,33553000000.0,33681000000.0,33809000000.0,33937000000.0,34065000000.0,34193000000.0,34321000000.0,34449000000.0,34577000000.0,34705000000.0,34833000000.0,34961000000.0,35041000000.0,35169000000.0,35297000000.0,35425000000.0,35553000000.0,35681000000.0,35809000000.0,35937000000.0,36065000000.0,36193000000.0,36321000000.0,36449000000.0,36577000000.0,36705000000.0,36833000000.0,36961000000.0,29041000000.0,29169000000.0,29297000000.0,29425000000.0,29553000000.0,29681000000.0,29809000000.0,29937000000.0,30065000000.0,30193000000.0,30321000000.0,30449000000.0,30577000000.0,30705000000.0,30833000000.0,30961000000.0,31041000000.0,31169000000.0,31297000000.0,31425000000.0,31553000000.0,31681000000.0,31809000000.0,31937000000.0,32065000000.0,32193000000.0,32321000000.0,32449000000.0,32577000000.0,32705000000.0,32833000000.0,32961000000.0",A,3.6896E10,2.8976E10,EVLA,"64,64,64,64,64,64,64,64,64,64,64,64,64,64,64,64,64,64,64,64,64,64,64,64,64,64,64,64,64,64,64,64,64,64,64,64,64,64,64,64,64,64,64,64,64,64,64,64,64,64,64,64,64,64,64,64,64,64,64,64,64,64,64,64",21A-239.sb41755992.eb41801992.59714.09403934028,"RR, RL, LR, LL",21A-239,PUBLIC,-18.954844905164908,171.76830186478418,"2000000.0,2000000.0,2000000.0,2000000.0,2000000.0,2000000.0,2000000.0,2000000.0,2000000.0,2000000.0,2000000.0,2000000.0,2000000.0,2000000.0,2000000.0,2000000.0,2000000.0,2000000.0,2000000.0,2000000.0,2000000.0,2000000.0,2000000.0,2000000.0,2000000.0,2000000.0,2000000.0,2000000.0,2000000.0,2000000.0,2000000.0,2000000.0,2000000.0,2000000.0,2000000.0,2000000.0,2000000.0,2000000.0,2000000.0,2000000.0,2000000.0,2000000.0,2000000.0,2000000.0,2000000.0,2000000.0,2000000.0,2000000.0,2000000.0,2000000.0,2000000.0,2000000.0,2000000.0,2000000.0,2000000.0,2000000.0,2000000.0,2000000.0,2000000.0,2000000.0,2000000.0,2000000.0,2000000.0,2000000.0","EVLA_KA#A1C1#4,EVLA_KA#A1C1#5,EVLA_KA#A1C1#6,EVLA_KA#A1C1#7,EVLA_KA#A1C1#8,EVLA_KA#A1C1#9,EVLA_KA#A1C1#10,EVLA_KA#A1C1#11,EVLA_KA#A1C1#12,EVLA_KA#A1C1#13,EVLA_KA#A1C1#14,EVLA_KA#A1C1#15,EVLA_KA#A1C1#16,EVLA_KA#A1C1#17,EVLA_KA#A1C1#18,EVLA_KA#A1C1#19,EVLA_KA#A2C2#20,EVLA_KA#A2C2#21,EVLA_KA#A2C2#22,EVLA_KA#A2C2#23,EVLA_KA#A2C2#24,EVLA_KA#A2C2#25,EVLA_KA#A2C2#26,EVLA_KA#A2C2#27,EVLA_KA#A2C2#28,EVLA_KA#A2C2#29,EVLA_KA#A2C2#30,EVLA_KA#A2C2#31,EVLA_KA#A2C2#32,EVLA_KA#A2C2#33,EVLA_KA#A2C2#34,EVLA_KA#A2C2#35,EVLA_KA#B1D1#36,EVLA_KA#B1D1#37,EVLA_KA#B1D1#38,EVLA_KA#B1D1#39,EVLA_KA#B1D1#40,EVLA_KA#B1D1#41,EVLA_KA#B1D1#42,EVLA_KA#B1D1#43,EVLA_KA#B1D1#44,EVLA_KA#B1D1#45,EVLA_KA#B1D1#46,EVLA_KA#B1D1#47,EVLA_KA#B1D1#48,EVLA_KA#B1D1#49,EVLA_KA#B1D1#50,EVLA_KA#B1D1#51,EVLA_KA#B2D2#52,EVLA_KA#B2D2#53,EVLA_KA#B2D2#54,EVLA_KA#B2D2#55,EVLA_KA#B2D2#56,EVLA_KA#B2D2#57,EVLA_KA#B2D2#58,EVLA_KA#B2D2#59,EVLA_KA#B2D2#60,EVLA_KA#B2D2#61,EVLA_KA#B2D2#62,EVLA_KA#B2D2#63,EVLA_KA#B2D2#64,EVLA_KA#B2D2#65,EVLA_KA#B2D2#66,EVLA_KA#B2D2#67",29.9,J1127-1857
https://data.nrao.edu/portal/#/productViewer/21A-239.sb41755992.eb41801992.59714.09403934028,"128000000.0,128000000.0,128000000.0,128000000.0,128000000.0,128000000.0,128000000.0,128000000.0,128000000.0,128000000.0,128000000.0,128000000.0,128000000.0,128000000.0,128000000.0,128000000.0,128000000.0,128000000.0,128000000.0,128000000.0,128000000.0,128000000.0,128000000.0,128000000.0,128000000.0,128000000.0,128000000.0,128000000.0,128000000.0,128000000.0,128000000.0,128000000.0,128000000.0,128000000.0,128000000.0,128000000.0,128000000.0,128000000.0,128000000.0,128000000.0,128000000.0,128000000.0,128000000.0,128000000.0,128000000.0,128000000.0,128000000.0,128000000.0,128000000.0,128000000.0,128000000.0,128000000.0,128000000.0,128000000.0,128000000.0,128000000.0,128000000.0,128000000.0,128000000.0,128000000.0,128000000.0,128000000.0,128000000.0,128000000.0","33041000000.0,33169000000.0,33297000000.0,33425000000.0,33553000000.0,33681000000.0,33809000000.0,33937000000.0,34065000000.0,34193000000.0,34321000000.0,34449000000.0,34577000000.0,34705000000.0,34833000000.0,34961000000.0,35041000000.0,35169000000.0,35297000000.0,35425000000.0,35553000000.0,35681000000.0,35809000000.0,35937000000.0,36065000000.0,36193000000.0,36321000000.0,36449000000.0,36577000000.0,36705000000.0,36833000000.0,36961000000.0,29041000000.0,29169000000.0,29297000000.0,29425000000.0,29553000000.0,29681000000.0,29809000000.0,29937000000.0,30065000000.0,30193000000.0,30321000000.0,30449000000.0,30577000000.0,30705000000.0,30833000000.0,30961000000.0,31041000000.0,31169000000.0,31297000000.0,31425000000.0,31553000000.0,31681000000.0,31809000000.0,31937000000.0,32065000000.0,32193000000.0,32321000000.0,32449000000.0,32577000000.0,32705000000.0,32833000000.0,32961000000.0",A,3.6896E10,2.8976E10,EVLA,"64,64,64,64,64,64,64,64,64,64,64,64,64,64,64,64,64,64,64,64,64,64,64,64,64,64,64,64,64,64,64,64,64,64,64,64,64,64,64,64,64,64,64,64,64,64,64,64,64,64,64,64,64,64,64,64,64,64,64,64,64,64,64,64",21A-239.sb41755992.eb41801992.59714.09403934028,"RR, RL, LR, LL",21A-239,PUBLIC,-10.48177777866032,167.13666666428378,"2000000.0,2000000.0,2000000.0,2000000.0,2000000.0,2000000.0,2000000.0,2000000.0,2000000.0,2000000.0,2000000.0,2000000.0,2000000.0,2000000.0,2000000.0,2000000.0,2000000.0,2000000.0,2000000.0,2000000.0,2000000.0,2000000.0,2000000.0,2000000.0,2000000.0,2000000.0,2000000.0,2000000.0,2000000.0,2000000.0,2000000.0,2000000.0,2000000.0,2000000.0,2000000.0,2000000.0,2000000.0,2000000.0,2000000.0,2000000.0,2000000.0,2000000.0,2000000.0,2000000.0,2000000.0,2000000.0,2000000.0,2000000.0,2000000.0,2000000.0,2000000.0,2000000.0,2000000.0,2000000.0,2000000.0,2000000.0,2000000.0,2000000.0,2000000.0,2000000.0,2000000.0,2000000.0,2000000.0,2000000.0","EVLA_KA#A1C1#4,EVLA_KA#A1C1#5,EVLA_KA#A1C1#6,EVLA_KA#A1C1#7,EVLA_KA#A1C1#8,EVLA_KA#A1C1#9,EVLA_KA#A1C1#10,EVLA_KA#A1C1#11,EVLA_KA#A1C1#12,EVLA_KA#A1C1#13,EVLA_KA#A1C1#14,EVLA_KA#A1C1#15,EVLA_KA#A1C1#16,EVLA_KA#A1C1#17,EVLA_KA#A1C1#18,EVLA_KA#A1C1#19,EVLA_KA#A2C2#20,EVLA_KA#A2C2#21,EVLA_KA#A2C2#22,EVLA_KA#A2C2#23,EVLA_KA#A2C2#24,EVLA_KA#A2C2#25,EVLA_KA#A2C2#26,EVLA_KA#A2C2#27,EVLA_KA#A2C2#28,EVLA_KA#A2C2#29,EVLA_KA#A2C2#30,EVLA_KA#A2C2#31,EVLA_KA#A2C2#32,EVLA_KA#A2C2#33,EVLA_KA#A2C2#34,EVLA_KA#A2C2#35,EVLA_KA#B1D1#36,EVLA_KA#B1D1#37,EVLA_KA#B1D1#38,EVLA_KA#B1D1#39,EVLA_KA#B1D1#40,EVLA_KA#B1D1#41,EVLA_KA#B1D1#42,EVLA_KA#B1D1#43,EVLA_KA#B1D1#44,EVLA_KA#B1D1#45,EVLA_KA#B1D1#46,EVLA_KA#B1D1#47,EVLA_KA#B1D1#48,EVLA_KA#B1D1#49,EVLA_KA#B1D1#50,EVLA_KA#B1D1#51,EVLA_KA#B2D2#52,EVLA_KA#B2D2#53,EVLA_KA#B2D2#54,EVLA_KA#B2D2#55,EVLA_KA#B2D2#56,EVLA_KA#B2D2#57,EVLA_KA#B2D2#58,EVLA_KA#B2D2#59,EVLA_KA#B2D2#60,EVLA_KA#B2D2#61,EVLA_KA#B2D2#62,EVLA_KA#B2D2#63,EVLA_KA#B2D2#64,EVLA_KA#B2D2#65,EVLA_KA#B2D2#66,EVLA_KA#B2D2#67",59.85,2019tsf
https://data.nrao.edu/portal/#/productViewer/21B-351.sb40630484.eb40965456.59533.333378958334,"128000000.0,128000000.0,128000000.0,128000000.0,128000000.0,128000000.0,128000000.0,128000000.0,128000000.0,128000000.0,128000000.0,128000000.0,128000000.0,128000000.0,128000000.0,128000000.0,128000000.0,128000000.0,128000000.0,128000000.0,128000000.0,128000000.0,128000000.0,128000000.0,128000000.0,128000000.0,128000000.0,128000000.0,128000000.0,128000000.0,128000000.0,128000000.0,128000000.0,128000000.0,128000000.0,128000000.0,128000000.0,128000000.0,128000000.0,128000000.0,128000000.0,128000000.0,128000000.0,128000000.0,128000000.0,128000000.0,128000000.0,128000000.0,128000000.0,128000000.0,128000000.0,128000000.0,128000000.0,128000000.0,128000000.0,128000000.0,128000000.0,128000000.0,128000000.0,128000000.0,128000000.0,128000000.0","33041000000.0,33169000000.0,33297000000.0,33425000000.0,33553000000.0,33681000000.0,33809000000.0,33937000000.0,34065000000.0,34193000000.0,34321000000.0,34449000000.0,34577000000.0,34705000000.0,34833000000.0,34961000000.0,35041000000.0,35169000000.0,35297000000.0,35425000000.0,35553000000.0,35681000000.0,35809000000.0,35937000000.0,36065000000.0,36193000000.0,36321000000.0,36449000000.0,36577000000.0,36705000000.0,36833000000.0,30961000000.0,30833000000.0,30705000000.0,30577000000.0,30449000000.0,30321000000.0,30193000000.0,30065000000.0,29937000000.0,29809000000.0,29681000000.0,29553000000.0,29425000000.0,29297000000.0,29169000000.0,32961000000.0,32833000000.0,32705000000.0,32577000000.0,32449000000.0,32321000000.0,32193000000.0,32065000000.0,31937000000.0,31809000000.0,31681000000.0,31553000000.0,31425000000.0,31297000000.0,31169000000.0,31041000000.0",B,3.6768E10,2.9104E10,EVLA,"64,64,64,64,64,64,64,64,64,64,64,64,64,64,64,64,64,64,64,64,64,64,64,64,64,64,64,64,64,64,64,64,64,64,64,64,64,64,64,64,64,64,64,64,64,64,64,64,64,64,64,64,64,64,64,64,64,64,64,64,64,64",21B-351.sb40630484.eb40965456.59533.333378958334,"RR, RL, LR, LL",21B-351,PUBLIC,60.1699133329722,354.83802958229,"2000000.0,2000000.0,2000000.0,2000000.0,2000000.0,2000000.0,2000000.0,2000000.0,2000000.0,2000000.0,2000000.0,2000000.0,2000000.0,2000000.0,2000000.0,2000000.0,2000000.0,2000000.0,2000000.0,2000000.0,2000000.0,2000000.0,2000000.0,2000000.0,2000000.0,2000000.0,2000000.0,2000000.0,2000000.0,2000000.0,2000000.0,2000000.0,2000000.0,2000000.0,2000000.0,2000000.0,2000000.0,2000000.0,2000000.0,2000000.0,2000000.0,2000000.0,2000000.0,2000000.0,2000000.0,2000000.0,2000000.0,2000000.0,2000000.0,2000000.0,2000000.0,2000000.0,2000000.0,2000000.0,2000000.0,2000000.0,2000000.0,2000000.0,2000000.0,2000000.0,2000000.0,2000000.0","EVLA_KA#A1C1#98,EVLA_KA#A1C1#99,EVLA_KA#A1C1#100,EVLA_KA#A1C1#101,EVLA_KA#A1C1#102,EVLA_KA#A1C1#103,EVLA_KA#A1C1#104,EVLA_KA#A1C1#105,EVLA_KA#A1C1#106,EVLA_KA#A1C1#107,EVLA_KA#A1C1#108,EVLA_KA#A1C1#109,EVLA_KA#A1C1#110,EVLA_KA#A1C1#111,EVLA_KA#A1C1#112,EVLA_KA#A1C1#113,EVLA_KA#A2C2#114,EVLA_KA#A2C2#115,EVLA_KA#A2C2#116,EVLA_KA#A2C2#117,EVLA_KA#A2C2#118,EVLA_KA#A2C2#119,EVLA_KA#A2C2#120,EVLA_KA#A2C2#121,EVLA_KA#A2C2#122,EVLA_KA#A2C2#123,EVLA_KA#A2C2#124,EVLA_KA#A2C2#125,EVLA_KA#A2C2#126,EVLA_KA#A2C2#127,EVLA_KA#A2C2#128,EVLA_KA#B1D1#129,EVLA_KA#B1D1#130,EVLA_KA#B1D1#131,EVLA_KA#B1D1#132,EVLA_KA#B1D1#133,EVLA_KA#B1D1#134,EVLA_KA#B1D1#135,EVLA_KA#B1D1#136,EVLA_KA#B1D1#137,EVLA_KA#B1D1#138,EVLA_KA#B1D1#139,EVLA_KA#B1D1#140,EVLA_KA#B1D1#141,EVLA_KA#B1D1#142,EVLA_KA#B1D1#143,EVLA_KA#B2D2#144,EVLA_KA#B2D2#145,EVLA_KA#B2D2#146,EVLA_KA#B2D2#147,EVLA_KA#B2D2#148,EVLA_KA#B2D2#149,EVLA_KA#B2D2#150,EVLA_KA#B2D2#151,EVLA_KA#B2D2#152,EVLA_KA#B2D2#153,EVLA_KA#B2D2#154,EVLA_KA#B2D2#155,EVLA_KA#B2D2#156,EVLA_KA#B2D2#157,EVLA_KA#B2D2#158,EVLA_KA#B2D2#159",59.8,J2339+6010
https://data.nrao.edu/portal/#/productViewer/21B-351.sb40630484.eb40965456.59533.333378958334,"128000000.0,128000000.0,128000000.0,128000000.0,128000000.0,128000000.0,128000000.0,128000000.0,128000000.0,128000000.0,128000000.0,128000000.0,128000000.0,128000000.0,128000000.0,128000000.0,128000000.0,128000000.0,128000000.0,128000000.0,128000000.0,128000000.0,128000000.0,128000000.0,128000000.0,128000000.0,128000000.0,128000000.0,128000000.0,128000000.0,128000000.0,128000000.0,128000000.0,128000000.0,128000000.0,128000000.0,128000000.0,128000000.0,128000000.0,128000000.0,128000000.0,128000000.0,128000000.0,128000000.0,128000000.0,128000000.0,128000000.0,128000000.0,128000000.0,128000000.0,128000000.0,128000000.0,128000000.0,128000000.0,128000000.0,128000000.0,128000000.0,128000000.0,128000000.0,128000000.0,128000000.0,128000000.0","33041000000.0,33169000000.0,33297000000.0,33425000000.0,33553000000.0,33681000000.0,33809000000.0,33937000000.0,34065000000.0,34193000000.0,34321000000.0,34449000000.0,34577000000.0,34705000000.0,34833000000.0,34961000000.0,35041000000.0,35169000000.0,35297000000.0,35425000000.0,35553000000.0,35681000000.0,35809000000.0,35937000000.0,36065000000.0,36193000000.0,36321000000.0,36449000000.0,36577000000.0,36705000000.0,36833000000.0,30961000000.0,30833000000.0,30705000000.0,30577000000.0,30449000000.0,30321000000.0,30193000000.0,30065000000.0,29937000000.0,29809000000.0,29681000000.0,29553000000.0,29425000000.0,29297000000.0,29169000000.0,32961000000.0,32833000000.0,32705000000.0,32577000000.0,32449000000.0,32321000000.0,32193000000.0,32065000000.0,31937000000.0,31809000000.0,31681000000.0,31553000000.0,31425000000.0,31297000000.0,31169000000.0,31041000000.0",B,3.6768E10,2.9104E10,EVLA,"64,64,64,64,64,64,64,64,64,64,64,64,64,64,64,64,64,64,64,64,64,64,64,64,64,64,64,64,64,64,64,64,64,64,64,64,64,64,64,64,64,64,64,64,64,64,64,64,64,64,64,64,64,64,64,64,64,64,64,64,64,64",21B-351.sb40630484.eb40965456.59533.333378958334,"RR, RL, LR, LL",21B-351,PUBLIC,61.18743722307529,351.1988734558787,"2000000.0,2000000.0,2000000.0,2000000.0,2000000.0,2000000.0,2000000.0,2000000.0,2000000.0,2000000.0,2000000.0,2000000.0,2000000.0,2000000.0,2000000.0,2000000.0,2000000.0,2000000.0,2000000.0,2000000.0,2000000.0,2000000.0,2000000.0,2000000.0,2000000.0,2000000.0,2000000.0,2000000.0,2000000.0,2000000.0,2000000.0,2000000.0,2000000.0,2000000.0,2000000.0,2000000.0,2000000.0,2000000.0,2000000.0,2000000.0,2000000.0,2000000.0,2000000.0,2000000.0,2000000.0,2000000.0,2000000.0,2000000.0,2000000.0,2000000.0,2000000.0,2000000.0,2000000.0,2000000.0,2000000.0,2000000.0,2000000.0,2000000.0,2000000.0,2000000.0,2000000.0,2000000.0","EVLA_KA#A1C1#98,EVLA_KA#A1C1#99,EVLA_KA#A1C1#100,EVLA_KA#A1C1#101,EVLA_KA#A1C1#102,EVLA_KA#A1C1#103,EVLA_KA#A1C1#104,EVLA_KA#A1C1#105,EVLA_KA#A1C1#106,EVLA_KA#A1C1#107,EVLA_KA#A1C1#108,EVLA_KA#A1C1#109,EVLA_KA#A1C1#110,EVLA_KA#A1C1#111,EVLA_KA#A1C1#112,EVLA_KA#A1C1#113,EVLA_KA#A2C2#114,EVLA_KA#A2C2#115,EVLA_KA#A2C2#116,EVLA_KA#A2C2#117,EVLA_KA#A2C2#118,EVLA_KA#A2C2#119,EVLA_KA#A2C2#120,EVLA_KA#A2C2#121,EVLA_KA#A2C2#122,EVLA_KA#A2C2#123,EVLA_KA#A2C2#124,EVLA_KA#A2C2#125,EVLA_KA#A2C2#126,EVLA_KA#A2C2#127,EVLA_KA#A2C2#128,EVLA_KA#B1D1#129,EVLA_KA#B1D1#130,EVLA_KA#B1D1#131,EVLA_KA#B1D1#132,EVLA_KA#B1D1#133,EVLA_KA#B1D1#134,EVLA_KA#B1D1#135,EVLA_KA#B1D1#136,EVLA_KA#B1D1#137,EVLA_KA#B1D1#138,EVLA_KA#B1D1#139,EVLA_KA#B1D1#140,EVLA_KA#B1D1#141,EVLA_KA#B1D1#142,EVLA_KA#B1D1#143,EVLA_KA#B2D2#144,EVLA_KA#B2D2#145,EVLA_KA#B2D2#146,EVLA_KA#B2D2#147,EVLA_KA#B2D2#148,EVLA_KA#B2D2#149,EVLA_KA#B2D2#150,EVLA_KA#B2D2#151,EVLA_KA#B2D2#152,EVLA_KA#B2D2#153,EVLA_KA#B2D2#154,EVLA_KA#B2D2#155,EVLA_KA#B2D2#156,EVLA_KA#B2D2#157,EVLA_KA#B2D2#158,EVLA_KA#B2D2#159",119.65,V1405Cas
https://data.nrao.edu/portal/#/productViewer/21B-351.sb40630484.eb40965456.59533.333378958334,"128000000.0,128000000.0,128000000.0,128000000.0,128000000.0,128000000.0,128000000.0,128000000.0,128000000.0,128000000.0,128000000.0,128000000.0,128000000.0,128000000.0,128000000.0,128000000.0,128000000.0,128000000.0,128000000.0,128000000.0,128000000.0,128000000.0,128000000.0,128000000.0,128000000.0,128000000.0,128000000.0,128000000.0,128000000.0,128000000.0,128000000.0,128000000.0,128000000.0,128000000.0,128000000.0,128000000.0,128000000.0,128000000.0,128000000.0,128000000.0,128000000.0,128000000.0,128000000.0,128000000.0,128000000.0,128000000.0,128000000.0,128000000.0,128000000.0,128000000.0,128000000.0,128000000.0,128000000.0,128000000.0,128000000.0,128000000.0,128000000.0,128000000.0,128000000.0,128000000.0,128000000.0,128000000.0","33041000000.0,33169000000.0,33297000000.0,33425000000.0,33553000000.0,33681000000.0,33809000000.0,33937000000.0,34065000000.0,34193000000.0,34321000000.0,34449000000.0,34577000000.0,34705000000.0,34833000000.0,34961000000.0,35041000000.0,35169000000.0,35297000000.0,35425000000.0,35553000000.0,35681000000.0,35809000000.0,35937000000.0,36065000000.0,36193000000.0,36321000000.0,36449000000.0,36577000000.0,36705000000.0,36833000000.0,30961000000.0,30833000000.0,30705000000.0,30577000000.0,30449000000.0,30321000000.0,30193000000.0,30065000000.0,29937000000.0,29809000000.0,29681000000.0,29553000000.0,29425000000.0,29297000000.0,29169000000.0,32961000000.0,32833000000.0,32705000000.0,32577000000.0,32449000000.0,32321000000.0,32193000000.0,32065000000.0,31937000000.0,31809000000.0,31681000000.0,31553000000.0,31425000000.0,31297000000.0,31169000000.0,31041000000.0",B,3.6768E10,2.9104E10,EVLA,"64,64,64,64,64,64,64,64,64,64,64,64,64,64,64,64,64,64,64,64,64,64,64,64,64,64,64,64,64,64,64,64,64,64,64,64,64,64,64,64,64,64,64,64,64,64,64,64,64,64,64,64,64,64,64,64,64,64,64,64,64,64",21B-351.sb40630484.eb40965456.59533.333378958334,"RR, RL, LR, LL",21B-351,PUBLIC,49.85200932178193,85.65057465185124,"2000000.0,2000000.0,2000000.0,2000000.0,2000000.0,2000000.0,2000000.0,2000000.0,2000000.0,2000000.0,2000000.0,2000000.0,2000000.0,2000000.0,2000000.0,2000000.0,2000000.0,2000000.0,2000000.0,2000000.0,2000000.0,2000000.0,2000000.0,2000000.0,2000000.0,2000000.0,2000000.0,2000000.0,2000000.0,2000000.0,2000000.0,2000000.0,2000000.0,2000000.0,2000000.0,2000000.0,2000000.0,2000000.0,2000000.0,2000000.0,2000000.0,2000000.0,2000000.0,2000000.0,2000000.0,2000000.0,2000000.0,2000000.0,2000000.0,2000000.0,2000000.0,2000000.0,2000000.0,2000000.0,2000000.0,2000000.0,2000000.0,2000000.0,2000000.0,2000000.0,2000000.0,2000000.0","EVLA_KA#A1C1#98,EVLA_KA#A1C1#99,EVLA_KA#A1C1#100,EVLA_KA#A1C1#101,EVLA_KA#A1C1#102,EVLA_KA#A1C1#103,EVLA_KA#A1C1#104,EVLA_KA#A1C1#105,EVLA_KA#A1C1#106,EVLA_KA#A1C1#107,EVLA_KA#A1C1#108,EVLA_KA#A1C1#109,EVLA_KA#A1C1#110,EVLA_KA#A1C1#111,EVLA_KA#A1C1#112,EVLA_KA#A1C1#113,EVLA_KA#A2C2#114,EVLA_KA#A2C2#115,EVLA_KA#A2C2#116,EVLA_KA#A2C2#117,EVLA_KA#A2C2#118,EVLA_KA#A2C2#119,EVLA_KA#A2C2#120,EVLA_KA#A2C2#121,EVLA_KA#A2C2#122,EVLA_KA#A2C2#123,EVLA_KA#A2C2#124,EVLA_KA#A2C2#125,EVLA_KA#A2C2#126,EVLA_KA#A2C2#127,EVLA_KA#A2C2#128,EVLA_KA#B1D1#129,EVLA_KA#B1D1#130,EVLA_KA#B1D1#131,EVLA_KA#B1D1#132,EVLA_KA#B1D1#133,EVLA_KA#B1D1#134,EVLA_KA#B1D1#135,EVLA_KA#B1D1#136,EVLA_KA#B1D1#137,EVLA_KA#B1D1#138,EVLA_KA#B1D1#139,EVLA_KA#B1D1#140,EVLA_KA#B1D1#141,EVLA_KA#B1D1#142,EVLA_KA#B1D1#143,EVLA_KA#B2D2#144,EVLA_KA#B2D2#145,EVLA_KA#B2D2#146,EVLA_KA#B2D2#147,EVLA_KA#B2D2#148,EVLA_KA#B2D2#149,EVLA_KA#B2D2#150,EVLA_KA#B2D2#151,EVLA_KA#B2D2#152,EVLA_KA#B2D2#153,EVLA_KA#B2D2#154,EVLA_KA#B2D2#155,EVLA_KA#B2D2#156,EVLA_KA#B2D2#157,EVLA_KA#B2D2#158,EVLA_KA#B2D2#159",29.9,0542+498=3C147
https://data.nrao.edu/portal/#/productViewer/21B-049.sb40162897.eb41083592.59584.253249236106,"128000000.0,128000000.0,128000000.0,128000000.0,128000000.0,128000000.0,128000000.0,128000000.0,128000000.0,128000000.0,128000000.0,128000000.0,128000000.0,128000000.0,128000000.0,128000000.0,128000000.0,128000000.0,128000000.0,128000000.0,128000000.0,128000000.0,128000000.0,128000000.0,128000000.0,128000000.0,128000000.0,128000000.0,128000000.0,128000000.0,128000000.0,128000000.0,128000000.0,128000000.0,128000000.0,128000000.0,128000000.0,128000000.0,128000000.0,128000000.0,128000000.0,128000000.0,128000000.0,128000000.0,128000000.0,128000000.0,128000000.0,128000000.0,128000000.0,128000000.0,128000000.0,128000000.0,128000000.0,128000000.0,128000000.0,128000000.0,128000000.0,128000000.0,128000000.0,128000000.0,128000000.0,128000000.0,128000000.0,128000000.0","33041000000.0,33169000000.0,33297000000.0,33425000000.0,33553000000.0,33681000000.0,33809000000.0,33937000000.0,34065000000.0,34193000000.0,34321000000.0,34449000000.0,34577000000.0,34705000000.0,34833000000.0,34961000000.0,35041000000.0,35169000000.0,35297000000.0,35425000000.0,35553000000.0,35681000000.0,35809000000.0,35937000000.0,36065000000.0,36193000000.0,36321000000.0,36449000000.0,36577000000.0,36705000000.0,36833000000.0,36961000000.0,29041000000.0,29169000000.0,29297000000.0,29425000000.0,29553000000.0,29681000000.0,29809000000.0,29937000000.0,30065000000.0,30193000000.0,30321000000.0,30449000000.0,30577000000.0,30705000000.0,30833000000.0,30961000000.0,31041000000.0,31169000000.0,31297000000.0,31425000000.0,31553000000.0,31681000000.0,31809000000.0,31937000000.0,32065000000.0,32193000000.0,32321000000.0,32449000000.0,32577000000.0,32705000000.0,32833000000.0,32961000000.0",B,3.6896E10,2.8976E10,EVLA,"64,64,64,64,64,64,64,64,64,64,64,64,64,64,64,64,64,64,64,64,64,64,64,64,64,64,64,64,64,64,64,64,64,64,64,64,64,64,64,64,64,64,64,64,64,64,64,64,64,64,64,64,64,64,64,64,64,64,64,64,64,64,64,64",21B-049.sb40162897.eb41083592.59584.253249236106,"RR, RL, LR, LL",21B-049,PUBLIC,41.83408687877605,65.9833741446821,"2000000.0,2000000.0,2000000.0,2000000.0,2000000.0,2000000.0,2000000.0,2000000.0,2000000.0,2000000.0,2000000.0,2000000.0,2000000.0,2000000.0,2000000.0,2000000.0,2000000.0,2000000.0,2000000.0,2000000.0,2000000.0,2000000.0,2000000.0,2000000.0,2000000.0,2000000.0,2000000.0,2000000.0,2000000.0,2000000.0,2000000.0,2000000.0,2000000.0,2000000.0,2000000.0,2000000.0,2000000.0,2000000.0,2000000.0,2000000.0,2000000.0,2000000.0,2000000.0,2000000.0,2000000.0,2000000.0,2000000.0,2000000.0,2000000.0,2000000.0,2000000.0,2000000.0,2000000.0,2000000.0,2000000.0,2000000.0,2000000.0,2000000.0,2000000.0,2000000.0,2000000.0,2000000.0,2000000.0,2000000.0","EVLA_KA#A1C1#98,EVLA_KA#A1C1#99,EVLA_KA#A1C1#100,EVLA_KA#A1C1#101,EVLA_KA#A1C1#102,EVLA_KA#A1C1#103,EVLA_KA#A1C1#104,EVLA_KA#A1C1#105,EVLA_KA#A1C1#106,EVLA_KA#A1C1#107,EVLA_KA#A1C1#108,EVLA_KA#A1C1#109,EVLA_KA#A1C1#110,EVLA_KA#A1C1#111,EVLA_KA#A1C1#112,EVLA_KA#A1C1#113,EVLA_KA#A2C2#114,EVLA_KA#A2C2#115,EVLA_KA#A2C2#116,EVLA_KA#A2C2#117,EVLA_KA#A2C2#118,EVLA_KA#A2C2#119,EVLA_KA#A2C2#120,EVLA_KA#A2C2#121,EVLA_KA#A2C2#122,EVLA_KA#A2C2#123,EVLA_KA#A2C2#124,EVLA_KA#A2C2#125,EVLA_KA#A2C2#126,EVLA_KA#A2C2#127,EVLA_KA#A2C2#128,EVLA_KA#A2C2#129,EVLA_KA#B1D1#130,EVLA_KA#B1D1#131,EVLA_KA#B1D1#132,EVLA_KA#B1D1#133,EVLA_KA#B1D1#134,EVLA_KA#B1D1#135,EVLA_KA#B1D1#136,EVLA_KA#B1D1#137,EVLA_KA#B1D1#138,EVLA_KA#B1D1#139,EVLA_KA#B1D1#140,EVLA_KA#B1D1#141,EVLA_KA#B1D1#142,EVLA_KA#B1D1#143,EVLA_KA#B1D1#144,EVLA_KA#B1D1#145,EVLA_KA#B2D2#146,EVLA_KA#B2D2#147,EVLA_KA#B2D2#148,EVLA_KA#B2D2#149,EVLA_KA#B2D2#150,EVLA_KA#B2D2#151,EVLA_KA#B2D2#152,EVLA_KA#B2D2#153,EVLA_KA#B2D2#154,EVLA_KA#B2D2#155,EVLA_KA#B2D2#156,EVLA_KA#B2D2#157,EVLA_KA#B2D2#158,EVLA_KA#B2D2#159,EVLA_KA#B2D2#160,EVLA_KA#B2D2#161",59.85,J0423+4150
https://data.nrao.edu/portal/#/productViewer/21B-049.sb40162897.eb41083592.59584.253249236106,"128000000.0,128000000.0,128000000.0,128000000.0,128000000.0,128000000.0,128000000.0,128000000.0,128000000.0,128000000.0,128000000.0,128000000.0,128000000.0,128000000.0,128000000.0,128000000.0,128000000.0,128000000.0,128000000.0,128000000.0,128000000.0,128000000.0,128000000.0,128000000.0,128000000.0,128000000.0,128000000.0,128000000.0,128000000.0,128000000.0,128000000.0,128000000.0,128000000.0,128000000.0,128000000.0,128000000.0,128000000.0,128000000.0,128000000.0,128000000.0,128000000.0,128000000.0,128000000.0,128000000.0,128000000.0,128000000.0,128000000.0,128000000.0,128000000.0,128000000.0,128000000.0,128000000.0,128000000.0,128000000.0,128000000.0,128000000.0,128000000.0,128000000.0,128000000.0,128000000.0,128000000.0,128000000.0,128000000.0,128000000.0","33041000000.0,33169000000.0,33297000000.0,33425000000.0,33553000000.0,33681000000.0,33809000000.0,33937000000.0,34065000000.0,34193000000.0,34321000000.0,34449000000.0,34577000000.0,34705000000.0,34833000000.0,34961000000.0,35041000000.0,35169000000.0,35297000000.0,35425000000.0,35553000000.0,35681000000.0,35809000000.0,35937000000.0,36065000000.0,36193000000.0,36321000000.0,36449000000.0,36577000000.0,36705000000.0,36833000000.0,36961000000.0,29041000000.0,29169000000.0,29297000000.0,29425000000.0,29553000000.0,29681000000.0,29809000000.0,29937000000.0,30065000000.0,30193000000.0,30321000000.0,30449000000.0,30577000000.0,30705000000.0,30833000000.0,30961000000.0,31041000000.0,31169000000.0,31297000000.0,31425000000.0,31553000000.0,31681000000.0,31809000000.0,31937000000.0,32065000000.0,32193000000.0,32321000000.0,32449000000.0,32577000000.0,32705000000.0,32833000000.0,32961000000.0",B,3.6896E10,2.8976E10,EVLA,"64,64,64,64,64,64,64,64,64,64,64,64,64,64,64,64,64,64,64,64,64,64,64,64,64,64,64,64,64,64,64,64,64,64,64,64,64,64,64,64,64,64,64,64,64,64,64,64,64,64,64,64,64,64,64,64,64,64,64,64,64,64,64,64",21B-049.sb40162897.eb41083592.59584.253249236106,"RR, RL, LR, LL",21B-049,PUBLIC,43.90638889048367,67.32854166382916,"2000000.0,2000000.0,2000000.0,2000000.0,2000000.0,2000000.0,2000000.0,2000000.0,2000000.0,2000000.0,2000000.0,2000000.0,2000000.0,2000000.0,2000000.0,2000000.0,2000000.0,2000000.0,2000000.0,2000000.0,2000000.0,2000000.0,2000000.0,2000000.0,2000000.0,2000000.0,2000000.0,2000000.0,2000000.0,2000000.0,2000000.0,2000000.0,2000000.0,2000000.0,2000000.0,2000000.0,2000000.0,2000000.0,2000000.0,2000000.0,2000000.0,2000000.0,2000000.0,2000000.0,2000000.0,2000000.0,2000000.0,2000000.0,2000000.0,2000000.0,2000000.0,2000000.0,2000000.0,2000000.0,2000000.0,2000000.0,2000000.0,2000000.0,2000000.0,2000000.0,2000000.0,2000000.0,2000000.0,2000000.0","EVLA_KA#A1C1#98,EVLA_KA#A1C1#99,EVLA_KA#A1C1#100,EVLA_KA#A1C1#101,EVLA_KA#A1C1#102,EVLA_KA#A1C1#103,EVLA_KA#A1C1#104,EVLA_KA#A1C1#105,EVLA_KA#A1C1#106,EVLA_KA#A1C1#107,EVLA_KA#A1C1#108,EVLA_KA#A1C1#109,EVLA_KA#A1C1#110,EVLA_KA#A1C1#111,EVLA_KA#A1C1#112,EVLA_KA#A1C1#113,EVLA_KA#A2C2#114,EVLA_KA#A2C2#115,EVLA_KA#A2C2#116,EVLA_KA#A2C2#117,EVLA_KA#A2C2#118,EVLA_KA#A2C2#119,EVLA_KA#A2C2#120,EVLA_KA#A2C2#121,EVLA_KA#A2C2#122,EVLA_KA#A2C2#123,EVLA_KA#A2C2#124,EVLA_KA#A2C2#125,EVLA_KA#A2C2#126,EVLA_KA#A2C2#127,EVLA_KA#A2C2#128,EVLA_KA#A2C2#129,EVLA_KA#B1D1#130,EVLA_KA#B1D1#131,EVLA_KA#B1D1#132,EVLA_KA#B1D1#133,EVLA_KA#B1D1#134,EVLA_KA#B1D1#135,EVLA_KA#B1D1#136,EVLA_KA#B1D1#137,EVLA_KA#B1D1#138,EVLA_KA#B1D1#139,EVLA_KA#B1D1#140,EVLA_KA#B1D1#141,EVLA_KA#B1D1#142,EVLA_KA#B1D1#143,EVLA_KA#B1D1#144,EVLA_KA#B1D1#145,EVLA_KA#B2D2#146,EVLA_KA#B2D2#147,EVLA_KA#B2D2#148,EVLA_KA#B2D2#149,EVLA_KA#B2D2#150,EVLA_KA#B2D2#151,EVLA_KA#B2D2#152,EVLA_KA#B2D2#153,EVLA_KA#B2D2#154,EVLA_KA#B2D2#155,EVLA_KA#B2D2#156,EVLA_KA#B2D2#157,EVLA_KA#B2D2#158,EVLA_KA#B2D2#159,EVLA_KA#B2D2#160,EVLA_KA#B2D2#161",59.85,V1112 Per
https://data.nrao.edu/portal/#/productViewer/21B-049.sb40162897.eb41083592.59584.253249236106,"128000000.0,128000000.0,128000000.0,128000000.0,128000000.0,128000000.0,128000000.0,128000000.0,128000000.0,128000000.0,128000000.0,128000000.0,128000000.0,128000000.0,128000000.0,128000000.0,128000000.0,128000000.0,128000000.0,128000000.0,128000000.0,128000000.0,128000000.0,128000000.0,128000000.0,128000000.0,128000000.0,128000000.0,128000000.0,128000000.0,128000000.0,128000000.0,128000000.0,128000000.0,128000000.0,128000000.0,128000000.0,128000000.0,128000000.0,128000000.0,128000000.0,128000000.0,128000000.0,128000000.0,128000000.0,128000000.0,128000000.0,128000000.0,128000000.0,128000000.0,128000000.0,128000000.0,128000000.0,128000000.0,128000000.0,128000000.0,128000000.0,128000000.0,128000000.0,128000000.0,128000000.0,128000000.0,128000000.0,128000000.0","33041000000.0,33169000000.0,33297000000.0,33425000000.0,33553000000.0,33681000000.0,33809000000.0,33937000000.0,34065000000.0,34193000000.0,34321000000.0,34449000000.0,34577000000.0,34705000000.0,34833000000.0,34961000000.0,35041000000.0,35169000000.0,35297000000.0,35425000000.0,35553000000.0,35681000000.0,35809000000.0,35937000000.0,36065000000.0,36193000000.0,36321000000.0,36449000000.0,36577000000.0,36705000000.0,36833000000.0,36961000000.0,29041000000.0,29169000000.0,29297000000.0,29425000000.0,29553000000.0,29681000000.0,29809000000.0,29937000000.0,30065000000.0,30193000000.0,30321000000.0,30449000000.0,30577000000.0,30705000000.0,30833000000.0,30961000000.0,31041000000.0,31169000000.0,31297000000.0,31425000000.0,31553000000.0,31681000000.0,31809000000.0,31937000000.0,32065000000.0,32193000000.0,32321000000.0,32449000000.0,32577000000.0,32705000000.0,32833000000.0,32961000000.0",B,3.6896E10,2.8976E10,EVLA,"64,64,64,64,64,64,64,64,64,64,64,64,64,64,64,64,64,64,64,64,64,64,64,64,64,64,64,64,64,64,64,64,64,64,64,64,64,64,64,64,64,64,64,64,64,64,64,64,64,64,64,64,64,64,64,64,64,64,64,64,64,64,64,64",21B-049.sb40162897.eb41083592.59584.253249236106,"RR, RL, LR, LL",21B-049,PUBLIC,49.85200932178193,85.65057465185124,"2000000.0,2000000.0,2000000.0,2000000.0,2000000.0,2000000.0,2000000.0,2000000.0,2000000.0,2000000.0,2000000.0,2000000.0,2000000.0,2000000.0,2000000.0,2000000.0,2000000.0,2000000.0,2000000.0,2000000.0,2000000.0,2000000.0,2000000.0,2000000.0,2000000.0,2000000.0,2000000.0,2000000.0,2000000.0,2000000.0,2000000.0,2000000.0,2000000.0,2000000.0,2000000.0,2000000.0,2000000.0,2000000.0,2000000.0,2000000.0,2000000.0,2000000.0,2000000.0,2000000.0,2000000.0,2000000.0,2000000.0,2000000.0,2000000.0,2000000.0,2000000.0,2000000.0,2000000.0,2000000.0,2000000.0,2000000.0,2000000.0,2000000.0,2000000.0,2000000.0,2000000.0,2000000.0,2000000.0,2000000.0","EVLA_KA#A1C1#98,EVLA_KA#A1C1#99,EVLA_KA#A1C1#100,EVLA_KA#A1C1#101,EVLA_KA#A1C1#102,EVLA_KA#A1C1#103,EVLA_KA#A1C1#104,EVLA_KA#A1C1#105,EVLA_KA#A1C1#106,EVLA_KA#A1C1#107,EVLA_KA#A1C1#108,EVLA_KA#A1C1#109,EVLA_KA#A1C1#110,EVLA_KA#A1C1#111,EVLA_KA#A1C1#112,EVLA_KA#A1C1#113,EVLA_KA#A2C2#114,EVLA_KA#A2C2#115,EVLA_KA#A2C2#116,EVLA_KA#A2C2#117,EVLA_KA#A2C2#118,EVLA_KA#A2C2#119,EVLA_KA#A2C2#120,EVLA_KA#A2C2#121,EVLA_KA#A2C2#122,EVLA_KA#A2C2#123,EVLA_KA#A2C2#124,EVLA_KA#A2C2#125,EVLA_KA#A2C2#126,EVLA_KA#A2C2#127,EVLA_KA#A2C2#128,EVLA_KA#A2C2#129,EVLA_KA#B1D1#130,EVLA_KA#B1D1#131,EVLA_KA#B1D1#132,EVLA_KA#B1D1#133,EVLA_KA#B1D1#134,EVLA_KA#B1D1#135,EVLA_KA#B1D1#136,EVLA_KA#B1D1#137,EVLA_KA#B1D1#138,EVLA_KA#B1D1#139,EVLA_KA#B1D1#140,EVLA_KA#B1D1#141,EVLA_KA#B1D1#142,EVLA_KA#B1D1#143,EVLA_KA#B1D1#144,EVLA_KA#B1D1#145,EVLA_KA#B2D2#146,EVLA_KA#B2D2#147,EVLA_KA#B2D2#148,EVLA_KA#B2D2#149,EVLA_KA#B2D2#150,EVLA_KA#B2D2#151,EVLA_KA#B2D2#152,EVLA_KA#B2D2#153,EVLA_KA#B2D2#154,EVLA_KA#B2D2#155,EVLA_KA#B2D2#156,EVLA_KA#B2D2#157,EVLA_KA#B2D2#158,EVLA_KA#B2D2#159,EVLA_KA#B2D2#160,EVLA_KA#B2D2#161",29.9,0542+498=3C147
https://data.nrao.edu/portal/#/productViewer/21B-266.sb40061945.eb40565881.59495.186622442125,"128000000.0,128000000.0,128000000.0,128000000.0,128000000.0,128000000.0,128000000.0,128000000.0,128000000.0,128000000.0,128000000.0,128000000.0,128000000.0,128000000.0,128000000.0,128000000.0,128000000.0,128000000.0,128000000.0,128000000.0,128000000.0,128000000.0,128000000.0,128000000.0,128000000.0,128000000.0,128000000.0,128000000.0,128000000.0,128000000.0,128000000.0,128000000.0,128000000.0,128000000.0,128000000.0,128000000.0,128000000.0,128000000.0,128000000.0,128000000.0,128000000.0,128000000.0,128000000.0,128000000.0,128000000.0,128000000.0,128000000.0,128000000.0,128000000.0,128000000.0,128000000.0,128000000.0,128000000.0,128000000.0,128000000.0,128000000.0,128000000.0,128000000.0,128000000.0,128000000.0,128000000.0,128000000.0,128000000.0","34941000000.0,35069000000.0,35197000000.0,35325000000.0,35453000000.0,35581000000.0,35709000000.0,35837000000.0,35965000000.0,36093000000.0,36221000000.0,36349000000.0,36477000000.0,36605000000.0,36733000000.0,36861000000.0,36941000000.0,37069000000.0,37197000000.0,37325000000.0,37453000000.0,37581000000.0,37709000000.0,37837000000.0,37965000000.0,38093000000.0,38221000000.0,38349000000.0,38477000000.0,38605000000.0,38733000000.0,38861000000.0,29461000000.0,29333000000.0,29205000000.0,29077000000.0,28949000000.0,28821000000.0,28693000000.0,28565000000.0,28437000000.0,28309000000.0,28181000000.0,28053000000.0,27925000000.0,27797000000.0,27669000000.0,31461000000.0,31333000000.0,31205000000.0,31077000000.0,30949000000.0,30821000000.0,30693000000.0,30565000000.0,30437000000.0,30309000000.0,30181000000.0,30053000000.0,29925000000.0,29797000000.0,29669000000.0,29541000000.0",B,3.8796E10,2.7604E10,EVLA,"64,64,64,64,64,64,64,64,64,64,64,64,64,64,64,64,64,64,64,64,64,64,64,64,64,64,64,64,64,64,64,64,64,64,64,64,64,64,64,64,64,64,64,64,64,64,64,64,64,64,64,64,64,64,64,64,64,64,64,64,64,64,64",21B-266.sb40061945.eb40565881.59495.186622442125,"RR, RL, LR, LL",21B-266,PUBLIC,61.61633464122413,305.527840331947,"2000000.0,2000000.0,2000000.0,2000000.0,2000000.0,2000000.0,2000000.0,2000000.0,2000000.0,2000000.0,2000000.0,2000000.0,2000000.0,2000000.0,2000000.0,2000000.0,2000000.0,2000000.0,2000000.0,2000000.0,2000000.0,2000000.0,2000000.0,2000000.0,2000000.0,2000000.0,2000000.0,2000000.0,2000000.0,2000000.0,2000000.0,2000000.0,2000000.0,2000000.0,2000000.0,2000000.0,2000000.0,2000000.0,2000000.0,2000000.0,2000000.0,2000000.0,2000000.0,2000000.0,2000000.0,2000000.0,2000000.0,2000000.0,2000000.0,2000000.0,2000000.0,2000000.0,2000000.0,2000000.0,2000000.0,2000000.0,2000000.0,2000000.0,2000000.0,2000000.0,2000000.0,2000000.0,2000000.0","EVLA_KA#A1C1#0,EVLA_KA#A1C1#1,EVLA_KA#A1C1#2,EVLA_KA#A1C1#3,EVLA_KA#A1C1#4,EVLA_KA#A1C1#5,EVLA_KA#A1C1#6,EVLA_KA#A1C1#7,EVLA_KA#A1C1#8,EVLA_KA#A1C1#9,EVLA_KA#A1C1#10,EVLA_KA#A1C1#11,EVLA_KA#A1C1#12,EVLA_KA#A1C1#13,EVLA_KA#A1C1#14,EVLA_KA#A1C1#15,EVLA_KA#A2C2#16,EVLA_KA#A2C2#17,EVLA_KA#A2C2#18,EVLA_KA#A2C2#19,EVLA_KA#A2C2#20,EVLA_KA#A2C2#21,EVLA_KA#A2C2#22,EVLA_KA#A2C2#23,EVLA_KA#A2C2#24,EVLA_KA#A2C2#25,EVLA_KA#A2C2#26,EVLA_KA#A2C2#27,EVLA_KA#A2C2#28,EVLA_KA#A2C2#29,EVLA_KA#A2C2#30,EVLA_KA#A2C2#31,EVLA_KA#B1D1#32,EVLA_KA#B1D1#33,EVLA_KA#B1D1#34,EVLA_KA#B1D1#35,EVLA_KA#B1D1#36,EVLA_KA#B1D1#37,EVLA_KA#B1D1#38,EVLA_KA#B1D1#39,EVLA_KA#B1D1#40,EVLA_KA#B1D1#41,EVLA_KA#B1D1#42,EVLA_KA#B1D1#43,EVLA_KA#B1D1#44,EVLA_KA#B1D1#45,EVLA_KA#B1D1#46,EVLA_KA#B2D2#47,EVLA_KA#B2D2#48,EVLA_KA#B2D2#49,EVLA_KA#B2D2#50,EVLA_KA#B2D2#51,EVLA_KA#B2D2#52,EVLA_KA#B2D2#53,EVLA_KA#B2D2#54,EVLA_KA#B2D2#55,EVLA_KA#B2D2#56,EVLA_KA#B2D2#57,EVLA_KA#B2D2#58,EVLA_KA#B2D2#59,EVLA_KA#B2D2#60,EVLA_KA#B2D2#61,EVLA_KA#B2D2#62",57.15,J2022+6136
https://data.nrao.edu/portal/#/productViewer/21B-266.sb40061945.eb40565881.59495.186622442125,"128000000.0,128000000.0,128000000.0,128000000.0,128000000.0,128000000.0,128000000.0,128000000.0,128000000.0,128000000.0,128000000.0,128000000.0,128000000.0,128000000.0,128000000.0,128000000.0,128000000.0,128000000.0,128000000.0,128000000.0,128000000.0,128000000.0,128000000.0,128000000.0,128000000.0,128000000.0,128000000.0,128000000.0,128000000.0,128000000.0,128000000.0,128000000.0,128000000.0,128000000.0,128000000.0,128000000.0,128000000.0,128000000.0,128000000.0,128000000.0,128000000.0,128000000.0,128000000.0,128000000.0,128000000.0,128000000.0,128000000.0,128000000.0,128000000.0,128000000.0,128000000.0,128000000.0,128000000.0,128000000.0,128000000.0,128000000.0,128000000.0,128000000.0,128000000.0,128000000.0,128000000.0,128000000.0,128000000.0","34941000000.0,35069000000.0,35197000000.0,35325000000.0,35453000000.0,35581000000.0,35709000000.0,35837000000.0,35965000000.0,36093000000.0,36221000000.0,36349000000.0,36477000000.0,36605000000.0,36733000000.0,36861000000.0,36941000000.0,37069000000.0,37197000000.0,37325000000.0,37453000000.0,37581000000.0,37709000000.0,37837000000.0,37965000000.0,38093000000.0,38221000000.0,38349000000.0,38477000000.0,38605000000.0,38733000000.0,38861000000.0,29461000000.0,29333000000.0,29205000000.0,29077000000.0,28949000000.0,28821000000.0,28693000000.0,28565000000.0,28437000000.0,28309000000.0,28181000000.0,28053000000.0,27925000000.0,27797000000.0,27669000000.0,31461000000.0,31333000000.0,31205000000.0,31077000000.0,30949000000.0,30821000000.0,30693000000.0,30565000000.0,30437000000.0,30309000000.0,30181000000.0,30053000000.0,29925000000.0,29797000000.0,29669000000.0,29541000000.0",B,3.8796E10,2.7604E10,EVLA,"64,64,64,64,64,64,64,64,64,64,64,64,64,64,64,64,64,64,64,64,64,64,64,64,64,64,64,64,64,64,64,64,64,64,64,64,64,64,64,64,64,64,64,64,64,64,64,64,64,64,64,64,64,64,64,64,64,64,64,64,64,64,64",21B-266.sb40061945.eb40565881.59495.186622442125,"RR, RL, LR, LL",21B-266,PUBLIC,63.88805555317781,309.07833333085773,"2000000.0,2000000.0,2000000.0,2000000.0,2000000.0,2000000.0,2000000.0,2000000.0,2000000.0,2000000.0,2000000.0,2000000.0,2000000.0,2000000.0,2000000.0,2000000.0,2000000.0,2000000.0,2000000.0,2000000.0,2000000.0,2000000.0,2000000.0,2000000.0,2000000.0,2000000.0,2000000.0,2000000.0,2000000.0,2000000.0,2000000.0,2000000.0,2000000.0,2000000.0,2000000.0,2000000.0,2000000.0,2000000.0,2000000.0,2000000.0,2000000.0,2000000.0,2000000.0,2000000.0,2000000.0,2000000.0,2000000.0,2000000.0,2000000.0,2000000.0,2000000.0,2000000.0,2000000.0,2000000.0,2000000.0,2000000.0,2000000.0,2000000.0,2000000.0,2000000.0,2000000.0,2000000.0,2000000.0","EVLA_KA#A1C1#0,EVLA_KA#A1C1#1,EVLA_KA#A1C1#2,EVLA_KA#A1C1#3,EVLA_KA#A1C1#4,EVLA_KA#A1C1#5,EVLA_KA#A1C1#6,EVLA_KA#A1C1#7,EVLA_KA#A1C1#8,EVLA_KA#A1C1#9,EVLA_KA#A1C1#10,EVLA_KA#A1C1#11,EVLA_KA#A1C1#12,EVLA_KA#A1C1#13,EVLA_KA#A1C1#14,EVLA_KA#A1C1#15,EVLA_KA#A2C2#16,EVLA_KA#A2C2#17,EVLA_KA#A2C2#18,EVLA_KA#A2C2#19,EVLA_KA#A2C2#20,EVLA_KA#A2C2#21,EVLA_KA#A2C2#22,EVLA_KA#A2C2#23,EVLA_KA#A2C2#24,EVLA_KA#A2C2#25,EVLA_KA#A2C2#26,EVLA_KA#A2C2#27,EVLA_KA#A2C2#28,EVLA_KA#A2C2#29,EVLA_KA#A2C2#30,EVLA_KA#A2C2#31,EVLA_KA#B1D1#32,EVLA_KA#B1D1#33,EVLA_KA#B1D1#34,EVLA_KA#B1D1#35,EVLA_KA#B1D1#36,EVLA_KA#B1D1#37,EVLA_KA#B1D1#38,EVLA_KA#B1D1#39,EVLA_KA#B1D1#40,EVLA_KA#B1D1#41,EVLA_KA#B1D1#42,EVLA_KA#B1D1#43,EVLA_KA#B1D1#44,EVLA_KA#B1D1#45,EVLA_KA#B1D1#46,EVLA_KA#B2D2#47,EVLA_KA#B2D2#48,EVLA_KA#B2D2#49,EVLA_KA#B2D2#50,EVLA_KA#B2D2#51,EVLA_KA#B2D2#52,EVLA_KA#B2D2#53,EVLA_KA#B2D2#54,EVLA_KA#B2D2#55,EVLA_KA#B2D2#56,EVLA_KA#B2D2#57,EVLA_KA#B2D2#58,EVLA_KA#B2D2#59,EVLA_KA#B2D2#60,EVLA_KA#B2D2#61,EVLA_KA#B2D2#62",159.55,CB224-SMM1
https://data.nrao.edu/portal/#/productViewer/21B-266.sb40061945.eb40565881.59495.186622442125,"128000000.0,128000000.0,128000000.0,128000000.0,128000000.0,128000000.0,128000000.0,128000000.0,128000000.0,128000000.0,128000000.0,128000000.0,128000000.0,128000000.0,128000000.0,128000000.0,128000000.0,128000000.0,128000000.0,128000000.0,128000000.0,128000000.0,128000000.0,128000000.0,128000000.0,128000000.0,128000000.0,128000000.0,128000000.0,128000000.0,128000000.0,128000000.0,128000000.0,128000000.0,128000000.0,128000000.0,128000000.0,128000000.0,128000000.0,128000000.0,128000000.0,128000000.0,128000000.0,128000000.0,128000000.0,128000000.0,128000000.0,128000000.0,128000000.0,128000000.0,128000000.0,128000000.0,128000000.0,128000000.0,128000000.0,128000000.0,128000000.0,128000000.0,128000000.0,128000000.0,128000000.0,128000000.0,128000000.0","34941000000.0,35069000000.0,35197000000.0,35325000000.0,35453000000.0,35581000000.0,35709000000.0,35837000000.0,35965000000.0,36093000000.0,36221000000.0,36349000000.0,36477000000.0,36605000000.0,36733000000.0,36861000000.0,36941000000.0,37069000000.0,37197000000.0,37325000000.0,37453000000.0,37581000000.0,37709000000.0,37837000000.0,37965000000.0,38093000000.0,38221000000.0,38349000000.0,38477000000.0,38605000000.0,38733000000.0,38861000000.0,29461000000.0,29333000000.0,29205000000.0,29077000000.0,28949000000.0,28821000000.0,28693000000.0,28565000000.0,28437000000.0,28309000000.0,28181000000.0,28053000000.0,27925000000.0,27797000000.0,27669000000.0,31461000000.0,31333000000.0,31205000000.0,31077000000.0,30949000000.0,30821000000.0,30693000000.0,30565000000.0,30437000000.0,30309000000.0,30181000000.0,30053000000.0,29925000000.0,29797000000.0,29669000000.0,29541000000.0",B,3.8796E10,2.7604E10,EVLA,"64,64,64,64,64,64,64,64,64,64,64,64,64,64,64,64,64,64,64,64,64,64,64,64,64,64,64,64,64,64,64,64,64,64,64,64,64,64,64,64,64,64,64,64,64,64,64,64,64,64,64,64,64,64,64,64,64,64,64,64,64,64,64",21B-266.sb40061945.eb40565881.59495.186622442125,"RR, RL, LR, LL",21B-266,PUBLIC,63.89472222079179,309.0950000027575,"2000000.0,2000000.0,2000000.0,2000000.0,2000000.0,2000000.0,2000000.0,2000000.0,2000000.0,2000000.0,2000000.0,2000000.0,2000000.0,2000000.0,2000000.0,2000000.0,2000000.0,2000000.0,2000000.0,2000000.0,2000000.0,2000000.0,2000000.0,2000000.0,2000000.0,2000000.0,2000000.0,2000000.0,2000000.0,2000000.0,2000000.0,2000000.0,2000000.0,2000000.0,2000000.0,2000000.0,2000000.0,2000000.0,2000000.0,2000000.0,2000000.0,2000000.0,2000000.0,2000000.0,2000000.0,2000000.0,2000000.0,2000000.0,2000000.0,2000000.0,2000000.0,2000000.0,2000000.0,2000000.0,2000000.0,2000000.0,2000000.0,2000000.0,2000000.0,2000000.0,2000000.0,2000000.0,2000000.0","EVLA_KA#A1C1#0,EVLA_KA#A1C1#1,EVLA_KA#A1C1#2,EVLA_KA#A1C1#3,EVLA_KA#A1C1#4,EVLA_KA#A1C1#5,EVLA_KA#A1C1#6,EVLA_KA#A1C1#7,EVLA_KA#A1C1#8,EVLA_KA#A1C1#9,EVLA_KA#A1C1#10,EVLA_KA#A1C1#11,EVLA_KA#A1C1#12,EVLA_KA#A1C1#13,EVLA_KA#A1C1#14,EVLA_KA#A1C1#15,EVLA_KA#A2C2#16,EVLA_KA#A2C2#17,EVLA_KA#A2C2#18,EVLA_KA#A2C2#19,EVLA_KA#A2C2#20,EVLA_KA#A2C2#21,EVLA_KA#A2C2#22,EVLA_KA#A2C2#23,EVLA_KA#A2C2#24,EVLA_KA#A2C2#25,EVLA_KA#A2C2#26,EVLA_KA#A2C2#27,EVLA_KA#A2C2#28,EVLA_KA#A2C2#29,EVLA_KA#A2C2#30,EVLA_KA#A2C2#31,EVLA_KA#B1D1#32,EVLA_KA#B1D1#33,EVLA_KA#B1D1#34,EVLA_KA#B1D1#35,EVLA_KA#B1D1#36,EVLA_KA#B1D1#37,EVLA_KA#B1D1#38,EVLA_KA#B1D1#39,EVLA_KA#B1D1#40,EVLA_KA#B1D1#41,EVLA_KA#B1D1#42,EVLA_KA#B1D1#43,EVLA_KA#B1D1#44,EVLA_KA#B1D1#45,EVLA_KA#B1D1#46,EVLA_KA#B2D2#47,EVLA_KA#B2D2#48,EVLA_KA#B2D2#49,EVLA_KA#B2D2#50,EVLA_KA#B2D2#51,EVLA_KA#B2D2#52,EVLA_KA#B2D2#53,EVLA_KA#B2D2#54,EVLA_KA#B2D2#55,EVLA_KA#B2D2#56,EVLA_KA#B2D2#57,EVLA_KA#B2D2#58,EVLA_KA#B2D2#59,EVLA_KA#B2D2#60,EVLA_KA#B2D2#61,EVLA_KA#B2D2#62",159.6,CB224-SMM2
https://data.nrao.edu/portal/#/productViewer/21B-266.sb40061945.eb40565881.59495.186622442125,"128000000.0,128000000.0,128000000.0,128000000.0,128000000.0,128000000.0,128000000.0,128000000.0,128000000.0,128000000.0,128000000.0,128000000.0,128000000.0,128000000.0,128000000.0,128000000.0,128000000.0,128000000.0,128000000.0,128000000.0,128000000.0,128000000.0,128000000.0,128000000.0,128000000.0,128000000.0,128000000.0,128000000.0,128000000.0,128000000.0,128000000.0,128000000.0,128000000.0,128000000.0,128000000.0,128000000.0,128000000.0,128000000.0,128000000.0,128000000.0,128000000.0,128000000.0,128000000.0,128000000.0,128000000.0,128000000.0,128000000.0,128000000.0,128000000.0,128000000.0,128000000.0,128000000.0,128000000.0,128000000.0,128000000.0,128000000.0,128000000.0,128000000.0,128000000.0,128000000.0,128000000.0,128000000.0,128000000.0","34941000000.0,35069000000.0,35197000000.0,35325000000.0,35453000000.0,35581000000.0,35709000000.0,35837000000.0,35965000000.0,36093000000.0,36221000000.0,36349000000.0,36477000000.0,36605000000.0,36733000000.0,36861000000.0,36941000000.0,37069000000.0,37197000000.0,37325000000.0,37453000000.0,37581000000.0,37709000000.0,37837000000.0,37965000000.0,38093000000.0,38221000000.0,38349000000.0,38477000000.0,38605000000.0,38733000000.0,38861000000.0,29461000000.0,29333000000.0,29205000000.0,29077000000.0,28949000000.0,28821000000.0,28693000000.0,28565000000.0,28437000000.0,28309000000.0,28181000000.0,28053000000.0,27925000000.0,27797000000.0,27669000000.0,31461000000.0,31333000000.0,31205000000.0,31077000000.0,30949000000.0,30821000000.0,30693000000.0,30565000000.0,30437000000.0,30309000000.0,30181000000.0,30053000000.0,29925000000.0,29797000000.0,29669000000.0,29541000000.0",B,3.8796E10,2.7604E10,EVLA,"64,64,64,64,64,64,64,64,64,64,64,64,64,64,64,64,64,64,64,64,64,64,64,64,64,64,64,64,64,64,64,64,64,64,64,64,64,64,64,64,64,64,64,64,64,64,64,64,64,64,64,64,64,64,64,64,64,64,64,64,64,64,64",21B-266.sb40061945.eb40565881.59495.186622442125,"RR, RL, LR, LL",21B-266,PUBLIC,57.736944444639036,309.3358333352188,"2000000.0,2000000.0,2000000.0,2000000.0,2000000.0,2000000.0,2000000.0,2000000.0,2000000.0,2000000.0,2000000.0,2000000.0,2000000.0,2000000.0,2000000.0,2000000.0,2000000.0,2000000.0,2000000.0,2000000.0,2000000.0,2000000.0,2000000.0,2000000.0,2000000.0,2000000.0,2000000.0,2000000.0,2000000.0,2000000.0,2000000.0,2000000.0,2000000.0,2000000.0,2000000.0,2000000.0,2000000.0,2000000.0,2000000.0,2000000.0,2000000.0,2000000.0,2000000.0,2000000.0,2000000.0,2000000.0,2000000.0,2000000.0,2000000.0,2000000.0,2000000.0,2000000.0,2000000.0,2000000.0,2000000.0,2000000.0,2000000.0,2000000.0,2000000.0,2000000.0,2000000.0,2000000.0,2000000.0","EVLA_KA#A1C1#0,EVLA_KA#A1C1#1,EVLA_KA#A1C1#2,EVLA_KA#A1C1#3,EVLA_KA#A1C1#4,EVLA_KA#A1C1#5,EVLA_KA#A1C1#6,EVLA_KA#A1C1#7,EVLA_KA#A1C1#8,EVLA_KA#A1C1#9,EVLA_KA#A1C1#10,EVLA_KA#A1C1#11,EVLA_KA#A1C1#12,EVLA_KA#A1C1#13,EVLA_KA#A1C1#14,EVLA_KA#A1C1#15,EVLA_KA#A2C2#16,EVLA_KA#A2C2#17,EVLA_KA#A2C2#18,EVLA_KA#A2C2#19,EVLA_KA#A2C2#20,EVLA_KA#A2C2#21,EVLA_KA#A2C2#22,EVLA_KA#A2C2#23,EVLA_KA#A2C2#24,EVLA_KA#A2C2#25,EVLA_KA#A2C2#26,EVLA_KA#A2C2#27,EVLA_KA#A2C2#28,EVLA_KA#A2C2#29,EVLA_KA#A2C2#30,EVLA_KA#A2C2#31,EVLA_KA#B1D1#32,EVLA_KA#B1D1#33,EVLA_KA#B1D1#34,EVLA_KA#B1D1#35,EVLA_KA#B1D1#36,EVLA_KA#B1D1#37,EVLA_KA#B1D1#38,EVLA_KA#B1D1#39,EVLA_KA#B1D1#40,EVLA_KA#B1D1#41,EVLA_KA#B1D1#42,EVLA_KA#B1D1#43,EVLA_KA#B1D1#44,EVLA_KA#B1D1#45,EVLA_KA#B1D1#46,EVLA_KA#B2D2#47,EVLA_KA#B2D2#48,EVLA_KA#B2D2#49,EVLA_KA#B2D2#50,EVLA_KA#B2D2#51,EVLA_KA#B2D2#52,EVLA_KA#B2D2#53,EVLA_KA#B2D2#54,EVLA_KA#B2D2#55,EVLA_KA#B2D2#56,EVLA_KA#B2D2#57,EVLA_KA#B2D2#58,EVLA_KA#B2D2#59,EVLA_KA#B2D2#60,EVLA_KA#B2D2#61,EVLA_KA#B2D2#62",159.6,L1041-2
https://data.nrao.edu/portal/#/productViewer/22A-012.sb41313440.eb41838561.59735.21287396991,"128000000.0,128000000.0,128000000.0,128000000.0,128000000.0,128000000.0,128000000.0,128000000.0,128000000.0,128000000.0,128000000.0,128000000.0,128000000.0,128000000.0,128000000.0,128000000.0","35856600000.0,35984600000.0,36112600000.0,36240600000.0,36368600000.0,36496600000.0,36624600000.0,36752600000.0,31038700000.0,31166700000.0,31294700000.0,31422700000.0,31550700000.0,31678700000.0,31806700000.0,31934700000.0",A,3.66876E10,3.09737E10,EVLA,"64,64,64,64,64,64,64,64,64,64,64,64,64,64,64,64",22A-012.sb41313440.eb41838561.59735.21287396991,"RR, RL, LR, LL",22A-012,PUBLIC,30.50915523770354,202.78453326533136,"2000000.0,2000000.0,2000000.0,2000000.0,2000000.0,2000000.0,2000000.0,2000000.0,2000000.0,2000000.0,2000000.0,2000000.0,2000000.0,2000000.0,2000000.0,2000000.0","EVLA_KA#A0C0#0,EVLA_KA#A0C0#1,EVLA_KA#A0C0#2,EVLA_KA#A0C0#3,EVLA_KA#A0C0#4,EVLA_KA#A0C0#5,EVLA_KA#A0C0#6,EVLA_KA#A0C0#7,EVLA_KA#B0D0#8,EVLA_KA#B0D0#9,EVLA_KA#B0D0#10,EVLA_KA#B0D0#11,EVLA_KA#B0D0#12,EVLA_KA#B0D0#13,EVLA_KA#B0D0#14,EVLA_KA#B0D0#15",59.8,J1331+3030
https://data.nrao.edu/portal/#/productViewer/22A-012.sb41313440.eb41838561.59735.21287396991,"128000000.0,128000000.0,128000000.0,128000000.0,128000000.0,128000000.0,128000000.0,128000000.0,128000000.0,128000000.0,128000000.0,128000000.0,128000000.0,128000000.0,128000000.0,128000000.0","35856600000.0,35984600000.0,36112600000.0,36240600000.0,36368600000.0,36496600000.0,36624600000.0,36752600000.0,31038700000.0,31166700000.0,31294700000.0,31422700000.0,31550700000.0,31678700000.0,31806700000.0,31934700000.0",A,3.66876E10,3.09737E10,EVLA,"64,64,64,64,64,64,64,64,64,64,64,64,64,64,64,64",22A-012.sb41313440.eb41838561.59735.21287396991,"RR, RL, LR, LL",22A-012,PUBLIC,57.33999421922549,249.55606788936984,"2000000.0,2000000.0,2000000.0,2000000.0,2000000.0,2000000.0,2000000.0,2000000.0,2000000.0,2000000.0,2000000.0,2000000.0,2000000.0,2000000.0,2000000.0,2000000.0","EVLA_KA#A0C0#0,EVLA_KA#A0C0#1,EVLA_KA#A0C0#2,EVLA_KA#A0C0#3,EVLA_KA#A0C0#4,EVLA_KA#A0C0#5,EVLA_KA#A0C0#6,EVLA_KA#A0C0#7,EVLA_KA#B0D0#8,EVLA_KA#B0D0#9,EVLA_KA#B0D0#10,EVLA_KA#B0D0#11,EVLA_KA#B0D0#12,EVLA_KA#B0D0#13,EVLA_KA#B0D0#14,EVLA_KA#B0D0#15",55.85,J1638+5720
https://data.nrao.edu/portal/#/productViewer/22A-012.sb41313440.eb41838561.59735.21287396991,"128000000.0,128000000.0,128000000.0,128000000.0,128000000.0,128000000.0,128000000.0,128000000.0,128000000.0,128000000.0,128000000.0,128000000.0,128000000.0,128000000.0,128000000.0,128000000.0","35856600000.0,35984600000.0,36112600000.0,36240600000.0,36368600000.0,36496600000.0,36624600000.0,36752600000.0,31038700000.0,31166700000.0,31294700000.0,31422700000.0,31550700000.0,31678700000.0,31806700000.0,31934700000.0",A,3.66876E10,3.09737E10,EVLA,"64,64,64,64,64,64,64,64,64,64,64,64,64,64,64,64",22A-012.sb41313440.eb41838561.59735.21287396991,"RR, RL, LR, LL",22A-012,PUBLIC,58.77319999810172,256.69909999964614,"2000000.0,2000000.0,2000000.0,2000000.0,2000000.0,2000000.0,2000000.0,2000000.0,2000000.0,2000000.0,2000000.0,2000000.0,2000000.0,2000000.0,2000000.0,2000000.0","EVLA_KA#A0C0#0,EVLA_KA#A0C0#1,EVLA_KA#A0C0#2,EVLA_KA#A0C0#3,EVLA_KA#A0C0#4,EVLA_KA#A0C0#5,EVLA_KA#A0C0#6,EVLA_KA#A0C0#7,EVLA_KA#B0D0#8,EVLA_KA#B0D0#9,EVLA_KA#B0D0#10,EVLA_KA#B0D0#11,EVLA_KA#B0D0#12,EVLA_KA#B0D0#13,EVLA_KA#B0D0#14,EVLA_KA#B0D0#15",139.65,FLS3
https://data.nrao.edu/portal/#/productViewer/22A-012.sb41313533.eb41830474.59731.43815530093,"128000000.0,128000000.0,128000000.0,128000000.0,128000000.0,128000000.0,128000000.0,128000000.0,128000000.0,128000000.0,128000000.0,128000000.0,128000000.0,128000000.0,128000000.0,128000000.0","35856600000.0,35984600000.0,36112600000.0,36240600000.0,36368600000.0,36496600000.0,36624600000.0,36752600000.0,31038700000.0,31166700000.0,31294700000.0,31422700000.0,31550700000.0,31678700000.0,31806700000.0,31934700000.0",A,3.66876E10,3.09737E10,EVLA,"64,64,64,64,64,64,64,64,64,64,64,64,64,64,64,64",22A-012.sb41313533.eb41830474.59731.43815530093,"RR, RL, LR, LL",22A-012,PUBLIC,57.33999421922549,249.55606788936984,"2000000.0,2000000.0,2000000.0,2000000.0,2000000.0,2000000.0,2000000.0,2000000.0,2000000.0,2000000.0,2000000.0,2000000.0,2000000.0,2000000.0,2000000.0,2000000.0","EVLA_KA#A0C0#0,EVLA_KA#A0C0#1,EVLA_KA#A0C0#2,EVLA_KA#A0C0#3,EVLA_KA#A0C0#4,EVLA_KA#A0C0#5,EVLA_KA#A0C0#6,EVLA_KA#A0C0#7,EVLA_KA#B0D0#8,EVLA_KA#B0D0#9,EVLA_KA#B0D0#10,EVLA_KA#B0D0#11,EVLA_KA#B0D0#12,EVLA_KA#B0D0#13,EVLA_KA#B0D0#14,EVLA_KA#B0D0#15",57.1,J1638+5720
https://data.nrao.edu/portal/#/productViewer/22A-012.sb41313533.eb41830474.59731.43815530093,"128000000.0,128000000.0,128000000.0,128000000.0,128000000.0,128000000.0,128000000.0,128000000.0,128000000.0,128000000.0,128000000.0,128000000.0,128000000.0,128000000.0,128000000.0,128000000.0","35856600000.0,35984600000.0,36112600000.0,36240600000.0,36368600000.0,36496600000.0,36624600000.0,36752600000.0,31038700000.0,31166700000.0,31294700000.0,31422700000.0,31550700000.0,31678700000.0,31806700000.0,31934700000.0",A,3.66876E10,3.09737E10,EVLA,"64,64,64,64,64,64,64,64,64,64,64,64,64,64,64,64",22A-012.sb41313533.eb41830474.59731.43815530093,"RR, RL, LR, LL",22A-012,PUBLIC,58.77319999810172,256.69909999964614,"2000000.0,2000000.0,2000000.0,2000000.0,2000000.0,2000000.0,2000000.0,2000000.0,2000000.0,2000000.0,2000000.0,2000000.0,2000000.0,2000000.0,2000000.0,2000000.0","EVLA_KA#A0C0#0,EVLA_KA#A0C0#1,EVLA_KA#A0C0#2,EVLA_KA#A0C0#3,EVLA_KA#A0C0#4,EVLA_KA#A0C0#5,EVLA_KA#A0C0#6,EVLA_KA#A0C0#7,EVLA_KA#B0D0#8,EVLA_KA#B0D0#9,EVLA_KA#B0D0#10,EVLA_KA#B0D0#11,EVLA_KA#B0D0#12,EVLA_KA#B0D0#13,EVLA_KA#B0D0#14,EVLA_KA#B0D0#15",139.6,FLS3
https://data.nrao.edu/portal/#/productViewer/22B-033.sb42565683.eb42980311.59891.43080394676,"128000000.0,128000000.0,128000000.0,128000000.0,128000000.0,128000000.0,128000000.0,128000000.0,128000000.0,128000000.0,128000000.0,128000000.0,128000000.0,128000000.0,128000000.0,128000000.0,128000000.0,128000000.0,128000000.0,128000000.0,128000000.0,128000000.0,128000000.0,128000000.0,128000000.0,128000000.0,128000000.0,128000000.0,128000000.0,128000000.0,128000000.0,128000000.0,128000000.0,128000000.0,128000000.0,128000000.0,128000000.0,128000000.0,128000000.0,128000000.0,128000000.0,128000000.0,128000000.0,128000000.0,128000000.0,128000000.0,128000000.0,128000000.0,128000000.0,128000000.0,128000000.0,128000000.0,128000000.0,128000000.0,128000000.0,128000000.0,128000000.0,128000000.0,128000000.0,128000000.0,128000000.0,128000000.0,128000000.0,128000000.0","33041000000.0,33169000000.0,33297000000.0,33425000000.0,33553000000.0,33681000000.0,33809000000.0,33937000000.0,34065000000.0,34193000000.0,34321000000.0,34449000000.0,34577000000.0,34705000000.0,34833000000.0,34961000000.0,35041000000.0,35169000000.0,35297000000.0,35425000000.0,35553000000.0,35681000000.0,35809000000.0,35937000000.0,36065000000.0,36193000000.0,36321000000.0,36449000000.0,36577000000.0,36705000000.0,36833000000.0,36961000000.0,29041000000.0,29169000000.0,29297000000.0,29425000000.0,29553000000.0,29681000000.0,29809000000.0,29937000000.0,30065000000.0,30193000000.0,30321000000.0,30449000000.0,30577000000.0,30705000000.0,30833000000.0,30961000000.0,31041000000.0,31169000000.0,31297000000.0,31425000000.0,31553000000.0,31681000000.0,31809000000.0,31937000000.0,32065000000.0,32193000000.0,32321000000.0,32449000000.0,32577000000.0,32705000000.0,32833000000.0,32961000000.0",C,3.6896E10,2.8976E10,EVLA,"64,64,64,64,64,64,64,64,64,64,64,64,64,64,64,64,64,64,64,64,64,64,64,64,64,64,64,64,64,64,64,64,64,64,64,64,64,64,64,64,64,64,64,64,64,64,64,64,64,64,64,64,64,64,64,64,64,64,64,64,64,64,64,64",22B-033.sb42565683.eb42980311.59891.43080394676,"RR, RL, LR, LL",22B-033,PUBLIC,41.51169529027947,49.95066709068327,"2000000.0,2000000.0,2000000.0,2000000.0,2000000.0,2000000.0,2000000.0,2000000.0,2000000.0,2000000.0,2000000.0,2000000.0,2000000.0,2000000.0,2000000.0,2000000.0,2000000.0,2000000.0,2000000.0,2000000.0,2000000.0,2000000.0,2000000.0,2000000.0,2000000.0,2000000.0,2000000.0,2000000.0,2000000.0,2000000.0,2000000.0,2000000.0,2000000.0,2000000.0,2000000.0,2000000.0,2000000.0,2000000.0,2000000.0,2000000.0,2000000.0,2000000.0,2000000.0,2000000.0,2000000.0,2000000.0,2000000.0,2000000.0,2000000.0,2000000.0,2000000.0,2000000.0,2000000.0,2000000.0,2000000.0,2000000.0,2000000.0,2000000.0,2000000.0,2000000.0,2000000.0,2000000.0,2000000.0,2000000.0","EVLA_KA#A1C1#2,EVLA_KA#A1C1#3,EVLA_KA#A1C1#4,EVLA_KA#A1C1#5,EVLA_KA#A1C1#6,EVLA_KA#A1C1#7,EVLA_KA#A1C1#8,EVLA_KA#A1C1#9,EVLA_KA#A1C1#10,EVLA_KA#A1C1#11,EVLA_KA#A1C1#12,EVLA_KA#A1C1#13,EVLA_KA#A1C1#14,EVLA_KA#A1C1#15,EVLA_KA#A1C1#16,EVLA_KA#A1C1#17,EVLA_KA#A2C2#18,EVLA_KA#A2C2#19,EVLA_KA#A2C2#20,EVLA_KA#A2C2#21,EVLA_KA#A2C2#22,EVLA_KA#A2C2#23,EVLA_KA#A2C2#24,EVLA_KA#A2C2#25,EVLA_KA#A2C2#26,EVLA_KA#A2C2#27,EVLA_KA#A2C2#28,EVLA_KA#A2C2#29,EVLA_KA#A2C2#30,EVLA_KA#A2C2#31,EVLA_KA#A2C2#32,EVLA_KA#A2C2#33,EVLA_KA#B1D1#34,EVLA_KA#B1D1#35,EVLA_KA#B1D1#36,EVLA_KA#B1D1#37,EVLA_KA#B1D1#38,EVLA_KA#B1D1#39,EVLA_KA#B1D1#40,EVLA_KA#B1D1#41,EVLA_KA#B1D1#42,EVLA_KA#B1D1#43,EVLA_KA#B1D1#44,EVLA_KA#B1D1#45,EVLA_KA#B1D1#46,EVLA_KA#B1D1#47,EVLA_KA#B1D1#48,EVLA_KA#B1D1#49,EVLA_KA#B2D2#50,EVLA_KA#B2D2#51,EVLA_KA#B2D2#52,EVLA_KA#B2D2#53,EVLA_KA#B2D2#54,EVLA_KA#B2D2#55,EVLA_KA#B2D2#56,EVLA_KA#B2D2#57,EVLA_KA#B2D2#58,EVLA_KA#B2D2#59,EVLA_KA#B2D2#60,EVLA_KA#B2D2#61,EVLA_KA#B2D2#62,EVLA_KA#B2D2#63,EVLA_KA#B2D2#64,EVLA_KA#B2D2#65",59.8,J0319+4130
https://data.nrao.edu/portal/#/productViewer/22B-033.sb42565683.eb42980311.59891.43080394676,"128000000.0,128000000.0,128000000.0,128000000.0,128000000.0,128000000.0,128000000.0,128000000.0,128000000.0,128000000.0,128000000.0,128000000.0,128000000.0,128000000.0,128000000.0,128000000.0,128000000.0,128000000.0,128000000.0,128000000.0,128000000.0,128000000.0,128000000.0,128000000.0,128000000.0,128000000.0,128000000.0,128000000.0,128000000.0,128000000.0,128000000.0,128000000.0,128000000.0,128000000.0,128000000.0,128000000.0,128000000.0,128000000.0,128000000.0,128000000.0,128000000.0,128000000.0,128000000.0,128000000.0,128000000.0,128000000.0,128000000.0,128000000.0,128000000.0,128000000.0,128000000.0,128000000.0,128000000.0,128000000.0,128000000.0,128000000.0,128000000.0,128000000.0,128000000.0,128000000.0,128000000.0,128000000.0,128000000.0,128000000.0","33041000000.0,33169000000.0,33297000000.0,33425000000.0,33553000000.0,33681000000.0,33809000000.0,33937000000.0,34065000000.0,34193000000.0,34321000000.0,34449000000.0,34577000000.0,34705000000.0,34833000000.0,34961000000.0,35041000000.0,35169000000.0,35297000000.0,35425000000.0,35553000000.0,35681000000.0,35809000000.0,35937000000.0,36065000000.0,36193000000.0,36321000000.0,36449000000.0,36577000000.0,36705000000.0,36833000000.0,36961000000.0,29041000000.0,29169000000.0,29297000000.0,29425000000.0,29553000000.0,29681000000.0,29809000000.0,29937000000.0,30065000000.0,30193000000.0,30321000000.0,30449000000.0,30577000000.0,30705000000.0,30833000000.0,30961000000.0,31041000000.0,31169000000.0,31297000000.0,31425000000.0,31553000000.0,31681000000.0,31809000000.0,31937000000.0,32065000000.0,32193000000.0,32321000000.0,32449000000.0,32577000000.0,32705000000.0,32833000000.0,32961000000.0",C,3.6896E10,2.8976E10,EVLA,"64,64,64,64,64,64,64,64,64,64,64,64,64,64,64,64,64,64,64,64,64,64,64,64,64,64,64,64,64,64,64,64,64,64,64,64,64,64,64,64,64,64,64,64,64,64,64,64,64,64,64,64,64,64,64,64,64,64,64,64,64,64,64,64",22B-033.sb42565683.eb42980311.59891.43080394676,"RR, RL, LR, LL",22B-033,PUBLIC,20.626180555253168,67.76567500077874,"2000000.0,2000000.0,2000000.0,2000000.0,2000000.0,2000000.0,2000000.0,2000000.0,2000000.0,2000000.0,2000000.0,2000000.0,2000000.0,2000000.0,2000000.0,2000000.0,2000000.0,2000000.0,2000000.0,2000000.0,2000000.0,2000000.0,2000000.0,2000000.0,2000000.0,2000000.0,2000000.0,2000000.0,2000000.0,2000000.0,2000000.0,2000000.0,2000000.0,2000000.0,2000000.0,2000000.0,2000000.0,2000000.0,2000000.0,2000000.0,2000000.0,2000000.0,2000000.0,2000000.0,2000000.0,2000000.0,2000000.0,2000000.0,2000000.0,2000000.0,2000000.0,2000000.0,2000000.0,2000000.0,2000000.0,2000000.0,2000000.0,2000000.0,2000000.0,2000000.0,2000000.0,2000000.0,2000000.0,2000000.0","EVLA_KA#A1C1#2,EVLA_KA#A1C1#3,EVLA_KA#A1C1#4,EVLA_KA#A1C1#5,EVLA_KA#A1C1#6,EVLA_KA#A1C1#7,EVLA_KA#A1C1#8,EVLA_KA#A1C1#9,EVLA_KA#A1C1#10,EVLA_KA#A1C1#11,EVLA_KA#A1C1#12,EVLA_KA#A1C1#13,EVLA_KA#A1C1#14,EVLA_KA#A1C1#15,EVLA_KA#A1C1#16,EVLA_KA#A1C1#17,EVLA_KA#A2C2#18,EVLA_KA#A2C2#19,EVLA_KA#A2C2#20,EVLA_KA#A2C2#21,EVLA_KA#A2C2#22,EVLA_KA#A2C2#23,EVLA_KA#A2C2#24,EVLA_KA#A2C2#25,EVLA_KA#A2C2#26,EVLA_KA#A2C2#27,EVLA_KA#A2C2#28,EVLA_KA#A2C2#29,EVLA_KA#A2C2#30,EVLA_KA#A2C2#31,EVLA_KA#A2C2#32,EVLA_KA#A2C2#33,EVLA_KA#B1D1#34,EVLA_KA#B1D1#35,EVLA_KA#B1D1#36,EVLA_KA#B1D1#37,EVLA_KA#B1D1#38,EVLA_KA#B1D1#39,EVLA_KA#B1D1#40,EVLA_KA#B1D1#41,EVLA_KA#B1D1#42,EVLA_KA#B1D1#43,EVLA_KA#B1D1#44,EVLA_KA#B1D1#45,EVLA_KA#B1D1#46,EVLA_KA#B1D1#47,EVLA_KA#B1D1#48,EVLA_KA#B1D1#49,EVLA_KA#B2D2#50,EVLA_KA#B2D2#51,EVLA_KA#B2D2#52,EVLA_KA#B2D2#53,EVLA_KA#B2D2#54,EVLA_KA#B2D2#55,EVLA_KA#B2D2#56,EVLA_KA#B2D2#57,EVLA_KA#B2D2#58,EVLA_KA#B2D2#59,EVLA_KA#B2D2#60,EVLA_KA#B2D2#61,EVLA_KA#B2D2#62,EVLA_KA#B2D2#63,EVLA_KA#B2D2#64,EVLA_KA#B2D2#65",29.9,J0431+2037
https://data.nrao.edu/portal/#/productViewer/22B-033.sb42565683.eb42980311.59891.43080394676,"128000000.0,128000000.0,128000000.0,128000000.0,128000000.0,128000000.0,128000000.0,128000000.0,128000000.0,128000000.0,128000000.0,128000000.0,128000000.0,128000000.0,128000000.0,128000000.0,128000000.0,128000000.0,128000000.0,128000000.0,128000000.0,128000000.0,128000000.0,128000000.0,128000000.0,128000000.0,128000000.0,128000000.0,128000000.0,128000000.0,128000000.0,128000000.0,128000000.0,128000000.0,128000000.0,128000000.0,128000000.0,128000000.0,128000000.0,128000000.0,128000000.0,128000000.0,128000000.0,128000000.0,128000000.0,128000000.0,128000000.0,128000000.0,128000000.0,128000000.0,128000000.0,128000000.0,128000000.0,128000000.0,128000000.0,128000000.0,128000000.0,128000000.0,128000000.0,128000000.0,128000000.0,128000000.0,128000000.0,128000000.0","33041000000.0,33169000000.0,33297000000.0,33425000000.0,33553000000.0,33681000000.0,33809000000.0,33937000000.0,34065000000.0,34193000000.0,34321000000.0,34449000000.0,34577000000.0,34705000000.0,34833000000.0,34961000000.0,35041000000.0,35169000000.0,35297000000.0,35425000000.0,35553000000.0,35681000000.0,35809000000.0,35937000000.0,36065000000.0,36193000000.0,36321000000.0,36449000000.0,36577000000.0,36705000000.0,36833000000.0,36961000000.0,29041000000.0,29169000000.0,29297000000.0,29425000000.0,29553000000.0,29681000000.0,29809000000.0,29937000000.0,30065000000.0,30193000000.0,30321000000.0,30449000000.0,30577000000.0,30705000000.0,30833000000.0,30961000000.0,31041000000.0,31169000000.0,31297000000.0,31425000000.0,31553000000.0,31681000000.0,31809000000.0,31937000000.0,32065000000.0,32193000000.0,32321000000.0,32449000000.0,32577000000.0,32705000000.0,32833000000.0,32961000000.0",C,3.6896E10,2.8976E10,EVLA,"64,64,64,64,64,64,64,64,64,64,64,64,64,64,64,64,64,64,64,64,64,64,64,64,64,64,64,64,64,64,64,64,64,64,64,64,64,64,64,64,64,64,64,64,64,64,64,64,64,64,64,64,64,64,64,64,64,64,64,64,64,64,64,64",22B-033.sb42565683.eb42980311.59891.43080394676,"RR, RL, LR, LL",22B-033,PUBLIC,25.388702721487398,75.77751000212406,"2000000.0,2000000.0,2000000.0,2000000.0,2000000.0,2000000.0,2000000.0,2000000.0,2000000.0,2000000.0,2000000.0,2000000.0,2000000.0,2000000.0,2000000.0,2000000.0,2000000.0,2000000.0,2000000.0,2000000.0,2000000.0,2000000.0,2000000.0,2000000.0,2000000.0,2000000.0,2000000.0,2000000.0,2000000.0,2000000.0,2000000.0,2000000.0,2000000.0,2000000.0,2000000.0,2000000.0,2000000.0,2000000.0,2000000.0,2000000.0,2000000.0,2000000.0,2000000.0,2000000.0,2000000.0,2000000.0,2000000.0,2000000.0,2000000.0,2000000.0,2000000.0,2000000.0,2000000.0,2000000.0,2000000.0,2000000.0,2000000.0,2000000.0,2000000.0,2000000.0,2000000.0,2000000.0,2000000.0,2000000.0","EVLA_KA#A1C1#2,EVLA_KA#A1C1#3,EVLA_KA#A1C1#4,EVLA_KA#A1C1#5,EVLA_KA#A1C1#6,EVLA_KA#A1C1#7,EVLA_KA#A1C1#8,EVLA_KA#A1C1#9,EVLA_KA#A1C1#10,EVLA_KA#A1C1#11,EVLA_KA#A1C1#12,EVLA_KA#A1C1#13,EVLA_KA#A1C1#14,EVLA_KA#A1C1#15,EVLA_KA#A1C1#16,EVLA_KA#A1C1#17,EVLA_KA#A2C2#18,EVLA_KA#A2C2#19,EVLA_KA#A2C2#20,EVLA_KA#A2C2#21,EVLA_KA#A2C2#22,EVLA_KA#A2C2#23,EVLA_KA#A2C2#24,EVLA_KA#A2C2#25,EVLA_KA#A2C2#26,EVLA_KA#A2C2#27,EVLA_KA#A2C2#28,EVLA_KA#A2C2#29,EVLA_KA#A2C2#30,EVLA_KA#A2C2#31,EVLA_KA#A2C2#32,EVLA_KA#A2C2#33,EVLA_KA#B1D1#34,EVLA_KA#B1D1#35,EVLA_KA#B1D1#36,EVLA_KA#B1D1#37,EVLA_KA#B1D1#38,EVLA_KA#B1D1#39,EVLA_KA#B1D1#40,EVLA_KA#B1D1#41,EVLA_KA#B1D1#42,EVLA_KA#B1D1#43,EVLA_KA#B1D1#44,EVLA_KA#B1D1#45,EVLA_KA#B1D1#46,EVLA_KA#B1D1#47,EVLA_KA#B1D1#48,EVLA_KA#B1D1#49,EVLA_KA#B2D2#50,EVLA_KA#B2D2#51,EVLA_KA#B2D2#52,EVLA_KA#B2D2#53,EVLA_KA#B2D2#54,EVLA_KA#B2D2#55,EVLA_KA#B2D2#56,EVLA_KA#B2D2#57,EVLA_KA#B2D2#58,EVLA_KA#B2D2#59,EVLA_KA#B2D2#60,EVLA_KA#B2D2#61,EVLA_KA#B2D2#62,EVLA_KA#B2D2#63,EVLA_KA#B2D2#64,EVLA_KA#B2D2#65",129.65,V836_Tau
https://data.nrao.edu/portal/#/productViewer/22B-033.sb42565683.eb42980311.59891.43080394676,"128000000.0,128000000.0,128000000.0,128000000.0,128000000.0,128000000.0,128000000.0,128000000.0,128000000.0,128000000.0,128000000.0,128000000.0,128000000.0,128000000.0,128000000.0,128000000.0,128000000.0,128000000.0,128000000.0,128000000.0,128000000.0,128000000.0,128000000.0,128000000.0,128000000.0,128000000.0,128000000.0,128000000.0,128000000.0,128000000.0,128000000.0,128000000.0,128000000.0,128000000.0,128000000.0,128000000.0,128000000.0,128000000.0,128000000.0,128000000.0,128000000.0,128000000.0,128000000.0,128000000.0,128000000.0,128000000.0,128000000.0,128000000.0,128000000.0,128000000.0,128000000.0,128000000.0,128000000.0,128000000.0,128000000.0,128000000.0,128000000.0,128000000.0,128000000.0,128000000.0,128000000.0,128000000.0,128000000.0,128000000.0","33041000000.0,33169000000.0,33297000000.0,33425000000.0,33553000000.0,33681000000.0,33809000000.0,33937000000.0,34065000000.0,34193000000.0,34321000000.0,34449000000.0,34577000000.0,34705000000.0,34833000000.0,34961000000.0,35041000000.0,35169000000.0,35297000000.0,35425000000.0,35553000000.0,35681000000.0,35809000000.0,35937000000.0,36065000000.0,36193000000.0,36321000000.0,36449000000.0,36577000000.0,36705000000.0,36833000000.0,36961000000.0,29041000000.0,29169000000.0,29297000000.0,29425000000.0,29553000000.0,29681000000.0,29809000000.0,29937000000.0,30065000000.0,30193000000.0,30321000000.0,30449000000.0,30577000000.0,30705000000.0,30833000000.0,30961000000.0,31041000000.0,31169000000.0,31297000000.0,31425000000.0,31553000000.0,31681000000.0,31809000000.0,31937000000.0,32065000000.0,32193000000.0,32321000000.0,32449000000.0,32577000000.0,32705000000.0,32833000000.0,32961000000.0",C,3.6896E10,2.8976E10,EVLA,"64,64,64,64,64,64,64,64,64,64,64,64,64,64,64,64,64,64,64,64,64,64,64,64,64,64,64,64,64,64,64,64,64,64,64,64,64,64,64,64,64,64,64,64,64,64,64,64,64,64,64,64,64,64,64,64,64,64,64,64,64,64,64,64",22B-033.sb42565683.eb42980311.59891.43080394676,"RR, RL, LR, LL",22B-033,PUBLIC,30.079302498375,69.52063166382672,"2000000.0,2000000.0,2000000.0,2000000.0,2000000.0,2000000.0,2000000.0,2000000.0,2000000.0,2000000.0,2000000.0,2000000.0,2000000.0,2000000.0,2000000.0,2000000.0,2000000.0,2000000.0,2000000.0,2000000.0,2000000.0,2000000.0,2000000.0,2000000.0,2000000.0,2000000.0,2000000.0,2000000.0,2000000.0,2000000.0,2000000.0,2000000.0,2000000.0,2000000.0,2000000.0,2000000.0,2000000.0,2000000.0,2000000.0,2000000.0,2000000.0,2000000.0,2000000.0,2000000.0,2000000.0,2000000.0,2000000.0,2000000.0,2000000.0,2000000.0,2000000.0,2000000.0,2000000.0,2000000.0,2000000.0,2000000.0,2000000.0,2000000.0,2000000.0,2000000.0,2000000.0,2000000.0,2000000.0,2000000.0","EVLA_KA#A1C1#2,EVLA_KA#A1C1#3,EVLA_KA#A1C1#4,EVLA_KA#A1C1#5,EVLA_KA#A1C1#6,EVLA_KA#A1C1#7,EVLA_KA#A1C1#8,EVLA_KA#A1C1#9,EVLA_KA#A1C1#10,EVLA_KA#A1C1#11,EVLA_KA#A1C1#12,EVLA_KA#A1C1#13,EVLA_KA#A1C1#14,EVLA_KA#A1C1#15,EVLA_KA#A1C1#16,EVLA_KA#A1C1#17,EVLA_KA#A2C2#18,EVLA_KA#A2C2#19,EVLA_KA#A2C2#20,EVLA_KA#A2C2#21,EVLA_KA#A2C2#22,EVLA_KA#A2C2#23,EVLA_KA#A2C2#24,EVLA_KA#A2C2#25,EVLA_KA#A2C2#26,EVLA_KA#A2C2#27,EVLA_KA#A2C2#28,EVLA_KA#A2C2#29,EVLA_KA#A2C2#30,EVLA_KA#A2C2#31,EVLA_KA#A2C2#32,EVLA_KA#A2C2#33,EVLA_KA#B1D1#34,EVLA_KA#B1D1#35,EVLA_KA#B1D1#36,EVLA_KA#B1D1#37,EVLA_KA#B1D1#38,EVLA_KA#B1D1#39,EVLA_KA#B1D1#40,EVLA_KA#B1D1#41,EVLA_KA#B1D1#42,EVLA_KA#B1D1#43,EVLA_KA#B1D1#44,EVLA_KA#B1D1#45,EVLA_KA#B1D1#46,EVLA_KA#B1D1#47,EVLA_KA#B1D1#48,EVLA_KA#B1D1#49,EVLA_KA#B2D2#50,EVLA_KA#B2D2#51,EVLA_KA#B2D2#52,EVLA_KA#B2D2#53,EVLA_KA#B2D2#54,EVLA_KA#B2D2#55,EVLA_KA#B2D2#56,EVLA_KA#B2D2#57,EVLA_KA#B2D2#58,EVLA_KA#B2D2#59,EVLA_KA#B2D2#60,EVLA_KA#B2D2#61,EVLA_KA#B2D2#62,EVLA_KA#B2D2#63,EVLA_KA#B2D2#64,EVLA_KA#B2D2#65",29.9,J0438+3004
https://data.nrao.edu/portal/#/productViewer/22B-033.sb42565683.eb42980311.59891.43080394676,"128000000.0,128000000.0,128000000.0,128000000.0,128000000.0,128000000.0,128000000.0,128000000.0,128000000.0,128000000.0,128000000.0,128000000.0,128000000.0,128000000.0,128000000.0,128000000.0,128000000.0,128000000.0,128000000.0,128000000.0,128000000.0,128000000.0,128000000.0,128000000.0,128000000.0,128000000.0,128000000.0,128000000.0,128000000.0,128000000.0,128000000.0,128000000.0,128000000.0,128000000.0,128000000.0,128000000.0,128000000.0,128000000.0,128000000.0,128000000.0,128000000.0,128000000.0,128000000.0,128000000.0,128000000.0,128000000.0,128000000.0,128000000.0,128000000.0,128000000.0,128000000.0,128000000.0,128000000.0,128000000.0,128000000.0,128000000.0,128000000.0,128000000.0,128000000.0,128000000.0,128000000.0,128000000.0,128000000.0,128000000.0","33041000000.0,33169000000.0,33297000000.0,33425000000.0,33553000000.0,33681000000.0,33809000000.0,33937000000.0,34065000000.0,34193000000.0,34321000000.0,34449000000.0,34577000000.0,34705000000.0,34833000000.0,34961000000.0,35041000000.0,35169000000.0,35297000000.0,35425000000.0,35553000000.0,35681000000.0,35809000000.0,35937000000.0,36065000000.0,36193000000.0,36321000000.0,36449000000.0,36577000000.0,36705000000.0,36833000000.0,36961000000.0,29041000000.0,29169000000.0,29297000000.0,29425000000.0,29553000000.0,29681000000.0,29809000000.0,29937000000.0,30065000000.0,30193000000.0,30321000000.0,30449000000.0,30577000000.0,30705000000.0,30833000000.0,30961000000.0,31041000000.0,31169000000.0,31297000000.0,31425000000.0,31553000000.0,31681000000.0,31809000000.0,31937000000.0,32065000000.0,32193000000.0,32321000000.0,32449000000.0,32577000000.0,32705000000.0,32833000000.0,32961000000.0",C,3.6896E10,2.8976E10,EVLA,"64,64,64,64,64,64,64,64,64,64,64,64,64,64,64,64,64,64,64,64,64,64,64,64,64,64,64,64,64,64,64,64,64,64,64,64,64,64,64,64,64,64,64,64,64,64,64,64,64,64,64,64,64,64,64,64,64,64,64,64,64,64,64,64",22B-033.sb42565683.eb42980311.59891.43080394676,"RR, RL, LR, LL",22B-033,PUBLIC,29.419666834396715,71.9525070851262,"2000000.0,2000000.0,2000000.0,2000000.0,2000000.0,2000000.0,2000000.0,2000000.0,2000000.0,2000000.0,2000000.0,2000000.0,2000000.0,2000000.0,2000000.0,2000000.0,2000000.0,2000000.0,2000000.0,2000000.0,2000000.0,2000000.0,2000000.0,2000000.0,2000000.0,2000000.0,2000000.0,2000000.0,2000000.0,2000000.0,2000000.0,2000000.0,2000000.0,2000000.0,2000000.0,2000000.0,2000000.0,2000000.0,2000000.0,2000000.0,2000000.0,2000000.0,2000000.0,2000000.0,2000000.0,2000000.0,2000000.0,2000000.0,2000000.0,2000000.0,2000000.0,2000000.0,2000000.0,2000000.0,2000000.0,2000000.0,2000000.0,2000000.0,2000000.0,2000000.0,2000000.0,2000000.0,2000000.0,2000000.0","EVLA_KA#A1C1#2,EVLA_KA#A1C1#3,EVLA_KA#A1C1#4,EVLA_KA#A1C1#5,EVLA_KA#A1C1#6,EVLA_KA#A1C1#7,EVLA_KA#A1C1#8,EVLA_KA#A1C1#9,EVLA_KA#A1C1#10,EVLA_KA#A1C1#11,EVLA_KA#A1C1#12,EVLA_KA#A1C1#13,EVLA_KA#A1C1#14,EVLA_KA#A1C1#15,EVLA_KA#A1C1#16,EVLA_KA#A1C1#17,EVLA_KA#A2C2#18,EVLA_KA#A2C2#19,EVLA_KA#A2C2#20,EVLA_KA#A2C2#21,EVLA_KA#A2C2#22,EVLA_KA#A2C2#23,EVLA_KA#A2C2#24,EVLA_KA#A2C2#25,EVLA_KA#A2C2#26,EVLA_KA#A2C2#27,EVLA_KA#A2C2#28,EVLA_KA#A2C2#29,EVLA_KA#A2C2#30,EVLA_KA#A2C2#31,EVLA_KA#A2C2#32,EVLA_KA#A2C2#33,EVLA_KA#B1D1#34,EVLA_KA#B1D1#35,EVLA_KA#B1D1#36,EVLA_KA#B1D1#37,EVLA_KA#B1D1#38,EVLA_KA#B1D1#39,EVLA_KA#B1D1#40,EVLA_KA#B1D1#41,EVLA_KA#B1D1#42,EVLA_KA#B1D1#43,EVLA_KA#B1D1#44,EVLA_KA#B1D1#45,EVLA_KA#B1D1#46,EVLA_KA#B1D1#47,EVLA_KA#B1D1#48,EVLA_KA#B1D1#49,EVLA_KA#B2D2#50,EVLA_KA#B2D2#51,EVLA_KA#B2D2#52,EVLA_KA#B2D2#53,EVLA_KA#B2D2#54,EVLA_KA#B2D2#55,EVLA_KA#B2D2#56,EVLA_KA#B2D2#57,EVLA_KA#B2D2#58,EVLA_KA#B2D2#59,EVLA_KA#B2D2#60,EVLA_KA#B2D2#61,EVLA_KA#B2D2#62,EVLA_KA#B2D2#63,EVLA_KA#B2D2#64,EVLA_KA#B2D2#65",169.55,DS_Tau
https://data.nrao.edu/portal/#/productViewer/22B-033.sb42565683.eb42980311.59891.43080394676,"128000000.0,128000000.0,128000000.0,128000000.0,128000000.0,128000000.0,128000000.0,128000000.0,128000000.0,128000000.0,128000000.0,128000000.0,128000000.0,128000000.0,128000000.0,128000000.0,128000000.0,128000000.0,128000000.0,128000000.0,128000000.0,128000000.0,128000000.0,128000000.0,128000000.0,128000000.0,128000000.0,128000000.0,128000000.0,128000000.0,128000000.0,128000000.0,128000000.0,128000000.0,128000000.0,128000000.0,128000000.0,128000000.0,128000000.0,128000000.0,128000000.0,128000000.0,128000000.0,128000000.0,128000000.0,128000000.0,128000000.0,128000000.0,128000000.0,128000000.0,128000000.0,128000000.0,128000000.0,128000000.0,128000000.0,128000000.0,128000000.0,128000000.0,128000000.0,128000000.0,128000000.0,128000000.0,128000000.0,128000000.0","33041000000.0,33169000000.0,33297000000.0,33425000000.0,33553000000.0,33681000000.0,33809000000.0,33937000000.0,34065000000.0,34193000000.0,34321000000.0,34449000000.0,34577000000.0,34705000000.0,34833000000.0,34961000000.0,35041000000.0,35169000000.0,35297000000.0,35425000000.0,35553000000.0,35681000000.0,35809000000.0,35937000000.0,36065000000.0,36193000000.0,36321000000.0,36449000000.0,36577000000.0,36705000000.0,36833000000.0,36961000000.0,29041000000.0,29169000000.0,29297000000.0,29425000000.0,29553000000.0,29681000000.0,29809000000.0,29937000000.0,30065000000.0,30193000000.0,30321000000.0,30449000000.0,30577000000.0,30705000000.0,30833000000.0,30961000000.0,31041000000.0,31169000000.0,31297000000.0,31425000000.0,31553000000.0,31681000000.0,31809000000.0,31937000000.0,32065000000.0,32193000000.0,32321000000.0,32449000000.0,32577000000.0,32705000000.0,32833000000.0,32961000000.0",C,3.6896E10,2.8976E10,EVLA,"64,64,64,64,64,64,64,64,64,64,64,64,64,64,64,64,64,64,64,64,64,64,64,64,64,64,64,64,64,64,64,64,64,64,64,64,64,64,64,64,64,64,64,64,64,64,64,64,64,64,64,64,64,64,64,64,64,64,64,64,64,64,64,64",22B-033.sb42565683.eb42980311.59891.43080394676,"RR, RL, LR, LL",22B-033,PUBLIC,49.85200932178193,85.65057465185124,"2000000.0,2000000.0,2000000.0,2000000.0,2000000.0,2000000.0,2000000.0,2000000.0,2000000.0,2000000.0,2000000.0,2000000.0,2000000.0,2000000.0,2000000.0,2000000.0,2000000.0,2000000.0,2000000.0,2000000.0,2000000.0,2000000.0,2000000.0,2000000.0,2000000.0,2000000.0,2000000.0,2000000.0,2000000.0,2000000.0,2000000.0,2000000.0,2000000.0,2000000.0,2000000.0,2000000.0,2000000.0,2000000.0,2000000.0,2000000.0,2000000.0,2000000.0,2000000.0,2000000.0,2000000.0,2000000.0,2000000.0,2000000.0,2000000.0,2000000.0,2000000.0,2000000.0,2000000.0,2000000.0,2000000.0,2000000.0,2000000.0,2000000.0,2000000.0,2000000.0,2000000.0,2000000.0,2000000.0,2000000.0","EVLA_KA#A1C1#2,EVLA_KA#A1C1#3,EVLA_KA#A1C1#4,EVLA_KA#A1C1#5,EVLA_KA#A1C1#6,EVLA_KA#A1C1#7,EVLA_KA#A1C1#8,EVLA_KA#A1C1#9,EVLA_KA#A1C1#10,EVLA_KA#A1C1#11,EVLA_KA#A1C1#12,EVLA_KA#A1C1#13,EVLA_KA#A1C1#14,EVLA_KA#A1C1#15,EVLA_KA#A1C1#16,EVLA_KA#A1C1#17,EVLA_KA#A2C2#18,EVLA_KA#A2C2#19,EVLA_KA#A2C2#20,EVLA_KA#A2C2#21,EVLA_KA#A2C2#22,EVLA_KA#A2C2#23,EVLA_KA#A2C2#24,EVLA_KA#A2C2#25,EVLA_KA#A2C2#26,EVLA_KA#A2C2#27,EVLA_KA#A2C2#28,EVLA_KA#A2C2#29,EVLA_KA#A2C2#30,EVLA_KA#A2C2#31,EVLA_KA#A2C2#32,EVLA_KA#A2C2#33,EVLA_KA#B1D1#34,EVLA_KA#B1D1#35,EVLA_KA#B1D1#36,EVLA_KA#B1D1#37,EVLA_KA#B1D1#38,EVLA_KA#B1D1#39,EVLA_KA#B1D1#40,EVLA_KA#B1D1#41,EVLA_KA#B1D1#42,EVLA_KA#B1D1#43,EVLA_KA#B1D1#44,EVLA_KA#B1D1#45,EVLA_KA#B1D1#46,EVLA_KA#B1D1#47,EVLA_KA#B1D1#48,EVLA_KA#B1D1#49,EVLA_KA#B2D2#50,EVLA_KA#B2D2#51,EVLA_KA#B2D2#52,EVLA_KA#B2D2#53,EVLA_KA#B2D2#54,EVLA_KA#B2D2#55,EVLA_KA#B2D2#56,EVLA_KA#B2D2#57,EVLA_KA#B2D2#58,EVLA_KA#B2D2#59,EVLA_KA#B2D2#60,EVLA_KA#B2D2#61,EVLA_KA#B2D2#62,EVLA_KA#B2D2#63,EVLA_KA#B2D2#64,EVLA_KA#B2D2#65",29.9,3C147
https://data.nrao.edu/portal/#/productViewer/22B-034.sb42821657.eb43001728.59902.07725321759,"128000000.0,128000000.0,128000000.0,128000000.0,128000000.0,128000000.0,128000000.0,128000000.0,128000000.0,128000000.0,128000000.0,128000000.0,128000000.0,128000000.0,128000000.0,128000000.0,128000000.0,128000000.0,128000000.0,128000000.0,128000000.0,128000000.0,128000000.0,128000000.0,128000000.0,128000000.0,128000000.0,128000000.0,128000000.0,128000000.0,128000000.0,128000000.0,128000000.0,128000000.0,128000000.0,128000000.0,128000000.0,128000000.0,128000000.0,128000000.0,128000000.0,128000000.0,128000000.0,128000000.0,128000000.0,128000000.0,128000000.0,128000000.0,128000000.0,128000000.0,128000000.0,128000000.0,128000000.0,128000000.0,128000000.0,128000000.0,128000000.0,128000000.0,128000000.0,128000000.0,128000000.0,128000000.0","33041000000.0,33169000000.0,33297000000.0,33425000000.0,33553000000.0,33681000000.0,33809000000.0,33937000000.0,34065000000.0,34193000000.0,34321000000.0,34449000000.0,34577000000.0,34705000000.0,34833000000.0,34961000000.0,35041000000.0,35169000000.0,35297000000.0,35425000000.0,35553000000.0,35681000000.0,35809000000.0,35937000000.0,36065000000.0,36193000000.0,36321000000.0,36449000000.0,36577000000.0,36705000000.0,36833000000.0,30961000000.0,30833000000.0,30705000000.0,30577000000.0,30449000000.0,30321000000.0,30193000000.0,30065000000.0,29937000000.0,29809000000.0,29681000000.0,29553000000.0,29425000000.0,29297000000.0,29169000000.0,32961000000.0,32833000000.0,32705000000.0,32577000000.0,32449000000.0,32321000000.0,32193000000.0,32065000000.0,31937000000.0,31809000000.0,31681000000.0,31553000000.0,31425000000.0,31297000000.0,31169000000.0,31041000000.0",C,3.6768E10,2.9104E10,EVLA,"64,64,64,64,64,64,64,64,64,64,64,64,64,64,64,64,64,64,64,64,64,64,64,64,64,64,64,64,64,64,64,64,64,64,64,64,64,64,64,64,64,64,64,64,64,64,64,64,64,64,64,64,64,64,64,64,64,64,64,64,64,64",22B-034.sb42821657.eb43001728.59902.07725321759,"RR, RL, LR, LL",22B-034,PUBLIC,33.15975916513661,24.422080963402365,"2000000.0,2000000.0,2000000.0,2000000.0,2000000.0,2000000.0,2000000.0,2000000.0,2000000.0,2000000.0,2000000.0,2000000.0,2000000.0,2000000.0,2000000.0,2000000.0,2000000.0,2000000.0,2000000.0,2000000.0,2000000.0,2000000.0,2000000.0,2000000.0,2000000.0,2000000.0,2000000.0,2000000.0,2000000.0,2000000.0,2000000.0,2000000.0,2000000.0,2000000.0,2000000.0,2000000.0,2000000.0,2000000.0,2000000.0,2000000.0,2000000.0,2000000.0,2000000.0,2000000.0,2000000.0,2000000.0,2000000.0,2000000.0,2000000.0,2000000.0,2000000.0,2000000.0,2000000.0,2000000.0,2000000.0,2000000.0,2000000.0,2000000.0,2000000.0,2000000.0,2000000.0,2000000.0","EVLA_KA#A1C1#2,EVLA_KA#A1C1#3,EVLA_KA#A1C1#4,EVLA_KA#A1C1#5,EVLA_KA#A1C1#6,EVLA_KA#A1C1#7,EVLA_KA#A1C1#8,EVLA_KA#A1C1#9,EVLA_KA#A1C1#10,EVLA_KA#A1C1#11,EVLA_KA#A1C1#12,EVLA_KA#A1C1#13,EVLA_KA#A1C1#14,EVLA_KA#A1C1#15,EVLA_KA#A1C1#16,EVLA_KA#A1C1#17,EVLA_KA#A2C2#18,EVLA_KA#A2C2#19,EVLA_KA#A2C2#20,EVLA_KA#A2C2#21,EVLA_KA#A2C2#22,EVLA_KA#A2C2#23,EVLA_KA#A2C2#24,EVLA_KA#A2C2#25,EVLA_KA#A2C2#26,EVLA_KA#A2C2#27,EVLA_KA#A2C2#28,EVLA_KA#A2C2#29,EVLA_KA#A2C2#30,EVLA_KA#A2C2#31,EVLA_KA#A2C2#32,EVLA_KA#B1D1#33,EVLA_KA#B1D1#34,EVLA_KA#B1D1#35,EVLA_KA#B1D1#36,EVLA_KA#B1D1#37,EVLA_KA#B1D1#38,EVLA_KA#B1D1#39,EVLA_KA#B1D1#40,EVLA_KA#B1D1#41,EVLA_KA#B1D1#42,EVLA_KA#B1D1#43,EVLA_KA#B1D1#44,EVLA_KA#B1D1#45,EVLA_KA#B1D1#46,EVLA_KA#B1D1#47,EVLA_KA#B2D2#48,EVLA_KA#B2D2#49,EVLA_KA#B2D2#50,EVLA_KA#B2D2#51,EVLA_KA#B2D2#52,EVLA_KA#B2D2#53,EVLA_KA#B2D2#54,EVLA_KA#B2D2#55,EVLA_KA#B2D2#56,EVLA_KA#B2D2#57,EVLA_KA#B2D2#58,EVLA_KA#B2D2#59,EVLA_KA#B2D2#60,EVLA_KA#B2D2#61,EVLA_KA#B2D2#62,EVLA_KA#B2D2#63",179.5,0137+331=3C48
https://data.nrao.edu/portal/#/productViewer/22B-034.sb42821657.eb43001728.59902.07725321759,"128000000.0,128000000.0,128000000.0,128000000.0,128000000.0,128000000.0,128000000.0,128000000.0,128000000.0,128000000.0,128000000.0,128000000.0,128000000.0,128000000.0,128000000.0,128000000.0,128000000.0,128000000.0,128000000.0,128000000.0,128000000.0,128000000.0,128000000.0,128000000.0,128000000.0,128000000.0,128000000.0,128000000.0,128000000.0,128000000.0,128000000.0,128000000.0,128000000.0,128000000.0,128000000.0,128000000.0,128000000.0,128000000.0,128000000.0,128000000.0,128000000.0,128000000.0,128000000.0,128000000.0,128000000.0,128000000.0,128000000.0,128000000.0,128000000.0,128000000.0,128000000.0,128000000.0,128000000.0,128000000.0,128000000.0,128000000.0,128000000.0,128000000.0,128000000.0,128000000.0,128000000.0,128000000.0","33041000000.0,33169000000.0,33297000000.0,33425000000.0,33553000000.0,33681000000.0,33809000000.0,33937000000.0,34065000000.0,34193000000.0,34321000000.0,34449000000.0,34577000000.0,34705000000.0,34833000000.0,34961000000.0,35041000000.0,35169000000.0,35297000000.0,35425000000.0,35553000000.0,35681000000.0,35809000000.0,35937000000.0,36065000000.0,36193000000.0,36321000000.0,36449000000.0,36577000000.0,36705000000.0,36833000000.0,30961000000.0,30833000000.0,30705000000.0,30577000000.0,30449000000.0,30321000000.0,30193000000.0,30065000000.0,29937000000.0,29809000000.0,29681000000.0,29553000000.0,29425000000.0,29297000000.0,29169000000.0,32961000000.0,32833000000.0,32705000000.0,32577000000.0,32449000000.0,32321000000.0,32193000000.0,32065000000.0,31937000000.0,31809000000.0,31681000000.0,31553000000.0,31425000000.0,31297000000.0,31169000000.0,31041000000.0",C,3.6768E10,2.9104E10,EVLA,"64,64,64,64,64,64,64,64,64,64,64,64,64,64,64,64,64,64,64,64,64,64,64,64,64,64,64,64,64,64,64,64,64,64,64,64,64,64,64,64,64,64,64,64,64,64,64,64,64,64,64,64,64,64,64,64,64,64,64,64,64,64",22B-034.sb42821657.eb43001728.59902.07725321759,"RR, RL, LR, LL",22B-034,PUBLIC,-2.3824310428812483,33.92507185239818,"2000000.0,2000000.0,2000000.0,2000000.0,2000000.0,2000000.0,2000000.0,2000000.0,2000000.0,2000000.0,2000000.0,2000000.0,2000000.0,2000000.0,2000000.0,2000000.0,2000000.0,2000000.0,2000000.0,2000000.0,2000000.0,2000000.0,2000000.0,2000000.0,2000000.0,2000000.0,2000000.0,2000000.0,2000000.0,2000000.0,2000000.0,2000000.0,2000000.0,2000000.0,2000000.0,2000000.0,2000000.0,2000000.0,2000000.0,2000000.0,2000000.0,2000000.0,2000000.0,2000000.0,2000000.0,2000000.0,2000000.0,2000000.0,2000000.0,2000000.0,2000000.0,2000000.0,2000000.0,2000000.0,2000000.0,2000000.0,2000000.0,2000000.0,2000000.0,2000000.0,2000000.0,2000000.0","EVLA_KA#A1C1#2,EVLA_KA#A1C1#3,EVLA_KA#A1C1#4,EVLA_KA#A1C1#5,EVLA_KA#A1C1#6,EVLA_KA#A1C1#7,EVLA_KA#A1C1#8,EVLA_KA#A1C1#9,EVLA_KA#A1C1#10,EVLA_KA#A1C1#11,EVLA_KA#A1C1#12,EVLA_KA#A1C1#13,EVLA_KA#A1C1#14,EVLA_KA#A1C1#15,EVLA_KA#A1C1#16,EVLA_KA#A1C1#17,EVLA_KA#A2C2#18,EVLA_KA#A2C2#19,EVLA_KA#A2C2#20,EVLA_KA#A2C2#21,EVLA_KA#A2C2#22,EVLA_KA#A2C2#23,EVLA_KA#A2C2#24,EVLA_KA#A2C2#25,EVLA_KA#A2C2#26,EVLA_KA#A2C2#27,EVLA_KA#A2C2#28,EVLA_KA#A2C2#29,EVLA_KA#A2C2#30,EVLA_KA#A2C2#31,EVLA_KA#A2C2#32,EVLA_KA#B1D1#33,EVLA_KA#B1D1#34,EVLA_KA#B1D1#35,EVLA_KA#B1D1#36,EVLA_KA#B1D1#37,EVLA_KA#B1D1#38,EVLA_KA#B1D1#39,EVLA_KA#B1D1#40,EVLA_KA#B1D1#41,EVLA_KA#B1D1#42,EVLA_KA#B1D1#43,EVLA_KA#B1D1#44,EVLA_KA#B1D1#45,EVLA_KA#B1D1#46,EVLA_KA#B1D1#47,EVLA_KA#B2D2#48,EVLA_KA#B2D2#49,EVLA_KA#B2D2#50,EVLA_KA#B2D2#51,EVLA_KA#B2D2#52,EVLA_KA#B2D2#53,EVLA_KA#B2D2#54,EVLA_KA#B2D2#55,EVLA_KA#B2D2#56,EVLA_KA#B2D2#57,EVLA_KA#B2D2#58,EVLA_KA#B2D2#59,EVLA_KA#B2D2#60,EVLA_KA#B2D2#61,EVLA_KA#B2D2#62,EVLA_KA#B2D2#63",29.9,J0215-0222
https://data.nrao.edu/portal/#/productViewer/22B-034.sb42821657.eb43001728.59902.07725321759,"128000000.0,128000000.0,128000000.0,128000000.0,128000000.0,128000000.0,128000000.0,128000000.0,128000000.0,128000000.0,128000000.0,128000000.0,128000000.0,128000000.0,128000000.0,128000000.0,128000000.0,128000000.0,128000000.0,128000000.0,128000000.0,128000000.0,128000000.0,128000000.0,128000000.0,128000000.0,128000000.0,128000000.0,128000000.0,128000000.0,128000000.0,128000000.0,128000000.0,128000000.0,128000000.0,128000000.0,128000000.0,128000000.0,128000000.0,128000000.0,128000000.0,128000000.0,128000000.0,128000000.0,128000000.0,128000000.0,128000000.0,128000000.0,128000000.0,128000000.0,128000000.0,128000000.0,128000000.0,128000000.0,128000000.0,128000000.0,128000000.0,128000000.0,128000000.0,128000000.0,128000000.0,128000000.0","33041000000.0,33169000000.0,33297000000.0,33425000000.0,33553000000.0,33681000000.0,33809000000.0,33937000000.0,34065000000.0,34193000000.0,34321000000.0,34449000000.0,34577000000.0,34705000000.0,34833000000.0,34961000000.0,35041000000.0,35169000000.0,35297000000.0,35425000000.0,35553000000.0,35681000000.0,35809000000.0,35937000000.0,36065000000.0,36193000000.0,36321000000.0,36449000000.0,36577000000.0,36705000000.0,36833000000.0,30961000000.0,30833000000.0,30705000000.0,30577000000.0,30449000000.0,30321000000.0,30193000000.0,30065000000.0,29937000000.0,29809000000.0,29681000000.0,29553000000.0,29425000000.0,29297000000.0,29169000000.0,32961000000.0,32833000000.0,32705000000.0,32577000000.0,32449000000.0,32321000000.0,32193000000.0,32065000000.0,31937000000.0,31809000000.0,31681000000.0,31553000000.0,31425000000.0,31297000000.0,31169000000.0,31041000000.0",C,3.6768E10,2.9104E10,EVLA,"64,64,64,64,64,64,64,64,64,64,64,64,64,64,64,64,64,64,64,64,64,64,64,64,64,64,64,64,64,64,64,64,64,64,64,64,64,64,64,64,64,64,64,64,64,64,64,64,64,64,64,64,64,64,64,64,64,64,64,64,64,64",22B-034.sb42821657.eb43001728.59902.07725321759,"RR, RL, LR, LL",22B-034,PUBLIC,-2.0315833336021574,33.006083335952226,"2000000.0,2000000.0,2000000.0,2000000.0,2000000.0,2000000.0,2000000.0,2000000.0,2000000.0,2000000.0,2000000.0,2000000.0,2000000.0,2000000.0,2000000.0,2000000.0,2000000.0,2000000.0,2000000.0,2000000.0,2000000.0,2000000.0,2000000.0,2000000.0,2000000.0,2000000.0,2000000.0,2000000.0,2000000.0,2000000.0,2000000.0,2000000.0,2000000.0,2000000.0,2000000.0,2000000.0,2000000.0,2000000.0,2000000.0,2000000.0,2000000.0,2000000.0,2000000.0,2000000.0,2000000.0,2000000.0,2000000.0,2000000.0,2000000.0,2000000.0,2000000.0,2000000.0,2000000.0,2000000.0,2000000.0,2000000.0,2000000.0,2000000.0,2000000.0,2000000.0,2000000.0,2000000.0","EVLA_KA#A1C1#2,EVLA_KA#A1C1#3,EVLA_KA#A1C1#4,EVLA_KA#A1C1#5,EVLA_KA#A1C1#6,EVLA_KA#A1C1#7,EVLA_KA#A1C1#8,EVLA_KA#A1C1#9,EVLA_KA#A1C1#10,EVLA_KA#A1C1#11,EVLA_KA#A1C1#12,EVLA_KA#A1C1#13,EVLA_KA#A1C1#14,EVLA_KA#A1C1#15,EVLA_KA#A1C1#16,EVLA_KA#A1C1#17,EVLA_KA#A2C2#18,EVLA_KA#A2C2#19,EVLA_KA#A2C2#20,EVLA_KA#A2C2#21,EVLA_KA#A2C2#22,EVLA_KA#A2C2#23,EVLA_KA#A2C2#24,EVLA_KA#A2C2#25,EVLA_KA#A2C2#26,EVLA_KA#A2C2#27,EVLA_KA#A2C2#28,EVLA_KA#A2C2#29,EVLA_KA#A2C2#30,EVLA_KA#A2C2#31,EVLA_KA#A2C2#32,EVLA_KA#B1D1#33,EVLA_KA#B1D1#34,EVLA_KA#B1D1#35,EVLA_KA#B1D1#36,EVLA_KA#B1D1#37,EVLA_KA#B1D1#38,EVLA_KA#B1D1#39,EVLA_KA#B1D1#40,EVLA_KA#B1D1#41,EVLA_KA#B1D1#42,EVLA_KA#B1D1#43,EVLA_KA#B1D1#44,EVLA_KA#B1D1#45,EVLA_KA#B1D1#46,EVLA_KA#B1D1#47,EVLA_KA#B2D2#48,EVLA_KA#B2D2#49,EVLA_KA#B2D2#50,EVLA_KA#B2D2#51,EVLA_KA#B2D2#52,EVLA_KA#B2D2#53,EVLA_KA#B2D2#54,EVLA_KA#B2D2#55,EVLA_KA#B2D2#56,EVLA_KA#B2D2#57,EVLA_KA#B2D2#58,EVLA_KA#B2D2#59,EVLA_KA#B2D2#60,EVLA_KA#B2D2#61,EVLA_KA#B2D2#62,EVLA_KA#B2D2#63",119.65,J0212-0201
https://data.nrao.edu/portal/#/productViewer/22B-034.sb42821657.eb43001728.59902.07725321759,"128000000.0,128000000.0,128000000.0,128000000.0,128000000.0,128000000.0,128000000.0,128000000.0,128000000.0,128000000.0,128000000.0,128000000.0,128000000.0,128000000.0,128000000.0,128000000.0,128000000.0,128000000.0,128000000.0,128000000.0,128000000.0,128000000.0,128000000.0,128000000.0,128000000.0,128000000.0,128000000.0,128000000.0,128000000.0,128000000.0,128000000.0,128000000.0,128000000.0,128000000.0,128000000.0,128000000.0,128000000.0,128000000.0,128000000.0,128000000.0,128000000.0,128000000.0,128000000.0,128000000.0,128000000.0,128000000.0,128000000.0,128000000.0,128000000.0,128000000.0,128000000.0,128000000.0,128000000.0,128000000.0,128000000.0,128000000.0,128000000.0,128000000.0,128000000.0,128000000.0,128000000.0,128000000.0","33041000000.0,33169000000.0,33297000000.0,33425000000.0,33553000000.0,33681000000.0,33809000000.0,33937000000.0,34065000000.0,34193000000.0,34321000000.0,34449000000.0,34577000000.0,34705000000.0,34833000000.0,34961000000.0,35041000000.0,35169000000.0,35297000000.0,35425000000.0,35553000000.0,35681000000.0,35809000000.0,35937000000.0,36065000000.0,36193000000.0,36321000000.0,36449000000.0,36577000000.0,36705000000.0,36833000000.0,30961000000.0,30833000000.0,30705000000.0,30577000000.0,30449000000.0,30321000000.0,30193000000.0,30065000000.0,29937000000.0,29809000000.0,29681000000.0,29553000000.0,29425000000.0,29297000000.0,29169000000.0,32961000000.0,32833000000.0,32705000000.0,32577000000.0,32449000000.0,32321000000.0,32193000000.0,32065000000.0,31937000000.0,31809000000.0,31681000000.0,31553000000.0,31425000000.0,31297000000.0,31169000000.0,31041000000.0",C,3.6768E10,2.9104E10,EVLA,"64,64,64,64,64,64,64,64,64,64,64,64,64,64,64,64,64,64,64,64,64,64,64,64,64,64,64,64,64,64,64,64,64,64,64,64,64,64,64,64,64,64,64,64,64,64,64,64,64,64,64,64,64,64,64,64,64,64,64,64,64,64",22B-034.sb42821657.eb43001728.59902.07725321759,"RR, RL, LR, LL",22B-034,PUBLIC,-7.622166668437424,33.076333335979385,"2000000.0,2000000.0,2000000.0,2000000.0,2000000.0,2000000.0,2000000.0,2000000.0,2000000.0,2000000.0,2000000.0,2000000.0,2000000.0,2000000.0,2000000.0,2000000.0,2000000.0,2000000.0,2000000.0,2000000.0,2000000.0,2000000.0,2000000.0,2000000.0,2000000.0,2000000.0,2000000.0,2000000.0,2000000.0,2000000.0,2000000.0,2000000.0,2000000.0,2000000.0,2000000.0,2000000.0,2000000.0,2000000.0,2000000.0,2000000.0,2000000.0,2000000.0,2000000.0,2000000.0,2000000.0,2000000.0,2000000.0,2000000.0,2000000.0,2000000.0,2000000.0,2000000.0,2000000.0,2000000.0,2000000.0,2000000.0,2000000.0,2000000.0,2000000.0,2000000.0,2000000.0,2000000.0","EVLA_KA#A1C1#2,EVLA_KA#A1C1#3,EVLA_KA#A1C1#4,EVLA_KA#A1C1#5,EVLA_KA#A1C1#6,EVLA_KA#A1C1#7,EVLA_KA#A1C1#8,EVLA_KA#A1C1#9,EVLA_KA#A1C1#10,EVLA_KA#A1C1#11,EVLA_KA#A1C1#12,EVLA_KA#A1C1#13,EVLA_KA#A1C1#14,EVLA_KA#A1C1#15,EVLA_KA#A1C1#16,EVLA_KA#A1C1#17,EVLA_KA#A2C2#18,EVLA_KA#A2C2#19,EVLA_KA#A2C2#20,EVLA_KA#A2C2#21,EVLA_KA#A2C2#22,EVLA_KA#A2C2#23,EVLA_KA#A2C2#24,EVLA_KA#A2C2#25,EVLA_KA#A2C2#26,EVLA_KA#A2C2#27,EVLA_KA#A2C2#28,EVLA_KA#A2C2#29,EVLA_KA#A2C2#30,EVLA_KA#A2C2#31,EVLA_KA#A2C2#32,EVLA_KA#B1D1#33,EVLA_KA#B1D1#34,EVLA_KA#B1D1#35,EVLA_KA#B1D1#36,EVLA_KA#B1D1#37,EVLA_KA#B1D1#38,EVLA_KA#B1D1#39,EVLA_KA#B1D1#40,EVLA_KA#B1D1#41,EVLA_KA#B1D1#42,EVLA_KA#B1D1#43,EVLA_KA#B1D1#44,EVLA_KA#B1D1#45,EVLA_KA#B1D1#46,EVLA_KA#B1D1#47,EVLA_KA#B2D2#48,EVLA_KA#B2D2#49,EVLA_KA#B2D2#50,EVLA_KA#B2D2#51,EVLA_KA#B2D2#52,EVLA_KA#B2D2#53,EVLA_KA#B2D2#54,EVLA_KA#B2D2#55,EVLA_KA#B2D2#56,EVLA_KA#B2D2#57,EVLA_KA#B2D2#58,EVLA_KA#B2D2#59,EVLA_KA#B2D2#60,EVLA_KA#B2D2#61,EVLA_KA#B2D2#62,EVLA_KA#B2D2#63",119.7,J0212-0737
https://data.nrao.edu/portal/#/productViewer/22B-034.sb42821657.eb43001728.59902.07725321759,"128000000.0,128000000.0,128000000.0,128000000.0,128000000.0,128000000.0,128000000.0,128000000.0,128000000.0,128000000.0,128000000.0,128000000.0,128000000.0,128000000.0,128000000.0,128000000.0,128000000.0,128000000.0,128000000.0,128000000.0,128000000.0,128000000.0,128000000.0,128000000.0,128000000.0,128000000.0,128000000.0,128000000.0,128000000.0,128000000.0,128000000.0,128000000.0,128000000.0,128000000.0,128000000.0,128000000.0,128000000.0,128000000.0,128000000.0,128000000.0,128000000.0,128000000.0,128000000.0,128000000.0,128000000.0,128000000.0,128000000.0,128000000.0,128000000.0,128000000.0,128000000.0,128000000.0,128000000.0,128000000.0,128000000.0,128000000.0,128000000.0,128000000.0,128000000.0,128000000.0,128000000.0,128000000.0","33041000000.0,33169000000.0,33297000000.0,33425000000.0,33553000000.0,33681000000.0,33809000000.0,33937000000.0,34065000000.0,34193000000.0,34321000000.0,34449000000.0,34577000000.0,34705000000.0,34833000000.0,34961000000.0,35041000000.0,35169000000.0,35297000000.0,35425000000.0,35553000000.0,35681000000.0,35809000000.0,35937000000.0,36065000000.0,36193000000.0,36321000000.0,36449000000.0,36577000000.0,36705000000.0,36833000000.0,30961000000.0,30833000000.0,30705000000.0,30577000000.0,30449000000.0,30321000000.0,30193000000.0,30065000000.0,29937000000.0,29809000000.0,29681000000.0,29553000000.0,29425000000.0,29297000000.0,29169000000.0,32961000000.0,32833000000.0,32705000000.0,32577000000.0,32449000000.0,32321000000.0,32193000000.0,32065000000.0,31937000000.0,31809000000.0,31681000000.0,31553000000.0,31425000000.0,31297000000.0,31169000000.0,31041000000.0",C,3.6768E10,2.9104E10,EVLA,"64,64,64,64,64,64,64,64,64,64,64,64,64,64,64,64,64,64,64,64,64,64,64,64,64,64,64,64,64,64,64,64,64,64,64,64,64,64,64,64,64,64,64,64,64,64,64,64,64,64,64,64,64,64,64,64,64,64,64,64,64,64",22B-034.sb42821657.eb43001728.59902.07725321759,"RR, RL, LR, LL",22B-034,PUBLIC,-5.855916669202314,33.47979166866668,"2000000.0,2000000.0,2000000.0,2000000.0,2000000.0,2000000.0,2000000.0,2000000.0,2000000.0,2000000.0,2000000.0,2000000.0,2000000.0,2000000.0,2000000.0,2000000.0,2000000.0,2000000.0,2000000.0,2000000.0,2000000.0,2000000.0,2000000.0,2000000.0,2000000.0,2000000.0,2000000.0,2000000.0,2000000.0,2000000.0,2000000.0,2000000.0,2000000.0,2000000.0,2000000.0,2000000.0,2000000.0,2000000.0,2000000.0,2000000.0,2000000.0,2000000.0,2000000.0,2000000.0,2000000.0,2000000.0,2000000.0,2000000.0,2000000.0,2000000.0,2000000.0,2000000.0,2000000.0,2000000.0,2000000.0,2000000.0,2000000.0,2000000.0,2000000.0,2000000.0,2000000.0,2000000.0","EVLA_KA#A1C1#2,EVLA_KA#A1C1#3,EVLA_KA#A1C1#4,EVLA_KA#A1C1#5,EVLA_KA#A1C1#6,EVLA_KA#A1C1#7,EVLA_KA#A1C1#8,EVLA_KA#A1C1#9,EVLA_KA#A1C1#10,EVLA_KA#A1C1#11,EVLA_KA#A1C1#12,EVLA_KA#A1C1#13,EVLA_KA#A1C1#14,EVLA_KA#A1C1#15,EVLA_KA#A1C1#16,EVLA_KA#A1C1#17,EVLA_KA#A2C2#18,EVLA_KA#A2C2#19,EVLA_KA#A2C2#20,EVLA_KA#A2C2#21,EVLA_KA#A2C2#22,EVLA_KA#A2C2#23,EVLA_KA#A2C2#24,EVLA_KA#A2C2#25,EVLA_KA#A2C2#26,EVLA_KA#A2C2#27,EVLA_KA#A2C2#28,EVLA_KA#A2C2#29,EVLA_KA#A2C2#30,EVLA_KA#A2C2#31,EVLA_KA#A2C2#32,EVLA_KA#B1D1#33,EVLA_KA#B1D1#34,EVLA_KA#B1D1#35,EVLA_KA#B1D1#36,EVLA_KA#B1D1#37,EVLA_KA#B1D1#38,EVLA_KA#B1D1#39,EVLA_KA#B1D1#40,EVLA_KA#B1D1#41,EVLA_KA#B1D1#42,EVLA_KA#B1D1#43,EVLA_KA#B1D1#44,EVLA_KA#B1D1#45,EVLA_KA#B1D1#46,EVLA_KA#B1D1#47,EVLA_KA#B2D2#48,EVLA_KA#B2D2#49,EVLA_KA#B2D2#50,EVLA_KA#B2D2#51,EVLA_KA#B2D2#52,EVLA_KA#B2D2#53,EVLA_KA#B2D2#54,EVLA_KA#B2D2#55,EVLA_KA#B2D2#56,EVLA_KA#B2D2#57,EVLA_KA#B2D2#58,EVLA_KA#B2D2#59,EVLA_KA#B2D2#60,EVLA_KA#B2D2#61,EVLA_KA#B2D2#62,EVLA_KA#B2D2#63",119.7,J0213-0551
https://data.nrao.edu/portal/#/productViewer/22B-034.sb42821657.eb43001728.59902.07725321759,"128000000.0,128000000.0,128000000.0,128000000.0,128000000.0,128000000.0,128000000.0,128000000.0,128000000.0,128000000.0,128000000.0,128000000.0,128000000.0,128000000.0,128000000.0,128000000.0,128000000.0,128000000.0,128000000.0,128000000.0,128000000.0,128000000.0,128000000.0,128000000.0,128000000.0,128000000.0,128000000.0,128000000.0,128000000.0,128000000.0,128000000.0,128000000.0,128000000.0,128000000.0,128000000.0,128000000.0,128000000.0,128000000.0,128000000.0,128000000.0,128000000.0,128000000.0,128000000.0,128000000.0,128000000.0,128000000.0,128000000.0,128000000.0,128000000.0,128000000.0,128000000.0,128000000.0,128000000.0,128000000.0,128000000.0,128000000.0,128000000.0,128000000.0,128000000.0,128000000.0,128000000.0,128000000.0","33041000000.0,33169000000.0,33297000000.0,33425000000.0,33553000000.0,33681000000.0,33809000000.0,33937000000.0,34065000000.0,34193000000.0,34321000000.0,34449000000.0,34577000000.0,34705000000.0,34833000000.0,34961000000.0,35041000000.0,35169000000.0,35297000000.0,35425000000.0,35553000000.0,35681000000.0,35809000000.0,35937000000.0,36065000000.0,36193000000.0,36321000000.0,36449000000.0,36577000000.0,36705000000.0,36833000000.0,30961000000.0,30833000000.0,30705000000.0,30577000000.0,30449000000.0,30321000000.0,30193000000.0,30065000000.0,29937000000.0,29809000000.0,29681000000.0,29553000000.0,29425000000.0,29297000000.0,29169000000.0,32961000000.0,32833000000.0,32705000000.0,32577000000.0,32449000000.0,32321000000.0,32193000000.0,32065000000.0,31937000000.0,31809000000.0,31681000000.0,31553000000.0,31425000000.0,31297000000.0,31169000000.0,31041000000.0",C,3.6768E10,2.9104E10,EVLA,"64,64,64,64,64,64,64,64,64,64,64,64,64,64,64,64,64,64,64,64,64,64,64,64,64,64,64,64,64,64,64,64,64,64,64,64,64,64,64,64,64,64,64,64,64,64,64,64,64,64,64,64,64,64,64,64,64,64,64,64,64,64",22B-034.sb42821657.eb43001728.59902.07725321759,"RR, RL, LR, LL",22B-034,PUBLIC,-8.255764397196279,40.26999383049838,"2000000.0,2000000.0,2000000.0,2000000.0,2000000.0,2000000.0,2000000.0,2000000.0,2000000.0,2000000.0,2000000.0,2000000.0,2000000.0,2000000.0,2000000.0,2000000.0,2000000.0,2000000.0,2000000.0,2000000.0,2000000.0,2000000.0,2000000.0,2000000.0,2000000.0,2000000.0,2000000.0,2000000.0,2000000.0,2000000.0,2000000.0,2000000.0,2000000.0,2000000.0,2000000.0,2000000.0,2000000.0,2000000.0,2000000.0,2000000.0,2000000.0,2000000.0,2000000.0,2000000.0,2000000.0,2000000.0,2000000.0,2000000.0,2000000.0,2000000.0,2000000.0,2000000.0,2000000.0,2000000.0,2000000.0,2000000.0,2000000.0,2000000.0,2000000.0,2000000.0,2000000.0,2000000.0","EVLA_KA#A1C1#2,EVLA_KA#A1C1#3,EVLA_KA#A1C1#4,EVLA_KA#A1C1#5,EVLA_KA#A1C1#6,EVLA_KA#A1C1#7,EVLA_KA#A1C1#8,EVLA_KA#A1C1#9,EVLA_KA#A1C1#10,EVLA_KA#A1C1#11,EVLA_KA#A1C1#12,EVLA_KA#A1C1#13,EVLA_KA#A1C1#14,EVLA_KA#A1C1#15,EVLA_KA#A1C1#16,EVLA_KA#A1C1#17,EVLA_KA#A2C2#18,EVLA_KA#A2C2#19,EVLA_KA#A2C2#20,EVLA_KA#A2C2#21,EVLA_KA#A2C2#22,EVLA_KA#A2C2#23,EVLA_KA#A2C2#24,EVLA_KA#A2C2#25,EVLA_KA#A2C2#26,EVLA_KA#A2C2#27,EVLA_KA#A2C2#28,EVLA_KA#A2C2#29,EVLA_KA#A2C2#30,EVLA_KA#A2C2#31,EVLA_KA#A2C2#32,EVLA_KA#B1D1#33,EVLA_KA#B1D1#34,EVLA_KA#B1D1#35,EVLA_KA#B1D1#36,EVLA_KA#B1D1#37,EVLA_KA#B1D1#38,EVLA_KA#B1D1#39,EVLA_KA#B1D1#40,EVLA_KA#B1D1#41,EVLA_KA#B1D1#42,EVLA_KA#B1D1#43,EVLA_KA#B1D1#44,EVLA_KA#B1D1#45,EVLA_KA#B1D1#46,EVLA_KA#B1D1#47,EVLA_KA#B2D2#48,EVLA_KA#B2D2#49,EVLA_KA#B2D2#50,EVLA_KA#B2D2#51,EVLA_KA#B2D2#52,EVLA_KA#B2D2#53,EVLA_KA#B2D2#54,EVLA_KA#B2D2#55,EVLA_KA#B2D2#56,EVLA_KA#B2D2#57,EVLA_KA#B2D2#58,EVLA_KA#B2D2#59,EVLA_KA#B2D2#60,EVLA_KA#B2D2#61,EVLA_KA#B2D2#62,EVLA_KA#B2D2#63",29.95,J0241-0815
https://data.nrao.edu/portal/#/productViewer/22B-034.sb42821657.eb43001728.59902.07725321759,"128000000.0,128000000.0,128000000.0,128000000.0,128000000.0,128000000.0,128000000.0,128000000.0,128000000.0,128000000.0,128000000.0,128000000.0,128000000.0,128000000.0,128000000.0,128000000.0,128000000.0,128000000.0,128000000.0,128000000.0,128000000.0,128000000.0,128000000.0,128000000.0,128000000.0,128000000.0,128000000.0,128000000.0,128000000.0,128000000.0,128000000.0,128000000.0,128000000.0,128000000.0,128000000.0,128000000.0,128000000.0,128000000.0,128000000.0,128000000.0,128000000.0,128000000.0,128000000.0,128000000.0,128000000.0,128000000.0,128000000.0,128000000.0,128000000.0,128000000.0,128000000.0,128000000.0,128000000.0,128000000.0,128000000.0,128000000.0,128000000.0,128000000.0,128000000.0,128000000.0,128000000.0,128000000.0","33041000000.0,33169000000.0,33297000000.0,33425000000.0,33553000000.0,33681000000.0,33809000000.0,33937000000.0,34065000000.0,34193000000.0,34321000000.0,34449000000.0,34577000000.0,34705000000.0,34833000000.0,34961000000.0,35041000000.0,35169000000.0,35297000000.0,35425000000.0,35553000000.0,35681000000.0,35809000000.0,35937000000.0,36065000000.0,36193000000.0,36321000000.0,36449000000.0,36577000000.0,36705000000.0,36833000000.0,30961000000.0,30833000000.0,30705000000.0,30577000000.0,30449000000.0,30321000000.0,30193000000.0,30065000000.0,29937000000.0,29809000000.0,29681000000.0,29553000000.0,29425000000.0,29297000000.0,29169000000.0,32961000000.0,32833000000.0,32705000000.0,32577000000.0,32449000000.0,32321000000.0,32193000000.0,32065000000.0,31937000000.0,31809000000.0,31681000000.0,31553000000.0,31425000000.0,31297000000.0,31169000000.0,31041000000.0",C,3.6768E10,2.9104E10,EVLA,"64,64,64,64,64,64,64,64,64,64,64,64,64,64,64,64,64,64,64,64,64,64,64,64,64,64,64,64,64,64,64,64,64,64,64,64,64,64,64,64,64,64,64,64,64,64,64,64,64,64,64,64,64,64,64,64,64,64,64,64,64,64",22B-034.sb42821657.eb43001728.59902.07725321759,"RR, RL, LR, LL",22B-034,PUBLIC,-8.998111108293637,37.52299999851992,"2000000.0,2000000.0,2000000.0,2000000.0,2000000.0,2000000.0,2000000.0,2000000.0,2000000.0,2000000.0,2000000.0,2000000.0,2000000.0,2000000.0,2000000.0,2000000.0,2000000.0,2000000.0,2000000.0,2000000.0,2000000.0,2000000.0,2000000.0,2000000.0,2000000.0,2000000.0,2000000.0,2000000.0,2000000.0,2000000.0,2000000.0,2000000.0,2000000.0,2000000.0,2000000.0,2000000.0,2000000.0,2000000.0,2000000.0,2000000.0,2000000.0,2000000.0,2000000.0,2000000.0,2000000.0,2000000.0,2000000.0,2000000.0,2000000.0,2000000.0,2000000.0,2000000.0,2000000.0,2000000.0,2000000.0,2000000.0,2000000.0,2000000.0,2000000.0,2000000.0,2000000.0,2000000.0","EVLA_KA#A1C1#2,EVLA_KA#A1C1#3,EVLA_KA#A1C1#4,EVLA_KA#A1C1#5,EVLA_KA#A1C1#6,EVLA_KA#A1C1#7,EVLA_KA#A1C1#8,EVLA_KA#A1C1#9,EVLA_KA#A1C1#10,EVLA_KA#A1C1#11,EVLA_KA#A1C1#12,EVLA_KA#A1C1#13,EVLA_KA#A1C1#14,EVLA_KA#A1C1#15,EVLA_KA#A1C1#16,EVLA_KA#A1C1#17,EVLA_KA#A2C2#18,EVLA_KA#A2C2#19,EVLA_KA#A2C2#20,EVLA_KA#A2C2#21,EVLA_KA#A2C2#22,EVLA_KA#A2C2#23,EVLA_KA#A2C2#24,EVLA_KA#A2C2#25,EVLA_KA#A2C2#26,EVLA_KA#A2C2#27,EVLA_KA#A2C2#28,EVLA_KA#A2C2#29,EVLA_KA#A2C2#30,EVLA_KA#A2C2#31,EVLA_KA#A2C2#32,EVLA_KA#B1D1#33,EVLA_KA#B1D1#34,EVLA_KA#B1D1#35,EVLA_KA#B1D1#36,EVLA_KA#B1D1#37,EVLA_KA#B1D1#38,EVLA_KA#B1D1#39,EVLA_KA#B1D1#40,EVLA_KA#B1D1#41,EVLA_KA#B1D1#42,EVLA_KA#B1D1#43,EVLA_KA#B1D1#44,EVLA_KA#B1D1#45,EVLA_KA#B1D1#46,EVLA_KA#B1D1#47,EVLA_KA#B2D2#48,EVLA_KA#B2D2#49,EVLA_KA#B2D2#50,EVLA_KA#B2D2#51,EVLA_KA#B2D2#52,EVLA_KA#B2D2#53,EVLA_KA#B2D2#54,EVLA_KA#B2D2#55,EVLA_KA#B2D2#56,EVLA_KA#B2D2#57,EVLA_KA#B2D2#58,EVLA_KA#B2D2#59,EVLA_KA#B2D2#60,EVLA_KA#B2D2#61,EVLA_KA#B2D2#62,EVLA_KA#B2D2#63",119.7,J0230-0859
https://data.nrao.edu/portal/#/productViewer/22B-034.sb42821657.eb43001728.59902.07725321759,"128000000.0,128000000.0,128000000.0,128000000.0,128000000.0,128000000.0,128000000.0,128000000.0,128000000.0,128000000.0,128000000.0,128000000.0,128000000.0,128000000.0,128000000.0,128000000.0,128000000.0,128000000.0,128000000.0,128000000.0,128000000.0,128000000.0,128000000.0,128000000.0,128000000.0,128000000.0,128000000.0,128000000.0,128000000.0,128000000.0,128000000.0,128000000.0,128000000.0,128000000.0,128000000.0,128000000.0,128000000.0,128000000.0,128000000.0,128000000.0,128000000.0,128000000.0,128000000.0,128000000.0,128000000.0,128000000.0,128000000.0,128000000.0,128000000.0,128000000.0,128000000.0,128000000.0,128000000.0,128000000.0,128000000.0,128000000.0,128000000.0,128000000.0,128000000.0,128000000.0,128000000.0,128000000.0","33041000000.0,33169000000.0,33297000000.0,33425000000.0,33553000000.0,33681000000.0,33809000000.0,33937000000.0,34065000000.0,34193000000.0,34321000000.0,34449000000.0,34577000000.0,34705000000.0,34833000000.0,34961000000.0,35041000000.0,35169000000.0,35297000000.0,35425000000.0,35553000000.0,35681000000.0,35809000000.0,35937000000.0,36065000000.0,36193000000.0,36321000000.0,36449000000.0,36577000000.0,36705000000.0,36833000000.0,30961000000.0,30833000000.0,30705000000.0,30577000000.0,30449000000.0,30321000000.0,30193000000.0,30065000000.0,29937000000.0,29809000000.0,29681000000.0,29553000000.0,29425000000.0,29297000000.0,29169000000.0,32961000000.0,32833000000.0,32705000000.0,32577000000.0,32449000000.0,32321000000.0,32193000000.0,32065000000.0,31937000000.0,31809000000.0,31681000000.0,31553000000.0,31425000000.0,31297000000.0,31169000000.0,31041000000.0",C,3.6768E10,2.9104E10,EVLA,"64,64,64,64,64,64,64,64,64,64,64,64,64,64,64,64,64,64,64,64,64,64,64,64,64,64,64,64,64,64,64,64,64,64,64,64,64,64,64,64,64,64,64,64,64,64,64,64,64,64,64,64,64,64,64,64,64,64,64,64,64,64",22B-034.sb42821657.eb43001728.59902.07725321759,"RR, RL, LR, LL",22B-034,PUBLIC,-11.303583331028761,39.983916668020605,"2000000.0,2000000.0,2000000.0,2000000.0,2000000.0,2000000.0,2000000.0,2000000.0,2000000.0,2000000.0,2000000.0,2000000.0,2000000.0,2000000.0,2000000.0,2000000.0,2000000.0,2000000.0,2000000.0,2000000.0,2000000.0,2000000.0,2000000.0,2000000.0,2000000.0,2000000.0,2000000.0,2000000.0,2000000.0,2000000.0,2000000.0,2000000.0,2000000.0,2000000.0,2000000.0,2000000.0,2000000.0,2000000.0,2000000.0,2000000.0,2000000.0,2000000.0,2000000.0,2000000.0,2000000.0,2000000.0,2000000.0,2000000.0,2000000.0,2000000.0,2000000.0,2000000.0,2000000.0,2000000.0,2000000.0,2000000.0,2000000.0,2000000.0,2000000.0,2000000.0,2000000.0,2000000.0","EVLA_KA#A1C1#2,EVLA_KA#A1C1#3,EVLA_KA#A1C1#4,EVLA_KA#A1C1#5,EVLA_KA#A1C1#6,EVLA_KA#A1C1#7,EVLA_KA#A1C1#8,EVLA_KA#A1C1#9,EVLA_KA#A1C1#10,EVLA_KA#A1C1#11,EVLA_KA#A1C1#12,EVLA_KA#A1C1#13,EVLA_KA#A1C1#14,EVLA_KA#A1C1#15,EVLA_KA#A1C1#16,EVLA_KA#A1C1#17,EVLA_KA#A2C2#18,EVLA_KA#A2C2#19,EVLA_KA#A2C2#20,EVLA_KA#A2C2#21,EVLA_KA#A2C2#22,EVLA_KA#A2C2#23,EVLA_KA#A2C2#24,EVLA_KA#A2C2#25,EVLA_KA#A2C2#26,EVLA_KA#A2C2#27,EVLA_KA#A2C2#28,EVLA_KA#A2C2#29,EVLA_KA#A2C2#30,EVLA_KA#A2C2#31,EVLA_KA#A2C2#32,EVLA_KA#B1D1#33,EVLA_KA#B1D1#34,EVLA_KA#B1D1#35,EVLA_KA#B1D1#36,EVLA_KA#B1D1#37,EVLA_KA#B1D1#38,EVLA_KA#B1D1#39,EVLA_KA#B1D1#40,EVLA_KA#B1D1#41,EVLA_KA#B1D1#42,EVLA_KA#B1D1#43,EVLA_KA#B1D1#44,EVLA_KA#B1D1#45,EVLA_KA#B1D1#46,EVLA_KA#B1D1#47,EVLA_KA#B2D2#48,EVLA_KA#B2D2#49,EVLA_KA#B2D2#50,EVLA_KA#B2D2#51,EVLA_KA#B2D2#52,EVLA_KA#B2D2#53,EVLA_KA#B2D2#54,EVLA_KA#B2D2#55,EVLA_KA#B2D2#56,EVLA_KA#B2D2#57,EVLA_KA#B2D2#58,EVLA_KA#B2D2#59,EVLA_KA#B2D2#60,EVLA_KA#B2D2#61,EVLA_KA#B2D2#62,EVLA_KA#B2D2#63",119.65,J0239-1118
https://data.nrao.edu/portal/#/productViewer/22B-034.sb42821657.eb43001728.59902.07725321759,"128000000.0,128000000.0,128000000.0,128000000.0,128000000.0,128000000.0,128000000.0,128000000.0,128000000.0,128000000.0,128000000.0,128000000.0,128000000.0,128000000.0,128000000.0,128000000.0,128000000.0,128000000.0,128000000.0,128000000.0,128000000.0,128000000.0,128000000.0,128000000.0,128000000.0,128000000.0,128000000.0,128000000.0,128000000.0,128000000.0,128000000.0,128000000.0,128000000.0,128000000.0,128000000.0,128000000.0,128000000.0,128000000.0,128000000.0,128000000.0,128000000.0,128000000.0,128000000.0,128000000.0,128000000.0,128000000.0,128000000.0,128000000.0,128000000.0,128000000.0,128000000.0,128000000.0,128000000.0,128000000.0,128000000.0,128000000.0,128000000.0,128000000.0,128000000.0,128000000.0,128000000.0,128000000.0","33041000000.0,33169000000.0,33297000000.0,33425000000.0,33553000000.0,33681000000.0,33809000000.0,33937000000.0,34065000000.0,34193000000.0,34321000000.0,34449000000.0,34577000000.0,34705000000.0,34833000000.0,34961000000.0,35041000000.0,35169000000.0,35297000000.0,35425000000.0,35553000000.0,35681000000.0,35809000000.0,35937000000.0,36065000000.0,36193000000.0,36321000000.0,36449000000.0,36577000000.0,36705000000.0,36833000000.0,30961000000.0,30833000000.0,30705000000.0,30577000000.0,30449000000.0,30321000000.0,30193000000.0,30065000000.0,29937000000.0,29809000000.0,29681000000.0,29553000000.0,29425000000.0,29297000000.0,29169000000.0,32961000000.0,32833000000.0,32705000000.0,32577000000.0,32449000000.0,32321000000.0,32193000000.0,32065000000.0,31937000000.0,31809000000.0,31681000000.0,31553000000.0,31425000000.0,31297000000.0,31169000000.0,31041000000.0",C,3.6768E10,2.9104E10,EVLA,"64,64,64,64,64,64,64,64,64,64,64,64,64,64,64,64,64,64,64,64,64,64,64,64,64,64,64,64,64,64,64,64,64,64,64,64,64,64,64,64,64,64,64,64,64,64,64,64,64,64,64,64,64,64,64,64,64,64,64,64,64,64",22B-034.sb42821657.eb43001728.59902.07725321759,"RR, RL, LR, LL",22B-034,PUBLIC,-9.478798278947169,25.35763343760412,"2000000.0,2000000.0,2000000.0,2000000.0,2000000.0,2000000.0,2000000.0,2000000.0,2000000.0,2000000.0,2000000.0,2000000.0,2000000.0,2000000.0,2000000.0,2000000.0,2000000.0,2000000.0,2000000.0,2000000.0,2000000.0,2000000.0,2000000.0,2000000.0,2000000.0,2000000.0,2000000.0,2000000.0,2000000.0,2000000.0,2000000.0,2000000.0,2000000.0,2000000.0,2000000.0,2000000.0,2000000.0,2000000.0,2000000.0,2000000.0,2000000.0,2000000.0,2000000.0,2000000.0,2000000.0,2000000.0,2000000.0,2000000.0,2000000.0,2000000.0,2000000.0,2000000.0,2000000.0,2000000.0,2000000.0,2000000.0,2000000.0,2000000.0,2000000.0,2000000.0,2000000.0,2000000.0","EVLA_KA#A1C1#2,EVLA_KA#A1C1#3,EVLA_KA#A1C1#4,EVLA_KA#A1C1#5,EVLA_KA#A1C1#6,EVLA_KA#A1C1#7,EVLA_KA#A1C1#8,EVLA_KA#A1C1#9,EVLA_KA#A1C1#10,EVLA_KA#A1C1#11,EVLA_KA#A1C1#12,EVLA_KA#A1C1#13,EVLA_KA#A1C1#14,EVLA_KA#A1C1#15,EVLA_KA#A1C1#16,EVLA_KA#A1C1#17,EVLA_KA#A2C2#18,EVLA_KA#A2C2#19,EVLA_KA#A2C2#20,EVLA_KA#A2C2#21,EVLA_KA#A2C2#22,EVLA_KA#A2C2#23,EVLA_KA#A2C2#24,EVLA_KA#A2C2#25,EVLA_KA#A2C2#26,EVLA_KA#A2C2#27,EVLA_KA#A2C2#28,EVLA_KA#A2C2#29,EVLA_KA#A2C2#30,EVLA_KA#A2C2#31,EVLA_KA#A2C2#32,EVLA_KA#B1D1#33,EVLA_KA#B1D1#34,EVLA_KA#B1D1#35,EVLA_KA#B1D1#36,EVLA_KA#B1D1#37,EVLA_KA#B1D1#38,EVLA_KA#B1D1#39,EVLA_KA#B1D1#40,EVLA_KA#B1D1#41,EVLA_KA#B1D1#42,EVLA_KA#B1D1#43,EVLA_KA#B1D1#44,EVLA_KA#B1D1#45,EVLA_KA#B1D1#46,EVLA_KA#B1D1#47,EVLA_KA#B2D2#48,EVLA_KA#B2D2#49,EVLA_KA#B2D2#50,EVLA_KA#B2D2#51,EVLA_KA#B2D2#52,EVLA_KA#B2D2#53,EVLA_KA#B2D2#54,EVLA_KA#B2D2#55,EVLA_KA#B2D2#56,EVLA_KA#B2D2#57,EVLA_KA#B2D2#58,EVLA_KA#B2D2#59,EVLA_KA#B2D2#60,EVLA_KA#B2D2#61,EVLA_KA#B2D2#62,EVLA_KA#B2D2#63",29.95,J0141-0928
https://data.nrao.edu/portal/#/productViewer/22B-034.sb42821657.eb43001728.59902.07725321759,"128000000.0,128000000.0,128000000.0,128000000.0,128000000.0,128000000.0,128000000.0,128000000.0,128000000.0,128000000.0,128000000.0,128000000.0,128000000.0,128000000.0,128000000.0,128000000.0,128000000.0,128000000.0,128000000.0,128000000.0,128000000.0,128000000.0,128000000.0,128000000.0,128000000.0,128000000.0,128000000.0,128000000.0,128000000.0,128000000.0,128000000.0,128000000.0,128000000.0,128000000.0,128000000.0,128000000.0,128000000.0,128000000.0,128000000.0,128000000.0,128000000.0,128000000.0,128000000.0,128000000.0,128000000.0,128000000.0,128000000.0,128000000.0,128000000.0,128000000.0,128000000.0,128000000.0,128000000.0,128000000.0,128000000.0,128000000.0,128000000.0,128000000.0,128000000.0,128000000.0,128000000.0,128000000.0","33041000000.0,33169000000.0,33297000000.0,33425000000.0,33553000000.0,33681000000.0,33809000000.0,33937000000.0,34065000000.0,34193000000.0,34321000000.0,34449000000.0,34577000000.0,34705000000.0,34833000000.0,34961000000.0,35041000000.0,35169000000.0,35297000000.0,35425000000.0,35553000000.0,35681000000.0,35809000000.0,35937000000.0,36065000000.0,36193000000.0,36321000000.0,36449000000.0,36577000000.0,36705000000.0,36833000000.0,30961000000.0,30833000000.0,30705000000.0,30577000000.0,30449000000.0,30321000000.0,30193000000.0,30065000000.0,29937000000.0,29809000000.0,29681000000.0,29553000000.0,29425000000.0,29297000000.0,29169000000.0,32961000000.0,32833000000.0,32705000000.0,32577000000.0,32449000000.0,32321000000.0,32193000000.0,32065000000.0,31937000000.0,31809000000.0,31681000000.0,31553000000.0,31425000000.0,31297000000.0,31169000000.0,31041000000.0",C,3.6768E10,2.9104E10,EVLA,"64,64,64,64,64,64,64,64,64,64,64,64,64,64,64,64,64,64,64,64,64,64,64,64,64,64,64,64,64,64,64,64,64,64,64,64,64,64,64,64,64,64,64,64,64,64,64,64,64,64,64,64,64,64,64,64,64,64,64,64,64,64",22B-034.sb42821657.eb43001728.59902.07725321759,"RR, RL, LR, LL",22B-034,PUBLIC,-8.765250002267024,30.163124997672956,"2000000.0,2000000.0,2000000.0,2000000.0,2000000.0,2000000.0,2000000.0,2000000.0,2000000.0,2000000.0,2000000.0,2000000.0,2000000.0,2000000.0,2000000.0,2000000.0,2000000.0,2000000.0,2000000.0,2000000.0,2000000.0,2000000.0,2000000.0,2000000.0,2000000.0,2000000.0,2000000.0,2000000.0,2000000.0,2000000.0,2000000.0,2000000.0,2000000.0,2000000.0,2000000.0,2000000.0,2000000.0,2000000.0,2000000.0,2000000.0,2000000.0,2000000.0,2000000.0,2000000.0,2000000.0,2000000.0,2000000.0,2000000.0,2000000.0,2000000.0,2000000.0,2000000.0,2000000.0,2000000.0,2000000.0,2000000.0,2000000.0,2000000.0,2000000.0,2000000.0,2000000.0,2000000.0","EVLA_KA#A1C1#2,EVLA_KA#A1C1#3,EVLA_KA#A1C1#4,EVLA_KA#A1C1#5,EVLA_KA#A1C1#6,EVLA_KA#A1C1#7,EVLA_KA#A1C1#8,EVLA_KA#A1C1#9,EVLA_KA#A1C1#10,EVLA_KA#A1C1#11,EVLA_KA#A1C1#12,EVLA_KA#A1C1#13,EVLA_KA#A1C1#14,EVLA_KA#A1C1#15,EVLA_KA#A1C1#16,EVLA_KA#A1C1#17,EVLA_KA#A2C2#18,EVLA_KA#A2C2#19,EVLA_KA#A2C2#20,EVLA_KA#A2C2#21,EVLA_KA#A2C2#22,EVLA_KA#A2C2#23,EVLA_KA#A2C2#24,EVLA_KA#A2C2#25,EVLA_KA#A2C2#26,EVLA_KA#A2C2#27,EVLA_KA#A2C2#28,EVLA_KA#A2C2#29,EVLA_KA#A2C2#30,EVLA_KA#A2C2#31,EVLA_KA#A2C2#32,EVLA_KA#B1D1#33,EVLA_KA#B1D1#34,EVLA_KA#B1D1#35,EVLA_KA#B1D1#36,EVLA_KA#B1D1#37,EVLA_KA#B1D1#38,EVLA_KA#B1D1#39,EVLA_KA#B1D1#40,EVLA_KA#B1D1#41,EVLA_KA#B1D1#42,EVLA_KA#B1D1#43,EVLA_KA#B1D1#44,EVLA_KA#B1D1#45,EVLA_KA#B1D1#46,EVLA_KA#B1D1#47,EVLA_KA#B2D2#48,EVLA_KA#B2D2#49,EVLA_KA#B2D2#50,EVLA_KA#B2D2#51,EVLA_KA#B2D2#52,EVLA_KA#B2D2#53,EVLA_KA#B2D2#54,EVLA_KA#B2D2#55,EVLA_KA#B2D2#56,EVLA_KA#B2D2#57,EVLA_KA#B2D2#58,EVLA_KA#B2D2#59,EVLA_KA#B2D2#60,EVLA_KA#B2D2#61,EVLA_KA#B2D2#62,EVLA_KA#B2D2#63",119.7,J0200-0845
https://data.nrao.edu/portal/#/productViewer/22B-034.sb42821657.eb43001728.59902.07725321759,"128000000.0,128000000.0,128000000.0,128000000.0,128000000.0,128000000.0,128000000.0,128000000.0,128000000.0,128000000.0,128000000.0,128000000.0,128000000.0,128000000.0,128000000.0,128000000.0,128000000.0,128000000.0,128000000.0,128000000.0,128000000.0,128000000.0,128000000.0,128000000.0,128000000.0,128000000.0,128000000.0,128000000.0,128000000.0,128000000.0,128000000.0,128000000.0,128000000.0,128000000.0,128000000.0,128000000.0,128000000.0,128000000.0,128000000.0,128000000.0,128000000.0,128000000.0,128000000.0,128000000.0,128000000.0,128000000.0,128000000.0,128000000.0,128000000.0,128000000.0,128000000.0,128000000.0,128000000.0,128000000.0,128000000.0,128000000.0,128000000.0,128000000.0,128000000.0,128000000.0,128000000.0,128000000.0","33041000000.0,33169000000.0,33297000000.0,33425000000.0,33553000000.0,33681000000.0,33809000000.0,33937000000.0,34065000000.0,34193000000.0,34321000000.0,34449000000.0,34577000000.0,34705000000.0,34833000000.0,34961000000.0,35041000000.0,35169000000.0,35297000000.0,35425000000.0,35553000000.0,35681000000.0,35809000000.0,35937000000.0,36065000000.0,36193000000.0,36321000000.0,36449000000.0,36577000000.0,36705000000.0,36833000000.0,30961000000.0,30833000000.0,30705000000.0,30577000000.0,30449000000.0,30321000000.0,30193000000.0,30065000000.0,29937000000.0,29809000000.0,29681000000.0,29553000000.0,29425000000.0,29297000000.0,29169000000.0,32961000000.0,32833000000.0,32705000000.0,32577000000.0,32449000000.0,32321000000.0,32193000000.0,32065000000.0,31937000000.0,31809000000.0,31681000000.0,31553000000.0,31425000000.0,31297000000.0,31169000000.0,31041000000.0",C,3.6768E10,2.9104E10,EVLA,"64,64,64,64,64,64,64,64,64,64,64,64,64,64,64,64,64,64,64,64,64,64,64,64,64,64,64,64,64,64,64,64,64,64,64,64,64,64,64,64,64,64,64,64,64,64,64,64,64,64,64,64,64,64,64,64,64,64,64,64,64,64",22B-034.sb42821657.eb43001728.59902.07725321759,"RR, RL, LR, LL",22B-034,PUBLIC,-17.022177830373362,31.24030979123081,"2000000.0,2000000.0,2000000.0,2000000.0,2000000.0,2000000.0,2000000.0,2000000.0,2000000.0,2000000.0,2000000.0,2000000.0,2000000.0,2000000.0,2000000.0,2000000.0,2000000.0,2000000.0,2000000.0,2000000.0,2000000.0,2000000.0,2000000.0,2000000.0,2000000.0,2000000.0,2000000.0,2000000.0,2000000.0,2000000.0,2000000.0,2000000.0,2000000.0,2000000.0,2000000.0,2000000.0,2000000.0,2000000.0,2000000.0,2000000.0,2000000.0,2000000.0,2000000.0,2000000.0,2000000.0,2000000.0,2000000.0,2000000.0,2000000.0,2000000.0,2000000.0,2000000.0,2000000.0,2000000.0,2000000.0,2000000.0,2000000.0,2000000.0,2000000.0,2000000.0,2000000.0,2000000.0","EVLA_KA#A1C1#2,EVLA_KA#A1C1#3,EVLA_KA#A1C1#4,EVLA_KA#A1C1#5,EVLA_KA#A1C1#6,EVLA_KA#A1C1#7,EVLA_KA#A1C1#8,EVLA_KA#A1C1#9,EVLA_KA#A1C1#10,EVLA_KA#A1C1#11,EVLA_KA#A1C1#12,EVLA_KA#A1C1#13,EVLA_KA#A1C1#14,EVLA_KA#A1C1#15,EVLA_KA#A1C1#16,EVLA_KA#A1C1#17,EVLA_KA#A2C2#18,EVLA_KA#A2C2#19,EVLA_KA#A2C2#20,EVLA_KA#A2C2#21,EVLA_KA#A2C2#22,EVLA_KA#A2C2#23,EVLA_KA#A2C2#24,EVLA_KA#A2C2#25,EVLA_KA#A2C2#26,EVLA_KA#A2C2#27,EVLA_KA#A2C2#28,EVLA_KA#A2C2#29,EVLA_KA#A2C2#30,EVLA_KA#A2C2#31,EVLA_KA#A2C2#32,EVLA_KA#B1D1#33,EVLA_KA#B1D1#34,EVLA_KA#B1D1#35,EVLA_KA#B1D1#36,EVLA_KA#B1D1#37,EVLA_KA#B1D1#38,EVLA_KA#B1D1#39,EVLA_KA#B1D1#40,EVLA_KA#B1D1#41,EVLA_KA#B1D1#42,EVLA_KA#B1D1#43,EVLA_KA#B1D1#44,EVLA_KA#B1D1#45,EVLA_KA#B1D1#46,EVLA_KA#B1D1#47,EVLA_KA#B2D2#48,EVLA_KA#B2D2#49,EVLA_KA#B2D2#50,EVLA_KA#B2D2#51,EVLA_KA#B2D2#52,EVLA_KA#B2D2#53,EVLA_KA#B2D2#54,EVLA_KA#B2D2#55,EVLA_KA#B2D2#56,EVLA_KA#B2D2#57,EVLA_KA#B2D2#58,EVLA_KA#B2D2#59,EVLA_KA#B2D2#60,EVLA_KA#B2D2#61,EVLA_KA#B2D2#62,EVLA_KA#B2D2#63",29.9,J0204-1701
https://data.nrao.edu/portal/#/productViewer/22B-034.sb42821657.eb43001728.59902.07725321759,"128000000.0,128000000.0,128000000.0,128000000.0,128000000.0,128000000.0,128000000.0,128000000.0,128000000.0,128000000.0,128000000.0,128000000.0,128000000.0,128000000.0,128000000.0,128000000.0,128000000.0,128000000.0,128000000.0,128000000.0,128000000.0,128000000.0,128000000.0,128000000.0,128000000.0,128000000.0,128000000.0,128000000.0,128000000.0,128000000.0,128000000.0,128000000.0,128000000.0,128000000.0,128000000.0,128000000.0,128000000.0,128000000.0,128000000.0,128000000.0,128000000.0,128000000.0,128000000.0,128000000.0,128000000.0,128000000.0,128000000.0,128000000.0,128000000.0,128000000.0,128000000.0,128000000.0,128000000.0,128000000.0,128000000.0,128000000.0,128000000.0,128000000.0,128000000.0,128000000.0,128000000.0,128000000.0","33041000000.0,33169000000.0,33297000000.0,33425000000.0,33553000000.0,33681000000.0,33809000000.0,33937000000.0,34065000000.0,34193000000.0,34321000000.0,34449000000.0,34577000000.0,34705000000.0,34833000000.0,34961000000.0,35041000000.0,35169000000.0,35297000000.0,35425000000.0,35553000000.0,35681000000.0,35809000000.0,35937000000.0,36065000000.0,36193000000.0,36321000000.0,36449000000.0,36577000000.0,36705000000.0,36833000000.0,30961000000.0,30833000000.0,30705000000.0,30577000000.0,30449000000.0,30321000000.0,30193000000.0,30065000000.0,29937000000.0,29809000000.0,29681000000.0,29553000000.0,29425000000.0,29297000000.0,29169000000.0,32961000000.0,32833000000.0,32705000000.0,32577000000.0,32449000000.0,32321000000.0,32193000000.0,32065000000.0,31937000000.0,31809000000.0,31681000000.0,31553000000.0,31425000000.0,31297000000.0,31169000000.0,31041000000.0",C,3.6768E10,2.9104E10,EVLA,"64,64,64,64,64,64,64,64,64,64,64,64,64,64,64,64,64,64,64,64,64,64,64,64,64,64,64,64,64,64,64,64,64,64,64,64,64,64,64,64,64,64,64,64,64,64,64,64,64,64,64,64,64,64,64,64,64,64,64,64,64,64",22B-034.sb42821657.eb43001728.59902.07725321759,"RR, RL, LR, LL",22B-034,PUBLIC,-12.787972220425784,30.954291666324245,"2000000.0,2000000.0,2000000.0,2000000.0,2000000.0,2000000.0,2000000.0,2000000.0,2000000.0,2000000.0,2000000.0,2000000.0,2000000.0,2000000.0,2000000.0,2000000.0,2000000.0,2000000.0,2000000.0,2000000.0,2000000.0,2000000.0,2000000.0,2000000.0,2000000.0,2000000.0,2000000.0,2000000.0,2000000.0,2000000.0,2000000.0,2000000.0,2000000.0,2000000.0,2000000.0,2000000.0,2000000.0,2000000.0,2000000.0,2000000.0,2000000.0,2000000.0,2000000.0,2000000.0,2000000.0,2000000.0,2000000.0,2000000.0,2000000.0,2000000.0,2000000.0,2000000.0,2000000.0,2000000.0,2000000.0,2000000.0,2000000.0,2000000.0,2000000.0,2000000.0,2000000.0,2000000.0","EVLA_KA#A1C1#2,EVLA_KA#A1C1#3,EVLA_KA#A1C1#4,EVLA_KA#A1C1#5,EVLA_KA#A1C1#6,EVLA_KA#A1C1#7,EVLA_KA#A1C1#8,EVLA_KA#A1C1#9,EVLA_KA#A1C1#10,EVLA_KA#A1C1#11,EVLA_KA#A1C1#12,EVLA_KA#A1C1#13,EVLA_KA#A1C1#14,EVLA_KA#A1C1#15,EVLA_KA#A1C1#16,EVLA_KA#A1C1#17,EVLA_KA#A2C2#18,EVLA_KA#A2C2#19,EVLA_KA#A2C2#20,EVLA_KA#A2C2#21,EVLA_KA#A2C2#22,EVLA_KA#A2C2#23,EVLA_KA#A2C2#24,EVLA_KA#A2C2#25,EVLA_KA#A2C2#26,EVLA_KA#A2C2#27,EVLA_KA#A2C2#28,EVLA_KA#A2C2#29,EVLA_KA#A2C2#30,EVLA_KA#A2C2#31,EVLA_KA#A2C2#32,EVLA_KA#B1D1#33,EVLA_KA#B1D1#34,EVLA_KA#B1D1#35,EVLA_KA#B1D1#36,EVLA_KA#B1D1#37,EVLA_KA#B1D1#38,EVLA_KA#B1D1#39,EVLA_KA#B1D1#40,EVLA_KA#B1D1#41,EVLA_KA#B1D1#42,EVLA_KA#B1D1#43,EVLA_KA#B1D1#44,EVLA_KA#B1D1#45,EVLA_KA#B1D1#46,EVLA_KA#B1D1#47,EVLA_KA#B2D2#48,EVLA_KA#B2D2#49,EVLA_KA#B2D2#50,EVLA_KA#B2D2#51,EVLA_KA#B2D2#52,EVLA_KA#B2D2#53,EVLA_KA#B2D2#54,EVLA_KA#B2D2#55,EVLA_KA#B2D2#56,EVLA_KA#B2D2#57,EVLA_KA#B2D2#58,EVLA_KA#B2D2#59,EVLA_KA#B2D2#60,EVLA_KA#B2D2#61,EVLA_KA#B2D2#62,EVLA_KA#B2D2#63",119.7,J0203-1247
https://data.nrao.edu/portal/#/productViewer/22B-157.sb42942281.eb42946041.59872.23900994213,"128000000.0,128000000.0,128000000.0,128000000.0,128000000.0,128000000.0,128000000.0,128000000.0,128000000.0,128000000.0,128000000.0,128000000.0,128000000.0,128000000.0,128000000.0,128000000.0,128000000.0,128000000.0,128000000.0,128000000.0,128000000.0,128000000.0,128000000.0,128000000.0,128000000.0,128000000.0,128000000.0,128000000.0,128000000.0,128000000.0,128000000.0,128000000.0,128000000.0,128000000.0,128000000.0,128000000.0,128000000.0,128000000.0,128000000.0,128000000.0,128000000.0,128000000.0,128000000.0,128000000.0,128000000.0,128000000.0,128000000.0,128000000.0,128000000.0,128000000.0,128000000.0,128000000.0,128000000.0,128000000.0,128000000.0,128000000.0,128000000.0,128000000.0,128000000.0,128000000.0,128000000.0,128000000.0,128000000.0","36541000000.0,36669000000.0,36797000000.0,36925000000.0,37053000000.0,37181000000.0,37309000000.0,37437000000.0,37565000000.0,37693000000.0,37821000000.0,37949000000.0,38077000000.0,38205000000.0,38333000000.0,38461000000.0,34541000000.0,34669000000.0,34797000000.0,34925000000.0,35053000000.0,35181000000.0,35309000000.0,35437000000.0,35565000000.0,35693000000.0,35821000000.0,35949000000.0,36077000000.0,36205000000.0,36333000000.0,36461000000.0,34461000000.0,34333000000.0,34205000000.0,34077000000.0,33949000000.0,33821000000.0,33693000000.0,33565000000.0,33437000000.0,33309000000.0,33181000000.0,33053000000.0,32925000000.0,32797000000.0,32669000000.0,32541000000.0,32461000000.0,32333000000.0,32205000000.0,32077000000.0,31949000000.0,31821000000.0,31693000000.0,31565000000.0,31437000000.0,31309000000.0,31181000000.0,31053000000.0,30925000000.0,30797000000.0,30669000000.0",C,3.8396E10,3.0604E10,EVLA,"64,64,64,64,64,64,64,64,64,64,64,64,64,64,64,64,64,64,64,64,64,64,64,64,64,64,64,64,64,64,64,64,64,64,64,64,64,64,64,64,64,64,64,64,64,64,64,64,64,64,64,64,64,64,64,64,64,64,64,64,64,64,64",22B-157.sb42942281.eb42946041.59872.23900994213,"RR, RL, LR, LL",22B-157,PUBLIC,12.353876121289034,50.47126460485531,"2000000.0,2000000.0,2000000.0,2000000.0,2000000.0,2000000.0,2000000.0,2000000.0,2000000.0,2000000.0,2000000.0,2000000.0,2000000.0,2000000.0,2000000.0,2000000.0,2000000.0,2000000.0,2000000.0,2000000.0,2000000.0,2000000.0,2000000.0,2000000.0,2000000.0,2000000.0,2000000.0,2000000.0,2000000.0,2000000.0,2000000.0,2000000.0,2000000.0,2000000.0,2000000.0,2000000.0,2000000.0,2000000.0,2000000.0,2000000.0,2000000.0,2000000.0,2000000.0,2000000.0,2000000.0,2000000.0,2000000.0,2000000.0,2000000.0,2000000.0,2000000.0,2000000.0,2000000.0,2000000.0,2000000.0,2000000.0,2000000.0,2000000.0,2000000.0,2000000.0,2000000.0,2000000.0,2000000.0","EVLA_KA#A1C1#65,EVLA_KA#A1C1#66,EVLA_KA#A1C1#67,EVLA_KA#A1C1#68,EVLA_KA#A1C1#69,EVLA_KA#A1C1#70,EVLA_KA#A1C1#71,EVLA_KA#A1C1#72,EVLA_KA#A1C1#73,EVLA_KA#A1C1#74,EVLA_KA#A1C1#75,EVLA_KA#A1C1#76,EVLA_KA#A1C1#77,EVLA_KA#A1C1#78,EVLA_KA#A1C1#79,EVLA_KA#A1C1#80,EVLA_KA#A2C2#81,EVLA_KA#A2C2#82,EVLA_KA#A2C2#83,EVLA_KA#A2C2#84,EVLA_KA#A2C2#85,EVLA_KA#A2C2#86,EVLA_KA#A2C2#87,EVLA_KA#A2C2#88,EVLA_KA#A2C2#89,EVLA_KA#A2C2#90,EVLA_KA#A2C2#91,EVLA_KA#A2C2#92,EVLA_KA#A2C2#93,EVLA_KA#A2C2#94,EVLA_KA#A2C2#95,EVLA_KA#A2C2#96,EVLA_KA#B1D1#97,EVLA_KA#B1D1#98,EVLA_KA#B1D1#99,EVLA_KA#B1D1#100,EVLA_KA#B1D1#101,EVLA_KA#B1D1#102,EVLA_KA#B1D1#103,EVLA_KA#B1D1#104,EVLA_KA#B1D1#105,EVLA_KA#B1D1#106,EVLA_KA#B1D1#107,EVLA_KA#B1D1#108,EVLA_KA#B1D1#109,EVLA_KA#B1D1#110,EVLA_KA#B1D1#111,EVLA_KA#B1D1#112,EVLA_KA#B2D2#113,EVLA_KA#B2D2#114,EVLA_KA#B2D2#115,EVLA_KA#B2D2#116,EVLA_KA#B2D2#117,EVLA_KA#B2D2#118,EVLA_KA#B2D2#119,EVLA_KA#B2D2#120,EVLA_KA#B2D2#121,EVLA_KA#B2D2#122,EVLA_KA#B2D2#123,EVLA_KA#B2D2#124,EVLA_KA#B2D2#125,EVLA_KA#B2D2#126,EVLA_KA#B2D2#127",59.85,J0321+1221
https://data.nrao.edu/portal/#/productViewer/22B-157.sb42942281.eb42946041.59872.23900994213,"128000000.0,128000000.0,128000000.0,128000000.0,128000000.0,128000000.0,128000000.0,128000000.0,128000000.0,128000000.0,128000000.0,128000000.0,128000000.0,128000000.0,128000000.0,128000000.0,128000000.0,128000000.0,128000000.0,128000000.0,128000000.0,128000000.0,128000000.0,128000000.0,128000000.0,128000000.0,128000000.0,128000000.0,128000000.0,128000000.0,128000000.0,128000000.0,128000000.0,128000000.0,128000000.0,128000000.0,128000000.0,128000000.0,128000000.0,128000000.0,128000000.0,128000000.0,128000000.0,128000000.0,128000000.0,128000000.0,128000000.0,128000000.0,128000000.0,128000000.0,128000000.0,128000000.0,128000000.0,128000000.0,128000000.0,128000000.0,128000000.0,128000000.0,128000000.0,128000000.0,128000000.0,128000000.0,128000000.0","36541000000.0,36669000000.0,36797000000.0,36925000000.0,37053000000.0,37181000000.0,37309000000.0,37437000000.0,37565000000.0,37693000000.0,37821000000.0,37949000000.0,38077000000.0,38205000000.0,38333000000.0,38461000000.0,34541000000.0,34669000000.0,34797000000.0,34925000000.0,35053000000.0,35181000000.0,35309000000.0,35437000000.0,35565000000.0,35693000000.0,35821000000.0,35949000000.0,36077000000.0,36205000000.0,36333000000.0,36461000000.0,34461000000.0,34333000000.0,34205000000.0,34077000000.0,33949000000.0,33821000000.0,33693000000.0,33565000000.0,33437000000.0,33309000000.0,33181000000.0,33053000000.0,32925000000.0,32797000000.0,32669000000.0,32541000000.0,32461000000.0,32333000000.0,32205000000.0,32077000000.0,31949000000.0,31821000000.0,31693000000.0,31565000000.0,31437000000.0,31309000000.0,31181000000.0,31053000000.0,30925000000.0,30797000000.0,30669000000.0",C,3.8396E10,3.0604E10,EVLA,"64,64,64,64,64,64,64,64,64,64,64,64,64,64,64,64,64,64,64,64,64,64,64,64,64,64,64,64,64,64,64,64,64,64,64,64,64,64,64,64,64,64,64,64,64,64,64,64,64,64,64,64,64,64,64,64,64,64,64,64,64,64,64",22B-157.sb42942281.eb42946041.59872.23900994213,"RR, RL, LR, LL",22B-157,PUBLIC,8.748872221417171,50.045291666425236,"2000000.0,2000000.0,2000000.0,2000000.0,2000000.0,2000000.0,2000000.0,2000000.0,2000000.0,2000000.0,2000000.0,2000000.0,2000000.0,2000000.0,2000000.0,2000000.0,2000000.0,2000000.0,2000000.0,2000000.0,2000000.0,2000000.0,2000000.0,2000000.0,2000000.0,2000000.0,2000000.0,2000000.0,2000000.0,2000000.0,2000000.0,2000000.0,2000000.0,2000000.0,2000000.0,2000000.0,2000000.0,2000000.0,2000000.0,2000000.0,2000000.0,2000000.0,2000000.0,2000000.0,2000000.0,2000000.0,2000000.0,2000000.0,2000000.0,2000000.0,2000000.0,2000000.0,2000000.0,2000000.0,2000000.0,2000000.0,2000000.0,2000000.0,2000000.0,2000000.0,2000000.0,2000000.0,2000000.0","EVLA_KA#A1C1#65,EVLA_KA#A1C1#66,EVLA_KA#A1C1#67,EVLA_KA#A1C1#68,EVLA_KA#A1C1#69,EVLA_KA#A1C1#70,EVLA_KA#A1C1#71,EVLA_KA#A1C1#72,EVLA_KA#A1C1#73,EVLA_KA#A1C1#74,EVLA_KA#A1C1#75,EVLA_KA#A1C1#76,EVLA_KA#A1C1#77,EVLA_KA#A1C1#78,EVLA_KA#A1C1#79,EVLA_KA#A1C1#80,EVLA_KA#A2C2#81,EVLA_KA#A2C2#82,EVLA_KA#A2C2#83,EVLA_KA#A2C2#84,EVLA_KA#A2C2#85,EVLA_KA#A2C2#86,EVLA_KA#A2C2#87,EVLA_KA#A2C2#88,EVLA_KA#A2C2#89,EVLA_KA#A2C2#90,EVLA_KA#A2C2#91,EVLA_KA#A2C2#92,EVLA_KA#A2C2#93,EVLA_KA#A2C2#94,EVLA_KA#A2C2#95,EVLA_KA#A2C2#96,EVLA_KA#B1D1#97,EVLA_KA#B1D1#98,EVLA_KA#B1D1#99,EVLA_KA#B1D1#100,EVLA_KA#B1D1#101,EVLA_KA#B1D1#102,EVLA_KA#B1D1#103,EVLA_KA#B1D1#104,EVLA_KA#B1D1#105,EVLA_KA#B1D1#106,EVLA_KA#B1D1#107,EVLA_KA#B1D1#108,EVLA_KA#B1D1#109,EVLA_KA#B1D1#110,EVLA_KA#B1D1#111,EVLA_KA#B1D1#112,EVLA_KA#B2D2#113,EVLA_KA#B2D2#114,EVLA_KA#B2D2#115,EVLA_KA#B2D2#116,EVLA_KA#B2D2#117,EVLA_KA#B2D2#118,EVLA_KA#B2D2#119,EVLA_KA#B2D2#120,EVLA_KA#B2D2#121,EVLA_KA#B2D2#122,EVLA_KA#B2D2#123,EVLA_KA#B2D2#124,EVLA_KA#B2D2#125,EVLA_KA#B2D2#126,EVLA_KA#B2D2#127",257.3,AT2022tsd
https://data.nrao.edu/portal/#/productViewer/22B-157.sb42942281.eb42946041.59872.23900994213,"128000000.0,128000000.0,128000000.0,128000000.0,128000000.0,128000000.0,128000000.0,128000000.0,128000000.0,128000000.0,128000000.0,128000000.0,128000000.0,128000000.0,128000000.0,128000000.0,128000000.0,128000000.0,128000000.0,128000000.0,128000000.0,128000000.0,128000000.0,128000000.0,128000000.0,128000000.0,128000000.0,128000000.0,128000000.0,128000000.0,128000000.0,128000000.0,128000000.0,128000000.0,128000000.0,128000000.0,128000000.0,128000000.0,128000000.0,128000000.0,128000000.0,128000000.0,128000000.0,128000000.0,128000000.0,128000000.0,128000000.0,128000000.0,128000000.0,128000000.0,128000000.0,128000000.0,128000000.0,128000000.0,128000000.0,128000000.0,128000000.0,128000000.0,128000000.0,128000000.0,128000000.0,128000000.0,128000000.0","36541000000.0,36669000000.0,36797000000.0,36925000000.0,37053000000.0,37181000000.0,37309000000.0,37437000000.0,37565000000.0,37693000000.0,37821000000.0,37949000000.0,38077000000.0,38205000000.0,38333000000.0,38461000000.0,34541000000.0,34669000000.0,34797000000.0,34925000000.0,35053000000.0,35181000000.0,35309000000.0,35437000000.0,35565000000.0,35693000000.0,35821000000.0,35949000000.0,36077000000.0,36205000000.0,36333000000.0,36461000000.0,34461000000.0,34333000000.0,34205000000.0,34077000000.0,33949000000.0,33821000000.0,33693000000.0,33565000000.0,33437000000.0,33309000000.0,33181000000.0,33053000000.0,32925000000.0,32797000000.0,32669000000.0,32541000000.0,32461000000.0,32333000000.0,32205000000.0,32077000000.0,31949000000.0,31821000000.0,31693000000.0,31565000000.0,31437000000.0,31309000000.0,31181000000.0,31053000000.0,30925000000.0,30797000000.0,30669000000.0",C,3.8396E10,3.0604E10,EVLA,"64,64,64,64,64,64,64,64,64,64,64,64,64,64,64,64,64,64,64,64,64,64,64,64,64,64,64,64,64,64,64,64,64,64,64,64,64,64,64,64,64,64,64,64,64,64,64,64,64,64,64,64,64,64,64,64,64,64,64,64,64,64,64",22B-157.sb42942281.eb42946041.59872.23900994213,"RR, RL, LR, LL",22B-157,PUBLIC,49.85200932178193,85.65057465185124,"2000000.0,2000000.0,2000000.0,2000000.0,2000000.0,2000000.0,2000000.0,2000000.0,2000000.0,2000000.0,2000000.0,2000000.0,2000000.0,2000000.0,2000000.0,2000000.0,2000000.0,2000000.0,2000000.0,2000000.0,2000000.0,2000000.0,2000000.0,2000000.0,2000000.0,2000000.0,2000000.0,2000000.0,2000000.0,2000000.0,2000000.0,2000000.0,2000000.0,2000000.0,2000000.0,2000000.0,2000000.0,2000000.0,2000000.0,2000000.0,2000000.0,2000000.0,2000000.0,2000000.0,2000000.0,2000000.0,2000000.0,2000000.0,2000000.0,2000000.0,2000000.0,2000000.0,2000000.0,2000000.0,2000000.0,2000000.0,2000000.0,2000000.0,2000000.0,2000000.0,2000000.0,2000000.0,2000000.0","EVLA_KA#A1C1#65,EVLA_KA#A1C1#66,EVLA_KA#A1C1#67,EVLA_KA#A1C1#68,EVLA_KA#A1C1#69,EVLA_KA#A1C1#70,EVLA_KA#A1C1#71,EVLA_KA#A1C1#72,EVLA_KA#A1C1#73,EVLA_KA#A1C1#74,EVLA_KA#A1C1#75,EVLA_KA#A1C1#76,EVLA_KA#A1C1#77,EVLA_KA#A1C1#78,EVLA_KA#A1C1#79,EVLA_KA#A1C1#80,EVLA_KA#A2C2#81,EVLA_KA#A2C2#82,EVLA_KA#A2C2#83,EVLA_KA#A2C2#84,EVLA_KA#A2C2#85,EVLA_KA#A2C2#86,EVLA_KA#A2C2#87,EVLA_KA#A2C2#88,EVLA_KA#A2C2#89,EVLA_KA#A2C2#90,EVLA_KA#A2C2#91,EVLA_KA#A2C2#92,EVLA_KA#A2C2#93,EVLA_KA#A2C2#94,EVLA_KA#A2C2#95,EVLA_KA#A2C2#96,EVLA_KA#B1D1#97,EVLA_KA#B1D1#98,EVLA_KA#B1D1#99,EVLA_KA#B1D1#100,EVLA_KA#B1D1#101,EVLA_KA#B1D1#102,EVLA_KA#B1D1#103,EVLA_KA#B1D1#104,EVLA_KA#B1D1#105,EVLA_KA#B1D1#106,EVLA_KA#B1D1#107,EVLA_KA#B1D1#108,EVLA_KA#B1D1#109,EVLA_KA#B1D1#110,EVLA_KA#B1D1#111,EVLA_KA#B1D1#112,EVLA_KA#B2D2#113,EVLA_KA#B2D2#114,EVLA_KA#B2D2#115,EVLA_KA#B2D2#116,EVLA_KA#B2D2#117,EVLA_KA#B2D2#118,EVLA_KA#B2D2#119,EVLA_KA#B2D2#120,EVLA_KA#B2D2#121,EVLA_KA#B2D2#122,EVLA_KA#B2D2#123,EVLA_KA#B2D2#124,EVLA_KA#B2D2#125,EVLA_KA#B2D2#126,EVLA_KA#B2D2#127",29.95,0542+498=3C147
https://data.nrao.edu/portal/#/productViewer/22B-157.sb42831555.eb42897171.59862.33521892361,"128000000.0,128000000.0,128000000.0,128000000.0,128000000.0,128000000.0,128000000.0,128000000.0,128000000.0,128000000.0,128000000.0,128000000.0,128000000.0,128000000.0,128000000.0,128000000.0,128000000.0,128000000.0,128000000.0,128000000.0,128000000.0,128000000.0,128000000.0,128000000.0,128000000.0,128000000.0,128000000.0,128000000.0,128000000.0,128000000.0,128000000.0,128000000.0,128000000.0,128000000.0,128000000.0,128000000.0,128000000.0,128000000.0,128000000.0,128000000.0,128000000.0,128000000.0,128000000.0,128000000.0,128000000.0,128000000.0,128000000.0,128000000.0,128000000.0,128000000.0,128000000.0,128000000.0,128000000.0,128000000.0,128000000.0,128000000.0,128000000.0,128000000.0,128000000.0,128000000.0,128000000.0,128000000.0,128000000.0,128000000.0","36541000000.0,36669000000.0,36797000000.0,36925000000.0,37053000000.0,37181000000.0,37309000000.0,37437000000.0,37565000000.0,37693000000.0,37821000000.0,37949000000.0,38077000000.0,38205000000.0,38333000000.0,38461000000.0,34541000000.0,34669000000.0,34797000000.0,34925000000.0,35053000000.0,35181000000.0,35309000000.0,35437000000.0,35565000000.0,35693000000.0,35821000000.0,35949000000.0,36077000000.0,36205000000.0,36333000000.0,36461000000.0,32541000000.0,32669000000.0,32797000000.0,32925000000.0,33053000000.0,33181000000.0,33309000000.0,33437000000.0,33565000000.0,33693000000.0,33821000000.0,33949000000.0,34077000000.0,34205000000.0,34333000000.0,34461000000.0,30541000000.0,30669000000.0,30797000000.0,30925000000.0,31053000000.0,31181000000.0,31309000000.0,31437000000.0,31565000000.0,31693000000.0,31821000000.0,31949000000.0,32077000000.0,32205000000.0,32333000000.0,32461000000.0",C,3.8396E10,3.0476E10,EVLA,"64,64,64,64,64,64,64,64,64,64,64,64,64,64,64,64,64,64,64,64,64,64,64,64,64,64,64,64,64,64,64,64,64,64,64,64,64,64,64,64,64,64,64,64,64,64,64,64,64,64,64,64,64,64,64,64,64,64,64,64,64,64,64,64",22B-157.sb42831555.eb42897171.59862.33521892361,"RR, RL, LR, LL",22B-157,PUBLIC,12.353876121289034,50.47126460485531,"2000000.0,2000000.0,2000000.0,2000000.0,2000000.0,2000000.0,2000000.0,2000000.0,2000000.0,2000000.0,2000000.0,2000000.0,2000000.0,2000000.0,2000000.0,2000000.0,2000000.0,2000000.0,2000000.0,2000000.0,2000000.0,2000000.0,2000000.0,2000000.0,2000000.0,2000000.0,2000000.0,2000000.0,2000000.0,2000000.0,2000000.0,2000000.0,2000000.0,2000000.0,2000000.0,2000000.0,2000000.0,2000000.0,2000000.0,2000000.0,2000000.0,2000000.0,2000000.0,2000000.0,2000000.0,2000000.0,2000000.0,2000000.0,2000000.0,2000000.0,2000000.0,2000000.0,2000000.0,2000000.0,2000000.0,2000000.0,2000000.0,2000000.0,2000000.0,2000000.0,2000000.0,2000000.0,2000000.0,2000000.0","EVLA_KA#A1C1#66,EVLA_KA#A1C1#67,EVLA_KA#A1C1#68,EVLA_KA#A1C1#69,EVLA_KA#A1C1#70,EVLA_KA#A1C1#71,EVLA_KA#A1C1#72,EVLA_KA#A1C1#73,EVLA_KA#A1C1#74,EVLA_KA#A1C1#75,EVLA_KA#A1C1#76,EVLA_KA#A1C1#77,EVLA_KA#A1C1#78,EVLA_KA#A1C1#79,EVLA_KA#A1C1#80,EVLA_KA#A1C1#81,EVLA_KA#A2C2#82,EVLA_KA#A2C2#83,EVLA_KA#A2C2#84,EVLA_KA#A2C2#85,EVLA_KA#A2C2#86,EVLA_KA#A2C2#87,EVLA_KA#A2C2#88,EVLA_KA#A2C2#89,EVLA_KA#A2C2#90,EVLA_KA#A2C2#91,EVLA_KA#A2C2#92,EVLA_KA#A2C2#93,EVLA_KA#A2C2#94,EVLA_KA#A2C2#95,EVLA_KA#A2C2#96,EVLA_KA#A2C2#97,EVLA_KA#B1D1#98,EVLA_KA#B1D1#99,EVLA_KA#B1D1#100,EVLA_KA#B1D1#101,EVLA_KA#B1D1#102,EVLA_KA#B1D1#103,EVLA_KA#B1D1#104,EVLA_KA#B1D1#105,EVLA_KA#B1D1#106,EVLA_KA#B1D1#107,EVLA_KA#B1D1#108,EVLA_KA#B1D1#109,EVLA_KA#B1D1#110,EVLA_KA#B1D1#111,EVLA_KA#B1D1#112,EVLA_KA#B1D1#113,EVLA_KA#B2D2#114,EVLA_KA#B2D2#115,EVLA_KA#B2D2#116,EVLA_KA#B2D2#117,EVLA_KA#B2D2#118,EVLA_KA#B2D2#119,EVLA_KA#B2D2#120,EVLA_KA#B2D2#121,EVLA_KA#B2D2#122,EVLA_KA#B2D2#123,EVLA_KA#B2D2#124,EVLA_KA#B2D2#125,EVLA_KA#B2D2#126,EVLA_KA#B2D2#127,EVLA_KA#B2D2#128,EVLA_KA#B2D2#129",59.8,J0321+1221
https://data.nrao.edu/portal/#/productViewer/22B-157.sb42831555.eb42897171.59862.33521892361,"128000000.0,128000000.0,128000000.0,128000000.0,128000000.0,128000000.0,128000000.0,128000000.0,128000000.0,128000000.0,128000000.0,128000000.0,128000000.0,128000000.0,128000000.0,128000000.0,128000000.0,128000000.0,128000000.0,128000000.0,128000000.0,128000000.0,128000000.0,128000000.0,128000000.0,128000000.0,128000000.0,128000000.0,128000000.0,128000000.0,128000000.0,128000000.0,128000000.0,128000000.0,128000000.0,128000000.0,128000000.0,128000000.0,128000000.0,128000000.0,128000000.0,128000000.0,128000000.0,128000000.0,128000000.0,128000000.0,128000000.0,128000000.0,128000000.0,128000000.0,128000000.0,128000000.0,128000000.0,128000000.0,128000000.0,128000000.0,128000000.0,128000000.0,128000000.0,128000000.0,128000000.0,128000000.0,128000000.0,128000000.0","36541000000.0,36669000000.0,36797000000.0,36925000000.0,37053000000.0,37181000000.0,37309000000.0,37437000000.0,37565000000.0,37693000000.0,37821000000.0,37949000000.0,38077000000.0,38205000000.0,38333000000.0,38461000000.0,34541000000.0,34669000000.0,34797000000.0,34925000000.0,35053000000.0,35181000000.0,35309000000.0,35437000000.0,35565000000.0,35693000000.0,35821000000.0,35949000000.0,36077000000.0,36205000000.0,36333000000.0,36461000000.0,32541000000.0,32669000000.0,32797000000.0,32925000000.0,33053000000.0,33181000000.0,33309000000.0,33437000000.0,33565000000.0,33693000000.0,33821000000.0,33949000000.0,34077000000.0,34205000000.0,34333000000.0,34461000000.0,30541000000.0,30669000000.0,30797000000.0,30925000000.0,31053000000.0,31181000000.0,31309000000.0,31437000000.0,31565000000.0,31693000000.0,31821000000.0,31949000000.0,32077000000.0,32205000000.0,32333000000.0,32461000000.0",C,3.8396E10,3.0476E10,EVLA,"64,64,64,64,64,64,64,64,64,64,64,64,64,64,64,64,64,64,64,64,64,64,64,64,64,64,64,64,64,64,64,64,64,64,64,64,64,64,64,64,64,64,64,64,64,64,64,64,64,64,64,64,64,64,64,64,64,64,64,64,64,64,64,64",22B-157.sb42831555.eb42897171.59862.33521892361,"RR, RL, LR, LL",22B-157,PUBLIC,8.748872221417171,50.045291666425236,"2000000.0,2000000.0,2000000.0,2000000.0,2000000.0,2000000.0,2000000.0,2000000.0,2000000.0,2000000.0,2000000.0,2000000.0,2000000.0,2000000.0,2000000.0,2000000.0,2000000.0,2000000.0,2000000.0,2000000.0,2000000.0,2000000.0,2000000.0,2000000.0,2000000.0,2000000.0,2000000.0,2000000.0,2000000.0,2000000.0,2000000.0,2000000.0,2000000.0,2000000.0,2000000.0,2000000.0,2000000.0,2000000.0,2000000.0,2000000.0,2000000.0,2000000.0,2000000.0,2000000.0,2000000.0,2000000.0,2000000.0,2000000.0,2000000.0,2000000.0,2000000.0,2000000.0,2000000.0,2000000.0,2000000.0,2000000.0,2000000.0,2000000.0,2000000.0,2000000.0,2000000.0,2000000.0,2000000.0,2000000.0","EVLA_KA#A1C1#66,EVLA_KA#A1C1#67,EVLA_KA#A1C1#68,EVLA_KA#A1C1#69,EVLA_KA#A1C1#70,EVLA_KA#A1C1#71,EVLA_KA#A1C1#72,EVLA_KA#A1C1#73,EVLA_KA#A1C1#74,EVLA_KA#A1C1#75,EVLA_KA#A1C1#76,EVLA_KA#A1C1#77,EVLA_KA#A1C1#78,EVLA_KA#A1C1#79,EVLA_KA#A1C1#80,EVLA_KA#A1C1#81,EVLA_KA#A2C2#82,EVLA_KA#A2C2#83,EVLA_KA#A2C2#84,EVLA_KA#A2C2#85,EVLA_KA#A2C2#86,EVLA_KA#A2C2#87,EVLA_KA#A2C2#88,EVLA_KA#A2C2#89,EVLA_KA#A2C2#90,EVLA_KA#A2C2#91,EVLA_KA#A2C2#92,EVLA_KA#A2C2#93,EVLA_KA#A2C2#94,EVLA_KA#A2C2#95,EVLA_KA#A2C2#96,EVLA_KA#A2C2#97,EVLA_KA#B1D1#98,EVLA_KA#B1D1#99,EVLA_KA#B1D1#100,EVLA_KA#B1D1#101,EVLA_KA#B1D1#102,EVLA_KA#B1D1#103,EVLA_KA#B1D1#104,EVLA_KA#B1D1#105,EVLA_KA#B1D1#106,EVLA_KA#B1D1#107,EVLA_KA#B1D1#108,EVLA_KA#B1D1#109,EVLA_KA#B1D1#110,EVLA_KA#B1D1#111,EVLA_KA#B1D1#112,EVLA_KA#B1D1#113,EVLA_KA#B2D2#114,EVLA_KA#B2D2#115,EVLA_KA#B2D2#116,EVLA_KA#B2D2#117,EVLA_KA#B2D2#118,EVLA_KA#B2D2#119,EVLA_KA#B2D2#120,EVLA_KA#B2D2#121,EVLA_KA#B2D2#122,EVLA_KA#B2D2#123,EVLA_KA#B2D2#124,EVLA_KA#B2D2#125,EVLA_KA#B2D2#126,EVLA_KA#B2D2#127,EVLA_KA#B2D2#128,EVLA_KA#B2D2#129",257.3,AT2022tsd
https://data.nrao.edu/portal/#/productViewer/22B-157.sb42831555.eb42897171.59862.33521892361,"128000000.0,128000000.0,128000000.0,128000000.0,128000000.0,128000000.0,128000000.0,128000000.0,128000000.0,128000000.0,128000000.0,128000000.0,128000000.0,128000000.0,128000000.0,128000000.0,128000000.0,128000000.0,128000000.0,128000000.0,128000000.0,128000000.0,128000000.0,128000000.0,128000000.0,128000000.0,128000000.0,128000000.0,128000000.0,128000000.0,128000000.0,128000000.0,128000000.0,128000000.0,128000000.0,128000000.0,128000000.0,128000000.0,128000000.0,128000000.0,128000000.0,128000000.0,128000000.0,128000000.0,128000000.0,128000000.0,128000000.0,128000000.0,128000000.0,128000000.0,128000000.0,128000000.0,128000000.0,128000000.0,128000000.0,128000000.0,128000000.0,128000000.0,128000000.0,128000000.0,128000000.0,128000000.0,128000000.0,128000000.0","36541000000.0,36669000000.0,36797000000.0,36925000000.0,37053000000.0,37181000000.0,37309000000.0,37437000000.0,37565000000.0,37693000000.0,37821000000.0,37949000000.0,38077000000.0,38205000000.0,38333000000.0,38461000000.0,34541000000.0,34669000000.0,34797000000.0,34925000000.0,35053000000.0,35181000000.0,35309000000.0,35437000000.0,35565000000.0,35693000000.0,35821000000.0,35949000000.0,36077000000.0,36205000000.0,36333000000.0,36461000000.0,32541000000.0,32669000000.0,32797000000.0,32925000000.0,33053000000.0,33181000000.0,33309000000.0,33437000000.0,33565000000.0,33693000000.0,33821000000.0,33949000000.0,34077000000.0,34205000000.0,34333000000.0,34461000000.0,30541000000.0,30669000000.0,30797000000.0,30925000000.0,31053000000.0,31181000000.0,31309000000.0,31437000000.0,31565000000.0,31693000000.0,31821000000.0,31949000000.0,32077000000.0,32205000000.0,32333000000.0,32461000000.0",C,3.8396E10,3.0476E10,EVLA,"64,64,64,64,64,64,64,64,64,64,64,64,64,64,64,64,64,64,64,64,64,64,64,64,64,64,64,64,64,64,64,64,64,64,64,64,64,64,64,64,64,64,64,64,64,64,64,64,64,64,64,64,64,64,64,64,64,64,64,64,64,64,64,64",22B-157.sb42831555.eb42897171.59862.33521892361,"RR, RL, LR, LL",22B-157,PUBLIC,49.85200932178193,85.65057465185124,"2000000.0,2000000.0,2000000.0,2000000.0,2000000.0,2000000.0,2000000.0,2000000.0,2000000.0,2000000.0,2000000.0,2000000.0,2000000.0,2000000.0,2000000.0,2000000.0,2000000.0,2000000.0,2000000.0,2000000.0,2000000.0,2000000.0,2000000.0,2000000.0,2000000.0,2000000.0,2000000.0,2000000.0,2000000.0,2000000.0,2000000.0,2000000.0,2000000.0,2000000.0,2000000.0,2000000.0,2000000.0,2000000.0,2000000.0,2000000.0,2000000.0,2000000.0,2000000.0,2000000.0,2000000.0,2000000.0,2000000.0,2000000.0,2000000.0,2000000.0,2000000.0,2000000.0,2000000.0,2000000.0,2000000.0,2000000.0,2000000.0,2000000.0,2000000.0,2000000.0,2000000.0,2000000.0,2000000.0,2000000.0","EVLA_KA#A1C1#66,EVLA_KA#A1C1#67,EVLA_KA#A1C1#68,EVLA_KA#A1C1#69,EVLA_KA#A1C1#70,EVLA_KA#A1C1#71,EVLA_KA#A1C1#72,EVLA_KA#A1C1#73,EVLA_KA#A1C1#74,EVLA_KA#A1C1#75,EVLA_KA#A1C1#76,EVLA_KA#A1C1#77,EVLA_KA#A1C1#78,EVLA_KA#A1C1#79,EVLA_KA#A1C1#80,EVLA_KA#A1C1#81,EVLA_KA#A2C2#82,EVLA_KA#A2C2#83,EVLA_KA#A2C2#84,EVLA_KA#A2C2#85,EVLA_KA#A2C2#86,EVLA_KA#A2C2#87,EVLA_KA#A2C2#88,EVLA_KA#A2C2#89,EVLA_KA#A2C2#90,EVLA_KA#A2C2#91,EVLA_KA#A2C2#92,EVLA_KA#A2C2#93,EVLA_KA#A2C2#94,EVLA_KA#A2C2#95,EVLA_KA#A2C2#96,EVLA_KA#A2C2#97,EVLA_KA#B1D1#98,EVLA_KA#B1D1#99,EVLA_KA#B1D1#100,EVLA_KA#B1D1#101,EVLA_KA#B1D1#102,EVLA_KA#B1D1#103,EVLA_KA#B1D1#104,EVLA_KA#B1D1#105,EVLA_KA#B1D1#106,EVLA_KA#B1D1#107,EVLA_KA#B1D1#108,EVLA_KA#B1D1#109,EVLA_KA#B1D1#110,EVLA_KA#B1D1#111,EVLA_KA#B1D1#112,EVLA_KA#B1D1#113,EVLA_KA#B2D2#114,EVLA_KA#B2D2#115,EVLA_KA#B2D2#116,EVLA_KA#B2D2#117,EVLA_KA#B2D2#118,EVLA_KA#B2D2#119,EVLA_KA#B2D2#120,EVLA_KA#B2D2#121,EVLA_KA#B2D2#122,EVLA_KA#B2D2#123,EVLA_KA#B2D2#124,EVLA_KA#B2D2#125,EVLA_KA#B2D2#126,EVLA_KA#B2D2#127,EVLA_KA#B2D2#128,EVLA_KA#B2D2#129",29.9,0542+498=3C147
https://data.nrao.edu/portal/#/productViewer/22B-267.sb42705461.eb43022053.59907.24549148148,"128000000.0,128000000.0,128000000.0,128000000.0,128000000.0,128000000.0,128000000.0,128000000.0,128000000.0,128000000.0,128000000.0,128000000.0,128000000.0,128000000.0,128000000.0,128000000.0,128000000.0,128000000.0,128000000.0,128000000.0,128000000.0,128000000.0,128000000.0,128000000.0,128000000.0,128000000.0,128000000.0,128000000.0,128000000.0,128000000.0,128000000.0,128000000.0,128000000.0,128000000.0,128000000.0,128000000.0,128000000.0,128000000.0,128000000.0,128000000.0,128000000.0,128000000.0,128000000.0,128000000.0,128000000.0,128000000.0,128000000.0,128000000.0,128000000.0,128000000.0,128000000.0,128000000.0,128000000.0,128000000.0,128000000.0,128000000.0,128000000.0,128000000.0,128000000.0,128000000.0,128000000.0,128000000.0","33041000000.0,33169000000.0,33297000000.0,33425000000.0,33553000000.0,33681000000.0,33809000000.0,33937000000.0,34065000000.0,34193000000.0,34321000000.0,34449000000.0,34577000000.0,34705000000.0,34833000000.0,34961000000.0,35041000000.0,35169000000.0,35297000000.0,35425000000.0,35553000000.0,35681000000.0,35809000000.0,35937000000.0,36065000000.0,36193000000.0,36321000000.0,36449000000.0,36577000000.0,36705000000.0,36833000000.0,30961000000.0,30833000000.0,30705000000.0,30577000000.0,30449000000.0,30321000000.0,30193000000.0,30065000000.0,29937000000.0,29809000000.0,29681000000.0,29553000000.0,29425000000.0,29297000000.0,29169000000.0,32961000000.0,32833000000.0,32705000000.0,32577000000.0,32449000000.0,32321000000.0,32193000000.0,32065000000.0,31937000000.0,31809000000.0,31681000000.0,31553000000.0,31425000000.0,31297000000.0,31169000000.0,31041000000.0",C,3.6768E10,2.9104E10,EVLA,"64,64,64,64,64,64,64,64,64,64,64,64,64,64,64,64,64,64,64,64,64,64,64,64,64,64,64,64,64,64,64,64,64,64,64,64,64,64,64,64,64,64,64,64,64,64,64,64,64,64,64,64,64,64,64,64,64,64,64,64,64,64",22B-267.sb42705461.eb43022053.59907.24549148148,"RR, RL, LR, LL",22B-267,PUBLIC,49.85200932178193,85.65057465185124,"2000000.0,2000000.0,2000000.0,2000000.0,2000000.0,2000000.0,2000000.0,2000000.0,2000000.0,2000000.0,2000000.0,2000000.0,2000000.0,2000000.0,2000000.0,2000000.0,2000000.0,2000000.0,2000000.0,2000000.0,2000000.0,2000000.0,2000000.0,2000000.0,2000000.0,2000000.0,2000000.0,2000000.0,2000000.0,2000000.0,2000000.0,2000000.0,2000000.0,2000000.0,2000000.0,2000000.0,2000000.0,2000000.0,2000000.0,2000000.0,2000000.0,2000000.0,2000000.0,2000000.0,2000000.0,2000000.0,2000000.0,2000000.0,2000000.0,2000000.0,2000000.0,2000000.0,2000000.0,2000000.0,2000000.0,2000000.0,2000000.0,2000000.0,2000000.0,2000000.0,2000000.0,2000000.0","EVLA_KA#A1C1#2,EVLA_KA#A1C1#3,EVLA_KA#A1C1#4,EVLA_KA#A1C1#5,EVLA_KA#A1C1#6,EVLA_KA#A1C1#7,EVLA_KA#A1C1#8,EVLA_KA#A1C1#9,EVLA_KA#A1C1#10,EVLA_KA#A1C1#11,EVLA_KA#A1C1#12,EVLA_KA#A1C1#13,EVLA_KA#A1C1#14,EVLA_KA#A1C1#15,EVLA_KA#A1C1#16,EVLA_KA#A1C1#17,EVLA_KA#A2C2#18,EVLA_KA#A2C2#19,EVLA_KA#A2C2#20,EVLA_KA#A2C2#21,EVLA_KA#A2C2#22,EVLA_KA#A2C2#23,EVLA_KA#A2C2#24,EVLA_KA#A2C2#25,EVLA_KA#A2C2#26,EVLA_KA#A2C2#27,EVLA_KA#A2C2#28,EVLA_KA#A2C2#29,EVLA_KA#A2C2#30,EVLA_KA#A2C2#31,EVLA_KA#A2C2#32,EVLA_KA#B1D1#33,EVLA_KA#B1D1#34,EVLA_KA#B1D1#35,EVLA_KA#B1D1#36,EVLA_KA#B1D1#37,EVLA_KA#B1D1#38,EVLA_KA#B1D1#39,EVLA_KA#B1D1#40,EVLA_KA#B1D1#41,EVLA_KA#B1D1#42,EVLA_KA#B1D1#43,EVLA_KA#B1D1#44,EVLA_KA#B1D1#45,EVLA_KA#B1D1#46,EVLA_KA#B1D1#47,EVLA_KA#B2D2#48,EVLA_KA#B2D2#49,EVLA_KA#B2D2#50,EVLA_KA#B2D2#51,EVLA_KA#B2D2#52,EVLA_KA#B2D2#53,EVLA_KA#B2D2#54,EVLA_KA#B2D2#55,EVLA_KA#B2D2#56,EVLA_KA#B2D2#57,EVLA_KA#B2D2#58,EVLA_KA#B2D2#59,EVLA_KA#B2D2#60,EVLA_KA#B2D2#61,EVLA_KA#B2D2#62,EVLA_KA#B2D2#63",59.85,3C147
https://data.nrao.edu/portal/#/productViewer/22B-267.sb42705461.eb43022053.59907.24549148148,"128000000.0,128000000.0,128000000.0,128000000.0,128000000.0,128000000.0,128000000.0,128000000.0,128000000.0,128000000.0,128000000.0,128000000.0,128000000.0,128000000.0,128000000.0,128000000.0,128000000.0,128000000.0,128000000.0,128000000.0,128000000.0,128000000.0,128000000.0,128000000.0,128000000.0,128000000.0,128000000.0,128000000.0,128000000.0,128000000.0,128000000.0,128000000.0,128000000.0,128000000.0,128000000.0,128000000.0,128000000.0,128000000.0,128000000.0,128000000.0,128000000.0,128000000.0,128000000.0,128000000.0,128000000.0,128000000.0,128000000.0,128000000.0,128000000.0,128000000.0,128000000.0,128000000.0,128000000.0,128000000.0,128000000.0,128000000.0,128000000.0,128000000.0,128000000.0,128000000.0,128000000.0,128000000.0","33041000000.0,33169000000.0,33297000000.0,33425000000.0,33553000000.0,33681000000.0,33809000000.0,33937000000.0,34065000000.0,34193000000.0,34321000000.0,34449000000.0,34577000000.0,34705000000.0,34833000000.0,34961000000.0,35041000000.0,35169000000.0,35297000000.0,35425000000.0,35553000000.0,35681000000.0,35809000000.0,35937000000.0,36065000000.0,36193000000.0,36321000000.0,36449000000.0,36577000000.0,36705000000.0,36833000000.0,30961000000.0,30833000000.0,30705000000.0,30577000000.0,30449000000.0,30321000000.0,30193000000.0,30065000000.0,29937000000.0,29809000000.0,29681000000.0,29553000000.0,29425000000.0,29297000000.0,29169000000.0,32961000000.0,32833000000.0,32705000000.0,32577000000.0,32449000000.0,32321000000.0,32193000000.0,32065000000.0,31937000000.0,31809000000.0,31681000000.0,31553000000.0,31425000000.0,31297000000.0,31169000000.0,31041000000.0",C,3.6768E10,2.9104E10,EVLA,"64,64,64,64,64,64,64,64,64,64,64,64,64,64,64,64,64,64,64,64,64,64,64,64,64,64,64,64,64,64,64,64,64,64,64,64,64,64,64,64,64,64,64,64,64,64,64,64,64,64,64,64,64,64,64,64,64,64,64,64,64,64",22B-267.sb42705461.eb43022053.59907.24549148148,"RR, RL, LR, LL",22B-267,PUBLIC,27.734518609991913,79.88760249716654,"2000000.0,2000000.0,2000000.0,2000000.0,2000000.0,2000000.0,2000000.0,2000000.0,2000000.0,2000000.0,2000000.0,2000000.0,2000000.0,2000000.0,2000000.0,2000000.0,2000000.0,2000000.0,2000000.0,2000000.0,2000000.0,2000000.0,2000000.0,2000000.0,2000000.0,2000000.0,2000000.0,2000000.0,2000000.0,2000000.0,2000000.0,2000000.0,2000000.0,2000000.0,2000000.0,2000000.0,2000000.0,2000000.0,2000000.0,2000000.0,2000000.0,2000000.0,2000000.0,2000000.0,2000000.0,2000000.0,2000000.0,2000000.0,2000000.0,2000000.0,2000000.0,2000000.0,2000000.0,2000000.0,2000000.0,2000000.0,2000000.0,2000000.0,2000000.0,2000000.0,2000000.0,2000000.0","EVLA_KA#A1C1#2,EVLA_KA#A1C1#3,EVLA_KA#A1C1#4,EVLA_KA#A1C1#5,EVLA_KA#A1C1#6,EVLA_KA#A1C1#7,EVLA_KA#A1C1#8,EVLA_KA#A1C1#9,EVLA_KA#A1C1#10,EVLA_KA#A1C1#11,EVLA_KA#A1C1#12,EVLA_KA#A1C1#13,EVLA_KA#A1C1#14,EVLA_KA#A1C1#15,EVLA_KA#A1C1#16,EVLA_KA#A1C1#17,EVLA_KA#A2C2#18,EVLA_KA#A2C2#19,EVLA_KA#A2C2#20,EVLA_KA#A2C2#21,EVLA_KA#A2C2#22,EVLA_KA#A2C2#23,EVLA_KA#A2C2#24,EVLA_KA#A2C2#25,EVLA_KA#A2C2#26,EVLA_KA#A2C2#27,EVLA_KA#A2C2#28,EVLA_KA#A2C2#29,EVLA_KA#A2C2#30,EVLA_KA#A2C2#31,EVLA_KA#A2C2#32,EVLA_KA#B1D1#33,EVLA_KA#B1D1#34,EVLA_KA#B1D1#35,EVLA_KA#B1D1#36,EVLA_KA#B1D1#37,EVLA_KA#B1D1#38,EVLA_KA#B1D1#39,EVLA_KA#B1D1#40,EVLA_KA#B1D1#41,EVLA_KA#B1D1#42,EVLA_KA#B1D1#43,EVLA_KA#B1D1#44,EVLA_KA#B1D1#45,EVLA_KA#B1D1#46,EVLA_KA#B1D1#47,EVLA_KA#B2D2#48,EVLA_KA#B2D2#49,EVLA_KA#B2D2#50,EVLA_KA#B2D2#51,EVLA_KA#B2D2#52,EVLA_KA#B2D2#53,EVLA_KA#B2D2#54,EVLA_KA#B2D2#55,EVLA_KA#B2D2#56,EVLA_KA#B2D2#57,EVLA_KA#B2D2#58,EVLA_KA#B2D2#59,EVLA_KA#B2D2#60,EVLA_KA#B2D2#61,EVLA_KA#B2D2#62,EVLA_KA#B2D2#63",29.9,J0519+2744
https://data.nrao.edu/portal/#/productViewer/22B-267.sb42705461.eb43022053.59907.24549148148,"128000000.0,128000000.0,128000000.0,128000000.0,128000000.0,128000000.0,128000000.0,128000000.0,128000000.0,128000000.0,128000000.0,128000000.0,128000000.0,128000000.0,128000000.0,128000000.0,128000000.0,128000000.0,128000000.0,128000000.0,128000000.0,128000000.0,128000000.0,128000000.0,128000000.0,128000000.0,128000000.0,128000000.0,128000000.0,128000000.0,128000000.0,128000000.0,128000000.0,128000000.0,128000000.0,128000000.0,128000000.0,128000000.0,128000000.0,128000000.0,128000000.0,128000000.0,128000000.0,128000000.0,128000000.0,128000000.0,128000000.0,128000000.0,128000000.0,128000000.0,128000000.0,128000000.0,128000000.0,128000000.0,128000000.0,128000000.0,128000000.0,128000000.0,128000000.0,128000000.0,128000000.0,128000000.0","33041000000.0,33169000000.0,33297000000.0,33425000000.0,33553000000.0,33681000000.0,33809000000.0,33937000000.0,34065000000.0,34193000000.0,34321000000.0,34449000000.0,34577000000.0,34705000000.0,34833000000.0,34961000000.0,35041000000.0,35169000000.0,35297000000.0,35425000000.0,35553000000.0,35681000000.0,35809000000.0,35937000000.0,36065000000.0,36193000000.0,36321000000.0,36449000000.0,36577000000.0,36705000000.0,36833000000.0,30961000000.0,30833000000.0,30705000000.0,30577000000.0,30449000000.0,30321000000.0,30193000000.0,30065000000.0,29937000000.0,29809000000.0,29681000000.0,29553000000.0,29425000000.0,29297000000.0,29169000000.0,32961000000.0,32833000000.0,32705000000.0,32577000000.0,32449000000.0,32321000000.0,32193000000.0,32065000000.0,31937000000.0,31809000000.0,31681000000.0,31553000000.0,31425000000.0,31297000000.0,31169000000.0,31041000000.0",C,3.6768E10,2.9104E10,EVLA,"64,64,64,64,64,64,64,64,64,64,64,64,64,64,64,64,64,64,64,64,64,64,64,64,64,64,64,64,64,64,64,64,64,64,64,64,64,64,64,64,64,64,64,64,64,64,64,64,64,64,64,64,64,64,64,64,64,64,64,64,64,64",22B-267.sb42705461.eb43022053.59907.24549148148,"RR, RL, LR, LL",22B-267,PUBLIC,24.755083334923885,77.85783333129025,"2000000.0,2000000.0,2000000.0,2000000.0,2000000.0,2000000.0,2000000.0,2000000.0,2000000.0,2000000.0,2000000.0,2000000.0,2000000.0,2000000.0,2000000.0,2000000.0,2000000.0,2000000.0,2000000.0,2000000.0,2000000.0,2000000.0,2000000.0,2000000.0,2000000.0,2000000.0,2000000.0,2000000.0,2000000.0,2000000.0,2000000.0,2000000.0,2000000.0,2000000.0,2000000.0,2000000.0,2000000.0,2000000.0,2000000.0,2000000.0,2000000.0,2000000.0,2000000.0,2000000.0,2000000.0,2000000.0,2000000.0,2000000.0,2000000.0,2000000.0,2000000.0,2000000.0,2000000.0,2000000.0,2000000.0,2000000.0,2000000.0,2000000.0,2000000.0,2000000.0,2000000.0,2000000.0","EVLA_KA#A1C1#2,EVLA_KA#A1C1#3,EVLA_KA#A1C1#4,EVLA_KA#A1C1#5,EVLA_KA#A1C1#6,EVLA_KA#A1C1#7,EVLA_KA#A1C1#8,EVLA_KA#A1C1#9,EVLA_KA#A1C1#10,EVLA_KA#A1C1#11,EVLA_KA#A1C1#12,EVLA_KA#A1C1#13,EVLA_KA#A1C1#14,EVLA_KA#A1C1#15,EVLA_KA#A1C1#16,EVLA_KA#A1C1#17,EVLA_KA#A2C2#18,EVLA_KA#A2C2#19,EVLA_KA#A2C2#20,EVLA_KA#A2C2#21,EVLA_KA#A2C2#22,EVLA_KA#A2C2#23,EVLA_KA#A2C2#24,EVLA_KA#A2C2#25,EVLA_KA#A2C2#26,EVLA_KA#A2C2#27,EVLA_KA#A2C2#28,EVLA_KA#A2C2#29,EVLA_KA#A2C2#30,EVLA_KA#A2C2#31,EVLA_KA#A2C2#32,EVLA_KA#B1D1#33,EVLA_KA#B1D1#34,EVLA_KA#B1D1#35,EVLA_KA#B1D1#36,EVLA_KA#B1D1#37,EVLA_KA#B1D1#38,EVLA_KA#B1D1#39,EVLA_KA#B1D1#40,EVLA_KA#B1D1#41,EVLA_KA#B1D1#42,EVLA_KA#B1D1#43,EVLA_KA#B1D1#44,EVLA_KA#B1D1#45,EVLA_KA#B1D1#46,EVLA_KA#B1D1#47,EVLA_KA#B2D2#48,EVLA_KA#B2D2#49,EVLA_KA#B2D2#50,EVLA_KA#B2D2#51,EVLA_KA#B2D2#52,EVLA_KA#B2D2#53,EVLA_KA#B2D2#54,EVLA_KA#B2D2#55,EVLA_KA#B2D2#56,EVLA_KA#B2D2#57,EVLA_KA#B2D2#58,EVLA_KA#B2D2#59,EVLA_KA#B2D2#60,EVLA_KA#B2D2#61,EVLA_KA#B2D2#62,EVLA_KA#B2D2#63",234.35,IRAS05083+2441
https://data.nrao.edu/portal/#/productViewer/22B-267.sb42705461.eb43022053.59907.24549148148,"128000000.0,128000000.0,128000000.0,128000000.0,128000000.0,128000000.0,128000000.0,128000000.0,128000000.0,128000000.0,128000000.0,128000000.0,128000000.0,128000000.0,128000000.0,128000000.0,128000000.0,128000000.0,128000000.0,128000000.0,128000000.0,128000000.0,128000000.0,128000000.0,128000000.0,128000000.0,128000000.0,128000000.0,128000000.0,128000000.0,128000000.0,128000000.0,128000000.0,128000000.0,128000000.0,128000000.0,128000000.0,128000000.0,128000000.0,128000000.0,128000000.0,128000000.0,128000000.0,128000000.0,128000000.0,128000000.0,128000000.0,128000000.0,128000000.0,128000000.0,128000000.0,128000000.0,128000000.0,128000000.0,128000000.0,128000000.0,128000000.0,128000000.0,128000000.0,128000000.0,128000000.0,128000000.0","33041000000.0,33169000000.0,33297000000.0,33425000000.0,33553000000.0,33681000000.0,33809000000.0,33937000000.0,34065000000.0,34193000000.0,34321000000.0,34449000000.0,34577000000.0,34705000000.0,34833000000.0,34961000000.0,35041000000.0,35169000000.0,35297000000.0,35425000000.0,35553000000.0,35681000000.0,35809000000.0,35937000000.0,36065000000.0,36193000000.0,36321000000.0,36449000000.0,36577000000.0,36705000000.0,36833000000.0,30961000000.0,30833000000.0,30705000000.0,30577000000.0,30449000000.0,30321000000.0,30193000000.0,30065000000.0,29937000000.0,29809000000.0,29681000000.0,29553000000.0,29425000000.0,29297000000.0,29169000000.0,32961000000.0,32833000000.0,32705000000.0,32577000000.0,32449000000.0,32321000000.0,32193000000.0,32065000000.0,31937000000.0,31809000000.0,31681000000.0,31553000000.0,31425000000.0,31297000000.0,31169000000.0,31041000000.0",C,3.6768E10,2.9104E10,EVLA,"64,64,64,64,64,64,64,64,64,64,64,64,64,64,64,64,64,64,64,64,64,64,64,64,64,64,64,64,64,64,64,64,64,64,64,64,64,64,64,64,64,64,64,64,64,64,64,64,64,64,64,64,64,64,64,64,64,64,64,64,64,64",22B-267.sb42705461.eb43022053.59907.24549148148,"RR, RL, LR, LL",22B-267,PUBLIC,67.34872493868102,91.969465088941,"2000000.0,2000000.0,2000000.0,2000000.0,2000000.0,2000000.0,2000000.0,2000000.0,2000000.0,2000000.0,2000000.0,2000000.0,2000000.0,2000000.0,2000000.0,2000000.0,2000000.0,2000000.0,2000000.0,2000000.0,2000000.0,2000000.0,2000000.0,2000000.0,2000000.0,2000000.0,2000000.0,2000000.0,2000000.0,2000000.0,2000000.0,2000000.0,2000000.0,2000000.0,2000000.0,2000000.0,2000000.0,2000000.0,2000000.0,2000000.0,2000000.0,2000000.0,2000000.0,2000000.0,2000000.0,2000000.0,2000000.0,2000000.0,2000000.0,2000000.0,2000000.0,2000000.0,2000000.0,2000000.0,2000000.0,2000000.0,2000000.0,2000000.0,2000000.0,2000000.0,2000000.0,2000000.0","EVLA_KA#A1C1#2,EVLA_KA#A1C1#3,EVLA_KA#A1C1#4,EVLA_KA#A1C1#5,EVLA_KA#A1C1#6,EVLA_KA#A1C1#7,EVLA_KA#A1C1#8,EVLA_KA#A1C1#9,EVLA_KA#A1C1#10,EVLA_KA#A1C1#11,EVLA_KA#A1C1#12,EVLA_KA#A1C1#13,EVLA_KA#A1C1#14,EVLA_KA#A1C1#15,EVLA_KA#A1C1#16,EVLA_KA#A1C1#17,EVLA_KA#A2C2#18,EVLA_KA#A2C2#19,EVLA_KA#A2C2#20,EVLA_KA#A2C2#21,EVLA_KA#A2C2#22,EVLA_KA#A2C2#23,EVLA_KA#A2C2#24,EVLA_KA#A2C2#25,EVLA_KA#A2C2#26,EVLA_KA#A2C2#27,EVLA_KA#A2C2#28,EVLA_KA#A2C2#29,EVLA_KA#A2C2#30,EVLA_KA#A2C2#31,EVLA_KA#A2C2#32,EVLA_KA#B1D1#33,EVLA_KA#B1D1#34,EVLA_KA#B1D1#35,EVLA_KA#B1D1#36,EVLA_KA#B1D1#37,EVLA_KA#B1D1#38,EVLA_KA#B1D1#39,EVLA_KA#B1D1#40,EVLA_KA#B1D1#41,EVLA_KA#B1D1#42,EVLA_KA#B1D1#43,EVLA_KA#B1D1#44,EVLA_KA#B1D1#45,EVLA_KA#B1D1#46,EVLA_KA#B1D1#47,EVLA_KA#B2D2#48,EVLA_KA#B2D2#49,EVLA_KA#B2D2#50,EVLA_KA#B2D2#51,EVLA_KA#B2D2#52,EVLA_KA#B2D2#53,EVLA_KA#B2D2#54,EVLA_KA#B2D2#55,EVLA_KA#B2D2#56,EVLA_KA#B2D2#57,EVLA_KA#B2D2#58,EVLA_KA#B2D2#59,EVLA_KA#B2D2#60,EVLA_KA#B2D2#61,EVLA_KA#B2D2#62,EVLA_KA#B2D2#63",29.95,J0607+6720
https://data.nrao.edu/portal/#/productViewer/22B-267.sb42705461.eb43022053.59907.24549148148,"128000000.0,128000000.0,128000000.0,128000000.0,128000000.0,128000000.0,128000000.0,128000000.0,128000000.0,128000000.0,128000000.0,128000000.0,128000000.0,128000000.0,128000000.0,128000000.0,128000000.0,128000000.0,128000000.0,128000000.0,128000000.0,128000000.0,128000000.0,128000000.0,128000000.0,128000000.0,128000000.0,128000000.0,128000000.0,128000000.0,128000000.0,128000000.0,128000000.0,128000000.0,128000000.0,128000000.0,128000000.0,128000000.0,128000000.0,128000000.0,128000000.0,128000000.0,128000000.0,128000000.0,128000000.0,128000000.0,128000000.0,128000000.0,128000000.0,128000000.0,128000000.0,128000000.0,128000000.0,128000000.0,128000000.0,128000000.0,128000000.0,128000000.0,128000000.0,128000000.0,128000000.0,128000000.0","33041000000.0,33169000000.0,33297000000.0,33425000000.0,33553000000.0,33681000000.0,33809000000.0,33937000000.0,34065000000.0,34193000000.0,34321000000.0,34449000000.0,34577000000.0,34705000000.0,34833000000.0,34961000000.0,35041000000.0,35169000000.0,35297000000.0,35425000000.0,35553000000.0,35681000000.0,35809000000.0,35937000000.0,36065000000.0,36193000000.0,36321000000.0,36449000000.0,36577000000.0,36705000000.0,36833000000.0,30961000000.0,30833000000.0,30705000000.0,30577000000.0,30449000000.0,30321000000.0,30193000000.0,30065000000.0,29937000000.0,29809000000.0,29681000000.0,29553000000.0,29425000000.0,29297000000.0,29169000000.0,32961000000.0,32833000000.0,32705000000.0,32577000000.0,32449000000.0,32321000000.0,32193000000.0,32065000000.0,31937000000.0,31809000000.0,31681000000.0,31553000000.0,31425000000.0,31297000000.0,31169000000.0,31041000000.0",C,3.6768E10,2.9104E10,EVLA,"64,64,64,64,64,64,64,64,64,64,64,64,64,64,64,64,64,64,64,64,64,64,64,64,64,64,64,64,64,64,64,64,64,64,64,64,64,64,64,64,64,64,64,64,64,64,64,64,64,64,64,64,64,64,64,64,64,64,64,64,64,64",22B-267.sb42705461.eb43022053.59907.24549148148,"RR, RL, LR, LL",22B-267,PUBLIC,69.37869444497996,85.51999999968197,"2000000.0,2000000.0,2000000.0,2000000.0,2000000.0,2000000.0,2000000.0,2000000.0,2000000.0,2000000.0,2000000.0,2000000.0,2000000.0,2000000.0,2000000.0,2000000.0,2000000.0,2000000.0,2000000.0,2000000.0,2000000.0,2000000.0,2000000.0,2000000.0,2000000.0,2000000.0,2000000.0,2000000.0,2000000.0,2000000.0,2000000.0,2000000.0,2000000.0,2000000.0,2000000.0,2000000.0,2000000.0,2000000.0,2000000.0,2000000.0,2000000.0,2000000.0,2000000.0,2000000.0,2000000.0,2000000.0,2000000.0,2000000.0,2000000.0,2000000.0,2000000.0,2000000.0,2000000.0,2000000.0,2000000.0,2000000.0,2000000.0,2000000.0,2000000.0,2000000.0,2000000.0,2000000.0","EVLA_KA#A1C1#2,EVLA_KA#A1C1#3,EVLA_KA#A1C1#4,EVLA_KA#A1C1#5,EVLA_KA#A1C1#6,EVLA_KA#A1C1#7,EVLA_KA#A1C1#8,EVLA_KA#A1C1#9,EVLA_KA#A1C1#10,EVLA_KA#A1C1#11,EVLA_KA#A1C1#12,EVLA_KA#A1C1#13,EVLA_KA#A1C1#14,EVLA_KA#A1C1#15,EVLA_KA#A1C1#16,EVLA_KA#A1C1#17,EVLA_KA#A2C2#18,EVLA_KA#A2C2#19,EVLA_KA#A2C2#20,EVLA_KA#A2C2#21,EVLA_KA#A2C2#22,EVLA_KA#A2C2#23,EVLA_KA#A2C2#24,EVLA_KA#A2C2#25,EVLA_KA#A2C2#26,EVLA_KA#A2C2#27,EVLA_KA#A2C2#28,EVLA_KA#A2C2#29,EVLA_KA#A2C2#30,EVLA_KA#A2C2#31,EVLA_KA#A2C2#32,EVLA_KA#B1D1#33,EVLA_KA#B1D1#34,EVLA_KA#B1D1#35,EVLA_KA#B1D1#36,EVLA_KA#B1D1#37,EVLA_KA#B1D1#38,EVLA_KA#B1D1#39,EVLA_KA#B1D1#40,EVLA_KA#B1D1#41,EVLA_KA#B1D1#42,EVLA_KA#B1D1#43,EVLA_KA#B1D1#44,EVLA_KA#B1D1#45,EVLA_KA#B1D1#46,EVLA_KA#B1D1#47,EVLA_KA#B2D2#48,EVLA_KA#B2D2#49,EVLA_KA#B2D2#50,EVLA_KA#B2D2#51,EVLA_KA#B2D2#52,EVLA_KA#B2D2#53,EVLA_KA#B2D2#54,EVLA_KA#B2D2#55,EVLA_KA#B2D2#56,EVLA_KA#B2D2#57,EVLA_KA#B2D2#58,EVLA_KA#B2D2#59,EVLA_KA#B2D2#60,EVLA_KA#B2D2#61,EVLA_KA#B2D2#62,EVLA_KA#B2D2#63",234.35,NGC1961
https://data.nrao.edu/portal/#/productViewer/23A-265.sb43414970.eb43832159.60061.13229501157,"128000000.0,128000000.0,128000000.0,128000000.0,128000000.0,128000000.0,128000000.0,128000000.0,128000000.0,128000000.0,128000000.0,128000000.0,128000000.0,128000000.0,128000000.0,128000000.0,128000000.0,128000000.0,128000000.0,128000000.0,128000000.0,128000000.0,128000000.0,128000000.0,128000000.0,128000000.0,128000000.0,128000000.0,128000000.0,128000000.0,128000000.0,128000000.0,128000000.0,128000000.0,128000000.0,128000000.0,128000000.0,128000000.0,128000000.0,128000000.0,128000000.0,128000000.0,128000000.0,128000000.0,128000000.0,128000000.0,128000000.0,128000000.0,128000000.0,128000000.0,128000000.0,128000000.0,128000000.0,128000000.0,128000000.0,128000000.0,128000000.0,128000000.0,128000000.0,128000000.0,128000000.0,128000000.0,128000000.0,128000000.0","33041000000.0,33169000000.0,33297000000.0,33425000000.0,33553000000.0,33681000000.0,33809000000.0,33937000000.0,34065000000.0,34193000000.0,34321000000.0,34449000000.0,34577000000.0,34705000000.0,34833000000.0,34961000000.0,35041000000.0,35169000000.0,35297000000.0,35425000000.0,35553000000.0,35681000000.0,35809000000.0,35937000000.0,36065000000.0,36193000000.0,36321000000.0,36449000000.0,36577000000.0,36705000000.0,36833000000.0,36961000000.0,29041000000.0,29169000000.0,29297000000.0,29425000000.0,29553000000.0,29681000000.0,29809000000.0,29937000000.0,30065000000.0,30193000000.0,30321000000.0,30449000000.0,30577000000.0,30705000000.0,30833000000.0,30961000000.0,31041000000.0,31169000000.0,31297000000.0,31425000000.0,31553000000.0,31681000000.0,31809000000.0,31937000000.0,32065000000.0,32193000000.0,32321000000.0,32449000000.0,32577000000.0,32705000000.0,32833000000.0,32961000000.0",B,3.6896E10,2.8976E10,EVLA,"64,64,64,64,64,64,64,64,64,64,64,64,64,64,64,64,64,64,64,64,64,64,64,64,64,64,64,64,64,64,64,64,64,64,64,64,64,64,64,64,64,64,64,64,64,64,64,64,64,64,64,64,64,64,64,64,64,64,64,64,64,64,64,64",23A-265.sb43414970.eb43832159.60061.13229501157,"RR, RL, LR, LL",23A-265,PUBLIC,30.509155237703542,202.78453326533136,"2000000.0,2000000.0,2000000.0,2000000.0,2000000.0,2000000.0,2000000.0,2000000.0,2000000.0,2000000.0,2000000.0,2000000.0,2000000.0,2000000.0,2000000.0,2000000.0,2000000.0,2000000.0,2000000.0,2000000.0,2000000.0,2000000.0,2000000.0,2000000.0,2000000.0,2000000.0,2000000.0,2000000.0,2000000.0,2000000.0,2000000.0,2000000.0,2000000.0,2000000.0,2000000.0,2000000.0,2000000.0,2000000.0,2000000.0,2000000.0,2000000.0,2000000.0,2000000.0,2000000.0,2000000.0,2000000.0,2000000.0,2000000.0,2000000.0,2000000.0,2000000.0,2000000.0,2000000.0,2000000.0,2000000.0,2000000.0,2000000.0,2000000.0,2000000.0,2000000.0,2000000.0,2000000.0,2000000.0,2000000.0","EVLA_KA#A1C1#2,EVLA_KA#A1C1#3,EVLA_KA#A1C1#4,EVLA_KA#A1C1#5,EVLA_KA#A1C1#6,EVLA_KA#A1C1#7,EVLA_KA#A1C1#8,EVLA_KA#A1C1#9,EVLA_KA#A1C1#10,EVLA_KA#A1C1#11,EVLA_KA#A1C1#12,EVLA_KA#A1C1#13,EVLA_KA#A1C1#14,EVLA_KA#A1C1#15,EVLA_KA#A1C1#16,EVLA_KA#A1C1#17,EVLA_KA#A2C2#18,EVLA_KA#A2C2#19,EVLA_KA#A2C2#20,EVLA_KA#A2C2#21,EVLA_KA#A2C2#22,EVLA_KA#A2C2#23,EVLA_KA#A2C2#24,EVLA_KA#A2C2#25,EVLA_KA#A2C2#26,EVLA_KA#A2C2#27,EVLA_KA#A2C2#28,EVLA_KA#A2C2#29,EVLA_KA#A2C2#30,EVLA_KA#A2C2#31,EVLA_KA#A2C2#32,EVLA_KA#A2C2#33,EVLA_KA#B1D1#34,EVLA_KA#B1D1#35,EVLA_KA#B1D1#36,EVLA_KA#B1D1#37,EVLA_KA#B1D1#38,EVLA_KA#B1D1#39,EVLA_KA#B1D1#40,EVLA_KA#B1D1#41,EVLA_KA#B1D1#42,EVLA_KA#B1D1#43,EVLA_KA#B1D1#44,EVLA_KA#B1D1#45,EVLA_KA#B1D1#46,EVLA_KA#B1D1#47,EVLA_KA#B1D1#48,EVLA_KA#B1D1#49,EVLA_KA#B2D2#50,EVLA_KA#B2D2#51,EVLA_KA#B2D2#52,EVLA_KA#B2D2#53,EVLA_KA#B2D2#54,EVLA_KA#B2D2#55,EVLA_KA#B2D2#56,EVLA_KA#B2D2#57,EVLA_KA#B2D2#58,EVLA_KA#B2D2#59,EVLA_KA#B2D2#60,EVLA_KA#B2D2#61,EVLA_KA#B2D2#62,EVLA_KA#B2D2#63,EVLA_KA#B2D2#64,EVLA_KA#B2D2#65",59.85,1331+305=3C286
https://data.nrao.edu/portal/#/productViewer/23A-265.sb43414970.eb43832159.60061.13229501157,"128000000.0,128000000.0,128000000.0,128000000.0,128000000.0,128000000.0,128000000.0,128000000.0,128000000.0,128000000.0,128000000.0,128000000.0,128000000.0,128000000.0,128000000.0,128000000.0,128000000.0,128000000.0,128000000.0,128000000.0,128000000.0,128000000.0,128000000.0,128000000.0,128000000.0,128000000.0,128000000.0,128000000.0,128000000.0,128000000.0,128000000.0,128000000.0,128000000.0,128000000.0,128000000.0,128000000.0,128000000.0,128000000.0,128000000.0,128000000.0,128000000.0,128000000.0,128000000.0,128000000.0,128000000.0,128000000.0,128000000.0,128000000.0,128000000.0,128000000.0,128000000.0,128000000.0,128000000.0,128000000.0,128000000.0,128000000.0,128000000.0,128000000.0,128000000.0,128000000.0,128000000.0,128000000.0,128000000.0,128000000.0","33041000000.0,33169000000.0,33297000000.0,33425000000.0,33553000000.0,33681000000.0,33809000000.0,33937000000.0,34065000000.0,34193000000.0,34321000000.0,34449000000.0,34577000000.0,34705000000.0,34833000000.0,34961000000.0,35041000000.0,35169000000.0,35297000000.0,35425000000.0,35553000000.0,35681000000.0,35809000000.0,35937000000.0,36065000000.0,36193000000.0,36321000000.0,36449000000.0,36577000000.0,36705000000.0,36833000000.0,36961000000.0,29041000000.0,29169000000.0,29297000000.0,29425000000.0,29553000000.0,29681000000.0,29809000000.0,29937000000.0,30065000000.0,30193000000.0,30321000000.0,30449000000.0,30577000000.0,30705000000.0,30833000000.0,30961000000.0,31041000000.0,31169000000.0,31297000000.0,31425000000.0,31553000000.0,31681000000.0,31809000000.0,31937000000.0,32065000000.0,32193000000.0,32321000000.0,32449000000.0,32577000000.0,32705000000.0,32833000000.0,32961000000.0",B,3.6896E10,2.8976E10,EVLA,"64,64,64,64,64,64,64,64,64,64,64,64,64,64,64,64,64,64,64,64,64,64,64,64,64,64,64,64,64,64,64,64,64,64,64,64,64,64,64,64,64,64,64,64,64,64,64,64,64,64,64,64,64,64,64,64,64,64,64,64,64,64,64,64",23A-265.sb43414970.eb43832159.60061.13229501157,"RR, RL, LR, LL",23A-265,PUBLIC,6.171367716258843,160.32151043149372,"2000000.0,2000000.0,2000000.0,2000000.0,2000000.0,2000000.0,2000000.0,2000000.0,2000000.0,2000000.0,2000000.0,2000000.0,2000000.0,2000000.0,2000000.0,2000000.0,2000000.0,2000000.0,2000000.0,2000000.0,2000000.0,2000000.0,2000000.0,2000000.0,2000000.0,2000000.0,2000000.0,2000000.0,2000000.0,2000000.0,2000000.0,2000000.0,2000000.0,2000000.0,2000000.0,2000000.0,2000000.0,2000000.0,2000000.0,2000000.0,2000000.0,2000000.0,2000000.0,2000000.0,2000000.0,2000000.0,2000000.0,2000000.0,2000000.0,2000000.0,2000000.0,2000000.0,2000000.0,2000000.0,2000000.0,2000000.0,2000000.0,2000000.0,2000000.0,2000000.0,2000000.0,2000000.0,2000000.0,2000000.0","EVLA_KA#A1C1#2,EVLA_KA#A1C1#3,EVLA_KA#A1C1#4,EVLA_KA#A1C1#5,EVLA_KA#A1C1#6,EVLA_KA#A1C1#7,EVLA_KA#A1C1#8,EVLA_KA#A1C1#9,EVLA_KA#A1C1#10,EVLA_KA#A1C1#11,EVLA_KA#A1C1#12,EVLA_KA#A1C1#13,EVLA_KA#A1C1#14,EVLA_KA#A1C1#15,EVLA_KA#A1C1#16,EVLA_KA#A1C1#17,EVLA_KA#A2C2#18,EVLA_KA#A2C2#19,EVLA_KA#A2C2#20,EVLA_KA#A2C2#21,EVLA_KA#A2C2#22,EVLA_KA#A2C2#23,EVLA_KA#A2C2#24,EVLA_KA#A2C2#25,EVLA_KA#A2C2#26,EVLA_KA#A2C2#27,EVLA_KA#A2C2#28,EVLA_KA#A2C2#29,EVLA_KA#A2C2#30,EVLA_KA#A2C2#31,EVLA_KA#A2C2#32,EVLA_KA#A2C2#33,EVLA_KA#B1D1#34,EVLA_KA#B1D1#35,EVLA_KA#B1D1#36,EVLA_KA#B1D1#37,EVLA_KA#B1D1#38,EVLA_KA#B1D1#39,EVLA_KA#B1D1#40,EVLA_KA#B1D1#41,EVLA_KA#B1D1#42,EVLA_KA#B1D1#43,EVLA_KA#B1D1#44,EVLA_KA#B1D1#45,EVLA_KA#B1D1#46,EVLA_KA#B1D1#47,EVLA_KA#B1D1#48,EVLA_KA#B1D1#49,EVLA_KA#B2D2#50,EVLA_KA#B2D2#51,EVLA_KA#B2D2#52,EVLA_KA#B2D2#53,EVLA_KA#B2D2#54,EVLA_KA#B2D2#55,EVLA_KA#B2D2#56,EVLA_KA#B2D2#57,EVLA_KA#B2D2#58,EVLA_KA#B2D2#59,EVLA_KA#B2D2#60,EVLA_KA#B2D2#61,EVLA_KA#B2D2#62,EVLA_KA#B2D2#63,EVLA_KA#B2D2#64,EVLA_KA#B2D2#65",29.95,J1041+0610
https://data.nrao.edu/portal/#/productViewer/23A-265.sb43414970.eb43832159.60061.13229501157,"128000000.0,128000000.0,128000000.0,128000000.0,128000000.0,128000000.0,128000000.0,128000000.0,128000000.0,128000000.0,128000000.0,128000000.0,128000000.0,128000000.0,128000000.0,128000000.0,128000000.0,128000000.0,128000000.0,128000000.0,128000000.0,128000000.0,128000000.0,128000000.0,128000000.0,128000000.0,128000000.0,128000000.0,128000000.0,128000000.0,128000000.0,128000000.0,128000000.0,128000000.0,128000000.0,128000000.0,128000000.0,128000000.0,128000000.0,128000000.0,128000000.0,128000000.0,128000000.0,128000000.0,128000000.0,128000000.0,128000000.0,128000000.0,128000000.0,128000000.0,128000000.0,128000000.0,128000000.0,128000000.0,128000000.0,128000000.0,128000000.0,128000000.0,128000000.0,128000000.0,128000000.0,128000000.0,128000000.0,128000000.0","33041000000.0,33169000000.0,33297000000.0,33425000000.0,33553000000.0,33681000000.0,33809000000.0,33937000000.0,34065000000.0,34193000000.0,34321000000.0,34449000000.0,34577000000.0,34705000000.0,34833000000.0,34961000000.0,35041000000.0,35169000000.0,35297000000.0,35425000000.0,35553000000.0,35681000000.0,35809000000.0,35937000000.0,36065000000.0,36193000000.0,36321000000.0,36449000000.0,36577000000.0,36705000000.0,36833000000.0,36961000000.0,29041000000.0,29169000000.0,29297000000.0,29425000000.0,29553000000.0,29681000000.0,29809000000.0,29937000000.0,30065000000.0,30193000000.0,30321000000.0,30449000000.0,30577000000.0,30705000000.0,30833000000.0,30961000000.0,31041000000.0,31169000000.0,31297000000.0,31425000000.0,31553000000.0,31681000000.0,31809000000.0,31937000000.0,32065000000.0,32193000000.0,32321000000.0,32449000000.0,32577000000.0,32705000000.0,32833000000.0,32961000000.0",B,3.6896E10,2.8976E10,EVLA,"64,64,64,64,64,64,64,64,64,64,64,64,64,64,64,64,64,64,64,64,64,64,64,64,64,64,64,64,64,64,64,64,64,64,64,64,64,64,64,64,64,64,64,64,64,64,64,64,64,64,64,64,64,64,64,64,64,64,64,64,64,64,64,64",23A-265.sb43414970.eb43832159.60061.13229501157,"RR, RL, LR, LL",23A-265,PUBLIC,11.703694444276906,160.99054166939092,"2000000.0,2000000.0,2000000.0,2000000.0,2000000.0,2000000.0,2000000.0,2000000.0,2000000.0,2000000.0,2000000.0,2000000.0,2000000.0,2000000.0,2000000.0,2000000.0,2000000.0,2000000.0,2000000.0,2000000.0,2000000.0,2000000.0,2000000.0,2000000.0,2000000.0,2000000.0,2000000.0,2000000.0,2000000.0,2000000.0,2000000.0,2000000.0,2000000.0,2000000.0,2000000.0,2000000.0,2000000.0,2000000.0,2000000.0,2000000.0,2000000.0,2000000.0,2000000.0,2000000.0,2000000.0,2000000.0,2000000.0,2000000.0,2000000.0,2000000.0,2000000.0,2000000.0,2000000.0,2000000.0,2000000.0,2000000.0,2000000.0,2000000.0,2000000.0,2000000.0,2000000.0,2000000.0,2000000.0,2000000.0","EVLA_KA#A1C1#2,EVLA_KA#A1C1#3,EVLA_KA#A1C1#4,EVLA_KA#A1C1#5,EVLA_KA#A1C1#6,EVLA_KA#A1C1#7,EVLA_KA#A1C1#8,EVLA_KA#A1C1#9,EVLA_KA#A1C1#10,EVLA_KA#A1C1#11,EVLA_KA#A1C1#12,EVLA_KA#A1C1#13,EVLA_KA#A1C1#14,EVLA_KA#A1C1#15,EVLA_KA#A1C1#16,EVLA_KA#A1C1#17,EVLA_KA#A2C2#18,EVLA_KA#A2C2#19,EVLA_KA#A2C2#20,EVLA_KA#A2C2#21,EVLA_KA#A2C2#22,EVLA_KA#A2C2#23,EVLA_KA#A2C2#24,EVLA_KA#A2C2#25,EVLA_KA#A2C2#26,EVLA_KA#A2C2#27,EVLA_KA#A2C2#28,EVLA_KA#A2C2#29,EVLA_KA#A2C2#30,EVLA_KA#A2C2#31,EVLA_KA#A2C2#32,EVLA_KA#A2C2#33,EVLA_KA#B1D1#34,EVLA_KA#B1D1#35,EVLA_KA#B1D1#36,EVLA_KA#B1D1#37,EVLA_KA#B1D1#38,EVLA_KA#B1D1#39,EVLA_KA#B1D1#40,EVLA_KA#B1D1#41,EVLA_KA#B1D1#42,EVLA_KA#B1D1#43,EVLA_KA#B1D1#44,EVLA_KA#B1D1#45,EVLA_KA#B1D1#46,EVLA_KA#B1D1#47,EVLA_KA#B1D1#48,EVLA_KA#B1D1#49,EVLA_KA#B2D2#50,EVLA_KA#B2D2#51,EVLA_KA#B2D2#52,EVLA_KA#B2D2#53,EVLA_KA#B2D2#54,EVLA_KA#B2D2#55,EVLA_KA#B2D2#56,EVLA_KA#B2D2#57,EVLA_KA#B2D2#58,EVLA_KA#B2D2#59,EVLA_KA#B2D2#60,EVLA_KA#B2D2#61,EVLA_KA#B2D2#62,EVLA_KA#B2D2#63,EVLA_KA#B2D2#64,EVLA_KA#B2D2#65",179.5,NGC3351
https://data.nrao.edu/portal/#/productViewer/23B-169.sb44841933.eb44906432.60293.065225949074,"128000000.0,128000000.0,128000000.0,128000000.0,128000000.0,128000000.0,128000000.0,128000000.0,128000000.0,128000000.0,128000000.0,128000000.0,128000000.0,128000000.0,128000000.0,128000000.0","37116499900.0,37244499900.0,37372499900.0,37500499900.0,37628499900.0,37756499900.0,37884499900.0,38012499900.0,28774800000.0,28902800000.0,29030800000.0,29158800000.0,29286800000.0,29414800000.0,29542800000.0,29670800000.0",D,3.79474999E10,2.87098E10,EVLA,"64,64,64,64,64,64,64,64,64,64,64,64,64,64,64,64",23B-169.sb44841933.eb44906432.60293.065225949074,"RR, RL, LR, LL",23B-169,PUBLIC,33.15975916513661,24.422080963402365,"2000000.0,2000000.0,2000000.0,2000000.0,2000000.0,2000000.0,2000000.0,2000000.0,2000000.0,2000000.0,2000000.0,2000000.0,2000000.0,2000000.0,2000000.0,2000000.0","EVLA_KA#A0C0#0,EVLA_KA#A0C0#1,EVLA_KA#A0C0#2,EVLA_KA#A0C0#3,EVLA_KA#A0C0#4,EVLA_KA#A0C0#5,EVLA_KA#A0C0#6,EVLA_KA#A0C0#7,EVLA_KA#B0D0#8,EVLA_KA#B0D0#9,EVLA_KA#B0D0#10,EVLA_KA#B0D0#11,EVLA_KA#B0D0#12,EVLA_KA#B0D0#13,EVLA_KA#B0D0#14,EVLA_KA#B0D0#15",58.35,J0137+3309
https://data.nrao.edu/portal/#/productViewer/23B-169.sb44841933.eb44906432.60293.065225949074,"128000000.0,128000000.0,128000000.0,128000000.0,128000000.0,128000000.0,128000000.0,128000000.0,128000000.0,128000000.0,128000000.0,128000000.0,128000000.0,128000000.0,128000000.0,128000000.0","37116499900.0,37244499900.0,37372499900.0,37500499900.0,37628499900.0,37756499900.0,37884499900.0,38012499900.0,28774800000.0,28902800000.0,29030800000.0,29158800000.0,29286800000.0,29414800000.0,29542800000.0,29670800000.0",D,3.79474999E10,2.87098E10,EVLA,"64,64,64,64,64,64,64,64,64,64,64,64,64,64,64,64",23B-169.sb44841933.eb44906432.60293.065225949074,"RR, RL, LR, LL",23B-169,PUBLIC,-6.393148695153052,1.5578870559197127,"2000000.0,2000000.0,2000000.0,2000000.0,2000000.0,2000000.0,2000000.0,2000000.0,2000000.0,2000000.0,2000000.0,2000000.0,2000000.0,2000000.0,2000000.0,2000000.0","EVLA_KA#A0C0#0,EVLA_KA#A0C0#1,EVLA_KA#A0C0#2,EVLA_KA#A0C0#3,EVLA_KA#A0C0#4,EVLA_KA#A0C0#5,EVLA_KA#A0C0#6,EVLA_KA#A0C0#7,EVLA_KA#B0D0#8,EVLA_KA#B0D0#9,EVLA_KA#B0D0#10,EVLA_KA#B0D0#11,EVLA_KA#B0D0#12,EVLA_KA#B0D0#13,EVLA_KA#B0D0#14,EVLA_KA#B0D0#15",64.85,J0006-0623
https://data.nrao.edu/portal/#/productViewer/23B-169.sb44841933.eb44906432.60293.065225949074,"128000000.0,128000000.0,128000000.0,128000000.0,128000000.0,128000000.0,128000000.0,128000000.0,128000000.0,128000000.0,128000000.0,128000000.0,128000000.0,128000000.0,128000000.0,128000000.0","37116499900.0,37244499900.0,37372499900.0,37500499900.0,37628499900.0,37756499900.0,37884499900.0,38012499900.0,28774800000.0,28902800000.0,29030800000.0,29158800000.0,29286800000.0,29414800000.0,29542800000.0,29670800000.0",D,3.79474999E10,2.87098E10,EVLA,"64,64,64,64,64,64,64,64,64,64,64,64,64,64,64,64",23B-169.sb44841933.eb44906432.60293.065225949074,"RR, RL, LR, LL",23B-169,PUBLIC,-2.7398888860286728,357.757833335179,"2000000.0,2000000.0,2000000.0,2000000.0,2000000.0,2000000.0,2000000.0,2000000.0,2000000.0,2000000.0,2000000.0,2000000.0,2000000.0,2000000.0,2000000.0,2000000.0","EVLA_KA#A0C0#0,EVLA_KA#A0C0#1,EVLA_KA#A0C0#2,EVLA_KA#A0C0#3,EVLA_KA#A0C0#4,EVLA_KA#A0C0#5,EVLA_KA#A0C0#6,EVLA_KA#A0C0#7,EVLA_KA#B0D0#8,EVLA_KA#B0D0#9,EVLA_KA#B0D0#10,EVLA_KA#B0D0#11,EVLA_KA#B0D0#12,EVLA_KA#B0D0#13,EVLA_KA#B0D0#14,EVLA_KA#B0D0#15",289.2,HELMS50
https://data.nrao.edu/portal/#/productViewer/23B-154.sb44570528.eb44777613.60257.206129212966,"128000000.0,128000000.0,128000000.0,128000000.0,128000000.0,128000000.0,128000000.0,128000000.0,128000000.0,128000000.0,128000000.0,128000000.0,128000000.0,128000000.0,128000000.0,128000000.0,128000000.0,128000000.0,128000000.0,128000000.0,128000000.0,128000000.0,128000000.0,128000000.0,128000000.0,128000000.0,128000000.0,128000000.0,128000000.0,128000000.0,128000000.0,128000000.0,128000000.0,128000000.0,128000000.0,128000000.0,128000000.0,128000000.0,128000000.0,128000000.0,128000000.0,128000000.0,128000000.0,128000000.0,128000000.0,128000000.0,128000000.0,128000000.0,128000000.0,128000000.0,128000000.0,128000000.0,128000000.0,128000000.0,128000000.0,128000000.0,128000000.0,128000000.0,128000000.0,128000000.0,128000000.0,128000000.0,128000000.0,128000000.0","36662000000.0,36790000000.0,36918000000.0,37046000000.0,37174000000.0,37302000000.0,37430000000.0,37558000000.0,37686000000.0,37814000000.0,37942000000.0,38070000000.0,38198000000.0,38326000000.0,38454000000.0,38582000000.0,34646000000.0,34774000000.0,34902000000.0,35030000000.0,35158000000.0,35286000000.0,35414000000.0,35542000000.0,35670000000.0,35798000000.0,35926000000.0,36054000000.0,36182000000.0,36310000000.0,36438000000.0,36566000000.0,32630000000.0,32758000000.0,32886000000.0,33014000000.0,33142000000.0,33270000000.0,33398000000.0,33526000000.0,33654000000.0,33782000000.0,33910000000.0,34038000000.0,34166000000.0,34294000000.0,34422000000.0,34550000000.0,30646000000.0,30774000000.0,30902000000.0,31030000000.0,31158000000.0,31286000000.0,31414000000.0,31542000000.0,31670000000.0,31798000000.0,31926000000.0,32054000000.0,32182000000.0,32310000000.0,32438000000.0,32566000000.0",D,3.8517E10,3.0581E10,EVLA,"64,64,64,64,64,64,64,64,64,64,64,64,64,64,64,64,64,64,64,64,64,64,64,64,64,64,64,64,64,64,64,64,64,64,64,64,64,64,64,64,64,64,64,64,64,64,64,64,64,64,64,64,64,64,64,64,64,64,64,64,64,64,64,64",23B-154.sb44570528.eb44777613.60257.206129212966,"RR, RL, LR, LL",23B-154,PUBLIC,-27.82043480593526,57.158935671310296,"2000000.0,2000000.0,2000000.0,2000000.0,2000000.0,2000000.0,2000000.0,2000000.0,2000000.0,2000000.0,2000000.0,2000000.0,2000000.0,2000000.0,2000000.0,2000000.0,2000000.0,2000000.0,2000000.0,2000000.0,2000000.0,2000000.0,2000000.0,2000000.0,2000000.0,2000000.0,2000000.0,2000000.0,2000000.0,2000000.0,2000000.0,2000000.0,2000000.0,2000000.0,2000000.0,2000000.0,2000000.0,2000000.0,2000000.0,2000000.0,2000000.0,2000000.0,2000000.0,2000000.0,2000000.0,2000000.0,2000000.0,2000000.0,2000000.0,2000000.0,2000000.0,2000000.0,2000000.0,2000000.0,2000000.0,2000000.0,2000000.0,2000000.0,2000000.0,2000000.0,2000000.0,2000000.0,2000000.0,2000000.0","EVLA_KA#A1C1#2,EVLA_KA#A1C1#3,EVLA_KA#A1C1#4,EVLA_KA#A1C1#5,EVLA_KA#A1C1#6,EVLA_KA#A1C1#7,EVLA_KA#A1C1#8,EVLA_KA#A1C1#9,EVLA_KA#A1C1#10,EVLA_KA#A1C1#11,EVLA_KA#A1C1#12,EVLA_KA#A1C1#13,EVLA_KA#A1C1#14,EVLA_KA#A1C1#15,EVLA_KA#A1C1#16,EVLA_KA#A1C1#17,EVLA_KA#A2C2#18,EVLA_KA#A2C2#19,EVLA_KA#A2C2#20,EVLA_KA#A2C2#21,EVLA_KA#A2C2#22,EVLA_KA#A2C2#23,EVLA_KA#A2C2#24,EVLA_KA#A2C2#25,EVLA_KA#A2C2#26,EVLA_KA#A2C2#27,EVLA_KA#A2C2#28,EVLA_KA#A2C2#29,EVLA_KA#A2C2#30,EVLA_KA#A2C2#31,EVLA_KA#A2C2#32,EVLA_KA#A2C2#33,EVLA_KA#B1D1#34,EVLA_KA#B1D1#35,EVLA_KA#B1D1#36,EVLA_KA#B1D1#37,EVLA_KA#B1D1#38,EVLA_KA#B1D1#39,EVLA_KA#B1D1#40,EVLA_KA#B1D1#41,EVLA_KA#B1D1#42,EVLA_KA#B1D1#43,EVLA_KA#B1D1#44,EVLA_KA#B1D1#45,EVLA_KA#B1D1#46,EVLA_KA#B1D1#47,EVLA_KA#B1D1#48,EVLA_KA#B1D1#49,EVLA_KA#B2D2#50,EVLA_KA#B2D2#51,EVLA_KA#B2D2#52,EVLA_KA#B2D2#53,EVLA_KA#B2D2#54,EVLA_KA#B2D2#55,EVLA_KA#B2D2#56,EVLA_KA#B2D2#57,EVLA_KA#B2D2#58,EVLA_KA#B2D2#59,EVLA_KA#B2D2#60,EVLA_KA#B2D2#61,EVLA_KA#B2D2#62,EVLA_KA#B2D2#63,EVLA_KA#B2D2#64,EVLA_KA#B2D2#65",299.2,J0348-2749
https://data.nrao.edu/portal/#/productViewer/23B-154.sb44570528.eb44777613.60257.206129212966,"128000000.0,128000000.0,128000000.0,128000000.0,128000000.0,128000000.0,128000000.0,128000000.0,128000000.0,128000000.0,128000000.0,128000000.0,128000000.0,128000000.0,128000000.0,128000000.0,128000000.0,128000000.0,128000000.0,128000000.0,128000000.0,128000000.0,128000000.0,128000000.0,128000000.0,128000000.0,128000000.0,128000000.0,128000000.0,128000000.0,128000000.0,128000000.0,128000000.0,128000000.0,128000000.0,128000000.0,128000000.0,128000000.0,128000000.0,128000000.0,128000000.0,128000000.0,128000000.0,128000000.0,128000000.0,128000000.0,128000000.0,128000000.0,128000000.0,128000000.0,128000000.0,128000000.0,128000000.0,128000000.0,128000000.0,128000000.0,128000000.0,128000000.0,128000000.0,128000000.0,128000000.0,128000000.0,128000000.0,128000000.0","36662000000.0,36790000000.0,36918000000.0,37046000000.0,37174000000.0,37302000000.0,37430000000.0,37558000000.0,37686000000.0,37814000000.0,37942000000.0,38070000000.0,38198000000.0,38326000000.0,38454000000.0,38582000000.0,34646000000.0,34774000000.0,34902000000.0,35030000000.0,35158000000.0,35286000000.0,35414000000.0,35542000000.0,35670000000.0,35798000000.0,35926000000.0,36054000000.0,36182000000.0,36310000000.0,36438000000.0,36566000000.0,32630000000.0,32758000000.0,32886000000.0,33014000000.0,33142000000.0,33270000000.0,33398000000.0,33526000000.0,33654000000.0,33782000000.0,33910000000.0,34038000000.0,34166000000.0,34294000000.0,34422000000.0,34550000000.0,30646000000.0,30774000000.0,30902000000.0,31030000000.0,31158000000.0,31286000000.0,31414000000.0,31542000000.0,31670000000.0,31798000000.0,31926000000.0,32054000000.0,32182000000.0,32310000000.0,32438000000.0,32566000000.0",D,3.8517E10,3.0581E10,EVLA,"64,64,64,64,64,64,64,64,64,64,64,64,64,64,64,64,64,64,64,64,64,64,64,64,64,64,64,64,64,64,64,64,64,64,64,64,64,64,64,64,64,64,64,64,64,64,64,64,64,64,64,64,64,64,64,64,64,64,64,64,64,64,64,64",23B-154.sb44570528.eb44777613.60257.206129212966,"RR, RL, LR, LL",23B-154,PUBLIC,-27.77913333234933,53.180391667612724,"2000000.0,2000000.0,2000000.0,2000000.0,2000000.0,2000000.0,2000000.0,2000000.0,2000000.0,2000000.0,2000000.0,2000000.0,2000000.0,2000000.0,2000000.0,2000000.0,2000000.0,2000000.0,2000000.0,2000000.0,2000000.0,2000000.0,2000000.0,2000000.0,2000000.0,2000000.0,2000000.0,2000000.0,2000000.0,2000000.0,2000000.0,2000000.0,2000000.0,2000000.0,2000000.0,2000000.0,2000000.0,2000000.0,2000000.0,2000000.0,2000000.0,2000000.0,2000000.0,2000000.0,2000000.0,2000000.0,2000000.0,2000000.0,2000000.0,2000000.0,2000000.0,2000000.0,2000000.0,2000000.0,2000000.0,2000000.0,2000000.0,2000000.0,2000000.0,2000000.0,2000000.0,2000000.0,2000000.0,2000000.0","EVLA_KA#A1C1#2,EVLA_KA#A1C1#3,EVLA_KA#A1C1#4,EVLA_KA#A1C1#5,EVLA_KA#A1C1#6,EVLA_KA#A1C1#7,EVLA_KA#A1C1#8,EVLA_KA#A1C1#9,EVLA_KA#A1C1#10,EVLA_KA#A1C1#11,EVLA_KA#A1C1#12,EVLA_KA#A1C1#13,EVLA_KA#A1C1#14,EVLA_KA#A1C1#15,EVLA_KA#A1C1#16,EVLA_KA#A1C1#17,EVLA_KA#A2C2#18,EVLA_KA#A2C2#19,EVLA_KA#A2C2#20,EVLA_KA#A2C2#21,EVLA_KA#A2C2#22,EVLA_KA#A2C2#23,EVLA_KA#A2C2#24,EVLA_KA#A2C2#25,EVLA_KA#A2C2#26,EVLA_KA#A2C2#27,EVLA_KA#A2C2#28,EVLA_KA#A2C2#29,EVLA_KA#A2C2#30,EVLA_KA#A2C2#31,EVLA_KA#A2C2#32,EVLA_KA#A2C2#33,EVLA_KA#B1D1#34,EVLA_KA#B1D1#35,EVLA_KA#B1D1#36,EVLA_KA#B1D1#37,EVLA_KA#B1D1#38,EVLA_KA#B1D1#39,EVLA_KA#B1D1#40,EVLA_KA#B1D1#41,EVLA_KA#B1D1#42,EVLA_KA#B1D1#43,EVLA_KA#B1D1#44,EVLA_KA#B1D1#45,EVLA_KA#B1D1#46,EVLA_KA#B1D1#47,EVLA_KA#B1D1#48,EVLA_KA#B1D1#49,EVLA_KA#B2D2#50,EVLA_KA#B2D2#51,EVLA_KA#B2D2#52,EVLA_KA#B2D2#53,EVLA_KA#B2D2#54,EVLA_KA#B2D2#55,EVLA_KA#B2D2#56,EVLA_KA#B2D2#57,EVLA_KA#B2D2#58,EVLA_KA#B2D2#59,EVLA_KA#B2D2#60,EVLA_KA#B2D2#61,EVLA_KA#B2D2#62,EVLA_KA#B2D2#63,EVLA_KA#B2D2#64,EVLA_KA#B2D2#65",148.6,vlaspecs1
https://data.nrao.edu/portal/#/productViewer/23B-154.sb44570528.eb44777613.60257.206129212966,"128000000.0,128000000.0,128000000.0,128000000.0,128000000.0,128000000.0,128000000.0,128000000.0,128000000.0,128000000.0,128000000.0,128000000.0,128000000.0,128000000.0,128000000.0,128000000.0,128000000.0,128000000.0,128000000.0,128000000.0,128000000.0,128000000.0,128000000.0,128000000.0,128000000.0,128000000.0,128000000.0,128000000.0,128000000.0,128000000.0,128000000.0,128000000.0,128000000.0,128000000.0,128000000.0,128000000.0,128000000.0,128000000.0,128000000.0,128000000.0,128000000.0,128000000.0,128000000.0,128000000.0,128000000.0,128000000.0,128000000.0,128000000.0,128000000.0,128000000.0,128000000.0,128000000.0,128000000.0,128000000.0,128000000.0,128000000.0,128000000.0,128000000.0,128000000.0,128000000.0,128000000.0,128000000.0,128000000.0,128000000.0","36662000000.0,36790000000.0,36918000000.0,37046000000.0,37174000000.0,37302000000.0,37430000000.0,37558000000.0,37686000000.0,37814000000.0,37942000000.0,38070000000.0,38198000000.0,38326000000.0,38454000000.0,38582000000.0,34646000000.0,34774000000.0,34902000000.0,35030000000.0,35158000000.0,35286000000.0,35414000000.0,35542000000.0,35670000000.0,35798000000.0,35926000000.0,36054000000.0,36182000000.0,36310000000.0,36438000000.0,36566000000.0,32630000000.0,32758000000.0,32886000000.0,33014000000.0,33142000000.0,33270000000.0,33398000000.0,33526000000.0,33654000000.0,33782000000.0,33910000000.0,34038000000.0,34166000000.0,34294000000.0,34422000000.0,34550000000.0,30646000000.0,30774000000.0,30902000000.0,31030000000.0,31158000000.0,31286000000.0,31414000000.0,31542000000.0,31670000000.0,31798000000.0,31926000000.0,32054000000.0,32182000000.0,32310000000.0,32438000000.0,32566000000.0",D,3.8517E10,3.0581E10,EVLA,"64,64,64,64,64,64,64,64,64,64,64,64,64,64,64,64,64,64,64,64,64,64,64,64,64,64,64,64,64,64,64,64,64,64,64,64,64,64,64,64,64,64,64,64,64,64,64,64,64,64,64,64,64,64,64,64,64,64,64,64,64,64,64,64",23B-154.sb44570528.eb44777613.60257.206129212966,"RR, RL, LR, LL",23B-154,PUBLIC,-27.776516668476432,53.161808331567144,"2000000.0,2000000.0,2000000.0,2000000.0,2000000.0,2000000.0,2000000.0,2000000.0,2000000.0,2000000.0,2000000.0,2000000.0,2000000.0,2000000.0,2000000.0,2000000.0,2000000.0,2000000.0,2000000.0,2000000.0,2000000.0,2000000.0,2000000.0,2000000.0,2000000.0,2000000.0,2000000.0,2000000.0,2000000.0,2000000.0,2000000.0,2000000.0,2000000.0,2000000.0,2000000.0,2000000.0,2000000.0,2000000.0,2000000.0,2000000.0,2000000.0,2000000.0,2000000.0,2000000.0,2000000.0,2000000.0,2000000.0,2000000.0,2000000.0,2000000.0,2000000.0,2000000.0,2000000.0,2000000.0,2000000.0,2000000.0,2000000.0,2000000.0,2000000.0,2000000.0,2000000.0,2000000.0,2000000.0,2000000.0","EVLA_KA#A1C1#2,EVLA_KA#A1C1#3,EVLA_KA#A1C1#4,EVLA_KA#A1C1#5,EVLA_KA#A1C1#6,EVLA_KA#A1C1#7,EVLA_KA#A1C1#8,EVLA_KA#A1C1#9,EVLA_KA#A1C1#10,EVLA_KA#A1C1#11,EVLA_KA#A1C1#12,EVLA_KA#A1C1#13,EVLA_KA#A1C1#14,EVLA_KA#A1C1#15,EVLA_KA#A1C1#16,EVLA_KA#A1C1#17,EVLA_KA#A2C2#18,EVLA_KA#A2C2#19,EVLA_KA#A2C2#20,EVLA_KA#A2C2#21,EVLA_KA#A2C2#22,EVLA_KA#A2C2#23,EVLA_KA#A2C2#24,EVLA_KA#A2C2#25,EVLA_KA#A2C2#26,EVLA_KA#A2C2#27,EVLA_KA#A2C2#28,EVLA_KA#A2C2#29,EVLA_KA#A2C2#30,EVLA_KA#A2C2#31,EVLA_KA#A2C2#32,EVLA_KA#A2C2#33,EVLA_KA#B1D1#34,EVLA_KA#B1D1#35,EVLA_KA#B1D1#36,EVLA_KA#B1D1#37,EVLA_KA#B1D1#38,EVLA_KA#B1D1#39,EVLA_KA#B1D1#40,EVLA_KA#B1D1#41,EVLA_KA#B1D1#42,EVLA_KA#B1D1#43,EVLA_KA#B1D1#44,EVLA_KA#B1D1#45,EVLA_KA#B1D1#46,EVLA_KA#B1D1#47,EVLA_KA#B1D1#48,EVLA_KA#B1D1#49,EVLA_KA#B2D2#50,EVLA_KA#B2D2#51,EVLA_KA#B2D2#52,EVLA_KA#B2D2#53,EVLA_KA#B2D2#54,EVLA_KA#B2D2#55,EVLA_KA#B2D2#56,EVLA_KA#B2D2#57,EVLA_KA#B2D2#58,EVLA_KA#B2D2#59,EVLA_KA#B2D2#60,EVLA_KA#B2D2#61,EVLA_KA#B2D2#62,EVLA_KA#B2D2#63,EVLA_KA#B2D2#64,EVLA_KA#B2D2#65",147.6,vlaspecs2
https://data.nrao.edu/portal/#/productViewer/24A-130.sb44836934.eb44841807.60276.304101041664,"128000000.0,128000000.0,128000000.0,128000000.0,128000000.0,128000000.0,128000000.0,128000000.0,128000000.0,128000000.0,128000000.0,128000000.0,128000000.0,128000000.0,128000000.0,128000000.0,128000000.0,128000000.0,128000000.0,128000000.0,128000000.0,128000000.0,128000000.0,128000000.0,128000000.0,128000000.0,128000000.0,128000000.0,128000000.0,128000000.0,128000000.0,128000000.0,128000000.0,128000000.0,128000000.0,128000000.0,128000000.0,128000000.0,128000000.0,128000000.0,128000000.0,128000000.0,128000000.0,128000000.0,128000000.0,128000000.0,128000000.0,128000000.0,128000000.0,128000000.0,128000000.0,128000000.0,128000000.0,128000000.0,128000000.0,128000000.0,128000000.0,128000000.0,128000000.0,128000000.0,128000000.0,128000000.0,128000000.0","33041000000.0,33169000000.0,33297000000.0,33425000000.0,33553000000.0,33681000000.0,33809000000.0,33937000000.0,34065000000.0,34193000000.0,34321000000.0,34449000000.0,34577000000.0,34705000000.0,34833000000.0,34961000000.0,35041000000.0,35169000000.0,35297000000.0,35425000000.0,35553000000.0,35681000000.0,35809000000.0,35937000000.0,36065000000.0,36193000000.0,36321000000.0,36449000000.0,36577000000.0,36705000000.0,36833000000.0,36961000000.0,30961000000.0,30833000000.0,30705000000.0,30577000000.0,30449000000.0,30321000000.0,30193000000.0,30065000000.0,29937000000.0,29809000000.0,29681000000.0,29553000000.0,29425000000.0,29297000000.0,29169000000.0,32961000000.0,32833000000.0,32705000000.0,32577000000.0,32449000000.0,32321000000.0,32193000000.0,32065000000.0,31937000000.0,31809000000.0,31681000000.0,31553000000.0,31425000000.0,31297000000.0,31169000000.0,31041000000.0",D,3.6896E10,2.9104E10,EVLA,"64,64,64,64,64,64,64,64,64,64,64,64,64,64,64,64,64,64,64,64,64,64,64,64,64,64,64,64,64,64,64,64,64,64,64,64,64,64,64,64,64,64,64,64,64,64,64,64,64,64,64,64,64,64,64,64,64,64,64,64,64,64,64",24A-130.sb44836934.eb44841807.60276.304101041664,"RR, RL, LR, LL",24A-130,PUBLIC,33.15975916513661,24.422080963402365,"2000000.0,2000000.0,2000000.0,2000000.0,2000000.0,2000000.0,2000000.0,2000000.0,2000000.0,2000000.0,2000000.0,2000000.0,2000000.0,2000000.0,2000000.0,2000000.0,2000000.0,2000000.0,2000000.0,2000000.0,2000000.0,2000000.0,2000000.0,2000000.0,2000000.0,2000000.0,2000000.0,2000000.0,2000000.0,2000000.0,2000000.0,2000000.0,2000000.0,2000000.0,2000000.0,2000000.0,2000000.0,2000000.0,2000000.0,2000000.0,2000000.0,2000000.0,2000000.0,2000000.0,2000000.0,2000000.0,2000000.0,2000000.0,2000000.0,2000000.0,2000000.0,2000000.0,2000000.0,2000000.0,2000000.0,2000000.0,2000000.0,2000000.0,2000000.0,2000000.0,2000000.0,2000000.0,2000000.0","EVLA_KA#A1C1#114,EVLA_KA#A1C1#115,EVLA_KA#A1C1#116,EVLA_KA#A1C1#117,EVLA_KA#A1C1#118,EVLA_KA#A1C1#119,EVLA_KA#A1C1#120,EVLA_KA#A1C1#121,EVLA_KA#A1C1#122,EVLA_KA#A1C1#123,EVLA_KA#A1C1#124,EVLA_KA#A1C1#125,EVLA_KA#A1C1#126,EVLA_KA#A1C1#127,EVLA_KA#A1C1#128,EVLA_KA#A1C1#129,EVLA_KA#A2C2#130,EVLA_KA#A2C2#131,EVLA_KA#A2C2#132,EVLA_KA#A2C2#133,EVLA_KA#A2C2#134,EVLA_KA#A2C2#135,EVLA_KA#A2C2#136,EVLA_KA#A2C2#137,EVLA_KA#A2C2#138,EVLA_KA#A2C2#139,EVLA_KA#A2C2#140,EVLA_KA#A2C2#141,EVLA_KA#A2C2#142,EVLA_KA#A2C2#143,EVLA_KA#A2C2#144,EVLA_KA#A2C2#145,EVLA_KA#B1D1#146,EVLA_KA#B1D1#147,EVLA_KA#B1D1#148,EVLA_KA#B1D1#149,EVLA_KA#B1D1#150,EVLA_KA#B1D1#151,EVLA_KA#B1D1#152,EVLA_KA#B1D1#153,EVLA_KA#B1D1#154,EVLA_KA#B1D1#155,EVLA_KA#B1D1#156,EVLA_KA#B1D1#157,EVLA_KA#B1D1#158,EVLA_KA#B1D1#159,EVLA_KA#B1D1#160,EVLA_KA#B2D2#161,EVLA_KA#B2D2#162,EVLA_KA#B2D2#163,EVLA_KA#B2D2#164,EVLA_KA#B2D2#165,EVLA_KA#B2D2#166,EVLA_KA#B2D2#167,EVLA_KA#B2D2#168,EVLA_KA#B2D2#169,EVLA_KA#B2D2#170,EVLA_KA#B2D2#171,EVLA_KA#B2D2#172,EVLA_KA#B2D2#173,EVLA_KA#B2D2#174,EVLA_KA#B2D2#175,EVLA_KA#B2D2#176",59.85,0137+331=3C48
https://data.nrao.edu/portal/#/productViewer/24A-130.sb44836934.eb44841807.60276.304101041664,"128000000.0,128000000.0,128000000.0,128000000.0,128000000.0,128000000.0,128000000.0,128000000.0,128000000.0,128000000.0,128000000.0,128000000.0,128000000.0,128000000.0,128000000.0,128000000.0,128000000.0,128000000.0,128000000.0,128000000.0,128000000.0,128000000.0,128000000.0,128000000.0,128000000.0,128000000.0,128000000.0,128000000.0,128000000.0,128000000.0,128000000.0,128000000.0,128000000.0,128000000.0,128000000.0,128000000.0,128000000.0,128000000.0,128000000.0,128000000.0,128000000.0,128000000.0,128000000.0,128000000.0,128000000.0,128000000.0,128000000.0,128000000.0,128000000.0,128000000.0,128000000.0,128000000.0,128000000.0,128000000.0,128000000.0,128000000.0,128000000.0,128000000.0,128000000.0,128000000.0,128000000.0,128000000.0,128000000.0","33041000000.0,33169000000.0,33297000000.0,33425000000.0,33553000000.0,33681000000.0,33809000000.0,33937000000.0,34065000000.0,34193000000.0,34321000000.0,34449000000.0,34577000000.0,34705000000.0,34833000000.0,34961000000.0,35041000000.0,35169000000.0,35297000000.0,35425000000.0,35553000000.0,35681000000.0,35809000000.0,35937000000.0,36065000000.0,36193000000.0,36321000000.0,36449000000.0,36577000000.0,36705000000.0,36833000000.0,36961000000.0,30961000000.0,30833000000.0,30705000000.0,30577000000.0,30449000000.0,30321000000.0,30193000000.0,30065000000.0,29937000000.0,29809000000.0,29681000000.0,29553000000.0,29425000000.0,29297000000.0,29169000000.0,32961000000.0,32833000000.0,32705000000.0,32577000000.0,32449000000.0,32321000000.0,32193000000.0,32065000000.0,31937000000.0,31809000000.0,31681000000.0,31553000000.0,31425000000.0,31297000000.0,31169000000.0,31041000000.0",D,3.6896E10,2.9104E10,EVLA,"64,64,64,64,64,64,64,64,64,64,64,64,64,64,64,64,64,64,64,64,64,64,64,64,64,64,64,64,64,64,64,64,64,64,64,64,64,64,64,64,64,64,64,64,64,64,64,64,64,64,64,64,64,64,64,64,64,64,64,64,64,64,64",24A-130.sb44836934.eb44841807.60276.304101041664,"RR, RL, LR, LL",24A-130,PUBLIC,73.45833818089044,4.940776779021187,"2000000.0,2000000.0,2000000.0,2000000.0,2000000.0,2000000.0,2000000.0,2000000.0,2000000.0,2000000.0,2000000.0,2000000.0,2000000.0,2000000.0,2000000.0,2000000.0,2000000.0,2000000.0,2000000.0,2000000.0,2000000.0,2000000.0,2000000.0,2000000.0,2000000.0,2000000.0,2000000.0,2000000.0,2000000.0,2000000.0,2000000.0,2000000.0,2000000.0,2000000.0,2000000.0,2000000.0,2000000.0,2000000.0,2000000.0,2000000.0,2000000.0,2000000.0,2000000.0,2000000.0,2000000.0,2000000.0,2000000.0,2000000.0,2000000.0,2000000.0,2000000.0,2000000.0,2000000.0,2000000.0,2000000.0,2000000.0,2000000.0,2000000.0,2000000.0,2000000.0,2000000.0,2000000.0,2000000.0","EVLA_KA#A1C1#114,EVLA_KA#A1C1#115,EVLA_KA#A1C1#116,EVLA_KA#A1C1#117,EVLA_KA#A1C1#118,EVLA_KA#A1C1#119,EVLA_KA#A1C1#120,EVLA_KA#A1C1#121,EVLA_KA#A1C1#122,EVLA_KA#A1C1#123,EVLA_KA#A1C1#124,EVLA_KA#A1C1#125,EVLA_KA#A1C1#126,EVLA_KA#A1C1#127,EVLA_KA#A1C1#128,EVLA_KA#A1C1#129,EVLA_KA#A2C2#130,EVLA_KA#A2C2#131,EVLA_KA#A2C2#132,EVLA_KA#A2C2#133,EVLA_KA#A2C2#134,EVLA_KA#A2C2#135,EVLA_KA#A2C2#136,EVLA_KA#A2C2#137,EVLA_KA#A2C2#138,EVLA_KA#A2C2#139,EVLA_KA#A2C2#140,EVLA_KA#A2C2#141,EVLA_KA#A2C2#142,EVLA_KA#A2C2#143,EVLA_KA#A2C2#144,EVLA_KA#A2C2#145,EVLA_KA#B1D1#146,EVLA_KA#B1D1#147,EVLA_KA#B1D1#148,EVLA_KA#B1D1#149,EVLA_KA#B1D1#150,EVLA_KA#B1D1#151,EVLA_KA#B1D1#152,EVLA_KA#B1D1#153,EVLA_KA#B1D1#154,EVLA_KA#B1D1#155,EVLA_KA#B1D1#156,EVLA_KA#B1D1#157,EVLA_KA#B1D1#158,EVLA_KA#B1D1#159,EVLA_KA#B1D1#160,EVLA_KA#B2D2#161,EVLA_KA#B2D2#162,EVLA_KA#B2D2#163,EVLA_KA#B2D2#164,EVLA_KA#B2D2#165,EVLA_KA#B2D2#166,EVLA_KA#B2D2#167,EVLA_KA#B2D2#168,EVLA_KA#B2D2#169,EVLA_KA#B2D2#170,EVLA_KA#B2D2#171,EVLA_KA#B2D2#172,EVLA_KA#B2D2#173,EVLA_KA#B2D2#174,EVLA_KA#B2D2#175,EVLA_KA#B2D2#176",39.9,J0019+7327
https://data.nrao.edu/portal/#/productViewer/24A-130.sb44836934.eb44841807.60276.304101041664,"128000000.0,128000000.0,128000000.0,128000000.0,128000000.0,128000000.0,128000000.0,128000000.0,128000000.0,128000000.0,128000000.0,128000000.0,128000000.0,128000000.0,128000000.0,128000000.0,128000000.0,128000000.0,128000000.0,128000000.0,128000000.0,128000000.0,128000000.0,128000000.0,128000000.0,128000000.0,128000000.0,128000000.0,128000000.0,128000000.0,128000000.0,128000000.0,128000000.0,128000000.0,128000000.0,128000000.0,128000000.0,128000000.0,128000000.0,128000000.0,128000000.0,128000000.0,128000000.0,128000000.0,128000000.0,128000000.0,128000000.0,128000000.0,128000000.0,128000000.0,128000000.0,128000000.0,128000000.0,128000000.0,128000000.0,128000000.0,128000000.0,128000000.0,128000000.0,128000000.0,128000000.0,128000000.0,128000000.0","33041000000.0,33169000000.0,33297000000.0,33425000000.0,33553000000.0,33681000000.0,33809000000.0,33937000000.0,34065000000.0,34193000000.0,34321000000.0,34449000000.0,34577000000.0,34705000000.0,34833000000.0,34961000000.0,35041000000.0,35169000000.0,35297000000.0,35425000000.0,35553000000.0,35681000000.0,35809000000.0,35937000000.0,36065000000.0,36193000000.0,36321000000.0,36449000000.0,36577000000.0,36705000000.0,36833000000.0,36961000000.0,30961000000.0,30833000000.0,30705000000.0,30577000000.0,30449000000.0,30321000000.0,30193000000.0,30065000000.0,29937000000.0,29809000000.0,29681000000.0,29553000000.0,29425000000.0,29297000000.0,29169000000.0,32961000000.0,32833000000.0,32705000000.0,32577000000.0,32449000000.0,32321000000.0,32193000000.0,32065000000.0,31937000000.0,31809000000.0,31681000000.0,31553000000.0,31425000000.0,31297000000.0,31169000000.0,31041000000.0",D,3.6896E10,2.9104E10,EVLA,"64,64,64,64,64,64,64,64,64,64,64,64,64,64,64,64,64,64,64,64,64,64,64,64,64,64,64,64,64,64,64,64,64,64,64,64,64,64,64,64,64,64,64,64,64,64,64,64,64,64,64,64,64,64,64,64,64,64,64,64,64,64,64",24A-130.sb44836934.eb44841807.60276.304101041664,"RR, RL, LR, LL",24A-130,PUBLIC,80.14558889112945,14.2466249973107,"2000000.0,2000000.0,2000000.0,2000000.0,2000000.0,2000000.0,2000000.0,2000000.0,2000000.0,2000000.0,2000000.0,2000000.0,2000000.0,2000000.0,2000000.0,2000000.0,2000000.0,2000000.0,2000000.0,2000000.0,2000000.0,2000000.0,2000000.0,2000000.0,2000000.0,2000000.0,2000000.0,2000000.0,2000000.0,2000000.0,2000000.0,2000000.0,2000000.0,2000000.0,2000000.0,2000000.0,2000000.0,2000000.0,2000000.0,2000000.0,2000000.0,2000000.0,2000000.0,2000000.0,2000000.0,2000000.0,2000000.0,2000000.0,2000000.0,2000000.0,2000000.0,2000000.0,2000000.0,2000000.0,2000000.0,2000000.0,2000000.0,2000000.0,2000000.0,2000000.0,2000000.0,2000000.0,2000000.0","EVLA_KA#A1C1#114,EVLA_KA#A1C1#115,EVLA_KA#A1C1#116,EVLA_KA#A1C1#117,EVLA_KA#A1C1#118,EVLA_KA#A1C1#119,EVLA_KA#A1C1#120,EVLA_KA#A1C1#121,EVLA_KA#A1C1#122,EVLA_KA#A1C1#123,EVLA_KA#A1C1#124,EVLA_KA#A1C1#125,EVLA_KA#A1C1#126,EVLA_KA#A1C1#127,EVLA_KA#A1C1#128,EVLA_KA#A1C1#129,EVLA_KA#A2C2#130,EVLA_KA#A2C2#131,EVLA_KA#A2C2#132,EVLA_KA#A2C2#133,EVLA_KA#A2C2#134,EVLA_KA#A2C2#135,EVLA_KA#A2C2#136,EVLA_KA#A2C2#137,EVLA_KA#A2C2#138,EVLA_KA#A2C2#139,EVLA_KA#A2C2#140,EVLA_KA#A2C2#141,EVLA_KA#A2C2#142,EVLA_KA#A2C2#143,EVLA_KA#A2C2#144,EVLA_KA#A2C2#145,EVLA_KA#B1D1#146,EVLA_KA#B1D1#147,EVLA_KA#B1D1#148,EVLA_KA#B1D1#149,EVLA_KA#B1D1#150,EVLA_KA#B1D1#151,EVLA_KA#B1D1#152,EVLA_KA#B1D1#153,EVLA_KA#B1D1#154,EVLA_KA#B1D1#155,EVLA_KA#B1D1#156,EVLA_KA#B1D1#157,EVLA_KA#B1D1#158,EVLA_KA#B1D1#159,EVLA_KA#B1D1#160,EVLA_KA#B2D2#161,EVLA_KA#B2D2#162,EVLA_KA#B2D2#163,EVLA_KA#B2D2#164,EVLA_KA#B2D2#165,EVLA_KA#B2D2#166,EVLA_KA#B2D2#167,EVLA_KA#B2D2#168,EVLA_KA#B2D2#169,EVLA_KA#B2D2#170,EVLA_KA#B2D2#171,EVLA_KA#B2D2#172,EVLA_KA#B2D2#173,EVLA_KA#B2D2#174,EVLA_KA#B2D2#175,EVLA_KA#B2D2#176",299.2,AT2023sva
https://data.nrao.edu/portal/#/productViewer/24A-198.sb45864237.eb46834095.60589.89352416666,"128000000.0,128000000.0,128000000.0,128000000.0,64000000.0,128000000.0,128000000.0,128000000.0,128000000.0,128000000.0,128000000.0,128000000.0,128000000.0,128000000.0,128000000.0,128000000.0,128000000.0","35784148120.94924,35912148120.94924,36040148120.94924,36168148120.94924,36167162903.8316,36296148120.94924,36424148120.94924,36552148120.94924,36680148120.94924,34784148120.94924,34912148120.94924,35040148120.94924,35168148120.94924,35296148120.94924,35424148120.94924,35552148120.94924,35680148120.94924",BnA,3.661514812094924E10,3.471914812094924E10,EVLA,"64,64,64,64,2176,64,64,64,64,64,64,64,64,64,64,64,64",24A-198.sb45864237.eb46834095.60589.89352416666,"RR, RL, LR, LL",24A-198,PUBLIC,30.509155237703542,202.78453326533136,"2000000.0,2000000.0,2000000.0,2000000.0,29411.764705882357,2000000.0,2000000.0,2000000.0,2000000.0,2000000.0,2000000.0,2000000.0,2000000.0,2000000.0,2000000.0,2000000.0,2000000.0","EVLA_KA#A0C0#2,EVLA_KA#A0C0#3,EVLA_KA#A0C0#4,EVLA_KA#A0C0#5,EVLA_KA#A0C0#6,EVLA_KA#A0C0#7,EVLA_KA#A0C0#8,EVLA_KA#A0C0#9,EVLA_KA#A0C0#10,EVLA_KA#B0D0#11,EVLA_KA#B0D0#12,EVLA_KA#B0D0#13,EVLA_KA#B0D0#14,EVLA_KA#B0D0#15,EVLA_KA#B0D0#16,EVLA_KA#B0D0#17,EVLA_KA#B0D0#18",59.85,3C286
https://data.nrao.edu/portal/#/productViewer/24A-198.sb45864237.eb46834095.60589.89352416666,"128000000.0,128000000.0,128000000.0,128000000.0,64000000.0,128000000.0,128000000.0,128000000.0,128000000.0,128000000.0,128000000.0,128000000.0,128000000.0,128000000.0,128000000.0,128000000.0,128000000.0","35784148120.94924,35912148120.94924,36040148120.94924,36168148120.94924,36167162903.8316,36296148120.94924,36424148120.94924,36552148120.94924,36680148120.94924,34784148120.94924,34912148120.94924,35040148120.94924,35168148120.94924,35296148120.94924,35424148120.94924,35552148120.94924,35680148120.94924",BnA,3.661514812094924E10,3.471914812094924E10,EVLA,"64,64,64,64,2176,64,64,64,64,64,64,64,64,64,64,64,64",24A-198.sb45864237.eb46834095.60589.89352416666,"RR, RL, LR, LL",24A-198,PUBLIC,28.45408054855735,211.75164337485174,"2000000.0,2000000.0,2000000.0,2000000.0,29411.764705882357,2000000.0,2000000.0,2000000.0,2000000.0,2000000.0,2000000.0,2000000.0,2000000.0,2000000.0,2000000.0,2000000.0,2000000.0","EVLA_KA#A0C0#2,EVLA_KA#A0C0#3,EVLA_KA#A0C0#4,EVLA_KA#A0C0#5,EVLA_KA#A0C0#6,EVLA_KA#A0C0#7,EVLA_KA#A0C0#8,EVLA_KA#A0C0#9,EVLA_KA#A0C0#10,EVLA_KA#B0D0#11,EVLA_KA#B0D0#12,EVLA_KA#B0D0#13,EVLA_KA#B0D0#14,EVLA_KA#B0D0#15,EVLA_KA#B0D0#16,EVLA_KA#B0D0#17,EVLA_KA#B0D0#18",299.15,J1407+2827
https://data.nrao.edu/portal/#/productViewer/24A-198.sb45864237.eb46834095.60589.89352416666,"128000000.0,128000000.0,128000000.0,128000000.0,64000000.0,128000000.0,128000000.0,128000000.0,128000000.0,128000000.0,128000000.0,128000000.0,128000000.0,128000000.0,128000000.0,128000000.0,128000000.0","35784148120.94924,35912148120.94924,36040148120.94924,36168148120.94924,36167162903.8316,36296148120.94924,36424148120.94924,36552148120.94924,36680148120.94924,34784148120.94924,34912148120.94924,35040148120.94924,35168148120.94924,35296148120.94924,35424148120.94924,35552148120.94924,35680148120.94924",BnA,3.661514812094924E10,3.471914812094924E10,EVLA,"64,64,64,64,2176,64,64,64,64,64,64,64,64,64,64,64,64",24A-198.sb45864237.eb46834095.60589.89352416666,"RR, RL, LR, LL",24A-198,PUBLIC,-29.00779694269657,266.4168262513661,"2000000.0,2000000.0,2000000.0,2000000.0,29411.764705882357,2000000.0,2000000.0,2000000.0,2000000.0,2000000.0,2000000.0,2000000.0,2000000.0,2000000.0,2000000.0,2000000.0,2000000.0","EVLA_KA#A0C0#2,EVLA_KA#A0C0#3,EVLA_KA#A0C0#4,EVLA_KA#A0C0#5,EVLA_KA#A0C0#6,EVLA_KA#A0C0#7,EVLA_KA#A0C0#8,EVLA_KA#A0C0#9,EVLA_KA#A0C0#10,EVLA_KA#B0D0#11,EVLA_KA#B0D0#12,EVLA_KA#B0D0#13,EVLA_KA#B0D0#14,EVLA_KA#B0D0#15,EVLA_KA#B0D0#16,EVLA_KA#B0D0#17,EVLA_KA#B0D0#18",59.8,J1745-2900
https://data.nrao.edu/portal/#/productViewer/24A-198.sb45864237.eb46834095.60589.89352416666,"128000000.0,128000000.0,128000000.0,128000000.0,64000000.0,128000000.0,128000000.0,128000000.0,128000000.0,128000000.0,128000000.0,128000000.0,128000000.0,128000000.0,128000000.0,128000000.0,128000000.0","35784148120.94924,35912148120.94924,36040148120.94924,36168148120.94924,36167162903.8316,36296148120.94924,36424148120.94924,36552148120.94924,36680148120.94924,34784148120.94924,34912148120.94924,35040148120.94924,35168148120.94924,35296148120.94924,35424148120.94924,35552148120.94924,35680148120.94924",BnA,3.661514812094924E10,3.471914812094924E10,EVLA,"64,64,64,64,2176,64,64,64,64,64,64,64,64,64,64,64,64",24A-198.sb45864237.eb46834095.60589.89352416666,"RR, RL, LR, LL",24A-198,PUBLIC,-27.800000002611334,267.5000000008691,"2000000.0,2000000.0,2000000.0,2000000.0,29411.764705882357,2000000.0,2000000.0,2000000.0,2000000.0,2000000.0,2000000.0,2000000.0,2000000.0,2000000.0,2000000.0,2000000.0,2000000.0","EVLA_KA#A0C0#2,EVLA_KA#A0C0#3,EVLA_KA#A0C0#4,EVLA_KA#A0C0#5,EVLA_KA#A0C0#6,EVLA_KA#A0C0#7,EVLA_KA#A0C0#8,EVLA_KA#A0C0#9,EVLA_KA#A0C0#10,EVLA_KA#B0D0#11,EVLA_KA#B0D0#12,EVLA_KA#B0D0#13,EVLA_KA#B0D0#14,EVLA_KA#B0D0#15,EVLA_KA#B0D0#16,EVLA_KA#B0D0#17,EVLA_KA#B0D0#18",124.7,J1
https://data.nrao.edu/portal/#/productViewer/24A-198.sb45864237.eb46834095.60589.89352416666,"128000000.0,128000000.0,128000000.0,128000000.0,64000000.0,128000000.0,128000000.0,128000000.0,128000000.0,128000000.0,128000000.0,128000000.0,128000000.0,128000000.0,128000000.0,128000000.0,128000000.0","35784148120.94924,35912148120.94924,36040148120.94924,36168148120.94924,36167162903.8316,36296148120.94924,36424148120.94924,36552148120.94924,36680148120.94924,34784148120.94924,34912148120.94924,35040148120.94924,35168148120.94924,35296148120.94924,35424148120.94924,35552148120.94924,35680148120.94924",BnA,3.661514812094924E10,3.471914812094924E10,EVLA,"64,64,64,64,2176,64,64,64,64,64,64,64,64,64,64,64,64",24A-198.sb45864237.eb46834095.60589.89352416666,"RR, RL, LR, LL",24A-198,PUBLIC,-27.800000002611334,267.4791666652916,"2000000.0,2000000.0,2000000.0,2000000.0,29411.764705882357,2000000.0,2000000.0,2000000.0,2000000.0,2000000.0,2000000.0,2000000.0,2000000.0,2000000.0,2000000.0,2000000.0,2000000.0","EVLA_KA#A0C0#2,EVLA_KA#A0C0#3,EVLA_KA#A0C0#4,EVLA_KA#A0C0#5,EVLA_KA#A0C0#6,EVLA_KA#A0C0#7,EVLA_KA#A0C0#8,EVLA_KA#A0C0#9,EVLA_KA#A0C0#10,EVLA_KA#B0D0#11,EVLA_KA#B0D0#12,EVLA_KA#B0D0#13,EVLA_KA#B0D0#14,EVLA_KA#B0D0#15,EVLA_KA#B0D0#16,EVLA_KA#B0D0#17,EVLA_KA#B0D0#18",124.65,J2
https://data.nrao.edu/portal/#/productViewer/24A-198.sb45864237.eb46834095.60589.89352416666,"128000000.0,128000000.0,128000000.0,128000000.0,64000000.0,128000000.0,128000000.0,128000000.0,128000000.0,128000000.0,128000000.0,128000000.0,128000000.0,128000000.0,128000000.0,128000000.0,128000000.0","35784148120.94924,35912148120.94924,36040148120.94924,36168148120.94924,36167162903.8316,36296148120.94924,36424148120.94924,36552148120.94924,36680148120.94924,34784148120.94924,34912148120.94924,35040148120.94924,35168148120.94924,35296148120.94924,35424148120.94924,35552148120.94924,35680148120.94924",BnA,3.661514812094924E10,3.471914812094924E10,EVLA,"64,64,64,64,2176,64,64,64,64,64,64,64,64,64,64,64,64",24A-198.sb45864237.eb46834095.60589.89352416666,"RR, RL, LR, LL",24A-198,PUBLIC,-27.800000002611334,267.4583333354437,"2000000.0,2000000.0,2000000.0,2000000.0,29411.764705882357,2000000.0,2000000.0,2000000.0,2000000.0,2000000.0,2000000.0,2000000.0,2000000.0,2000000.0,2000000.0,2000000.0,2000000.0","EVLA_KA#A0C0#2,EVLA_KA#A0C0#3,EVLA_KA#A0C0#4,EVLA_KA#A0C0#5,EVLA_KA#A0C0#6,EVLA_KA#A0C0#7,EVLA_KA#A0C0#8,EVLA_KA#A0C0#9,EVLA_KA#A0C0#10,EVLA_KA#B0D0#11,EVLA_KA#B0D0#12,EVLA_KA#B0D0#13,EVLA_KA#B0D0#14,EVLA_KA#B0D0#15,EVLA_KA#B0D0#16,EVLA_KA#B0D0#17,EVLA_KA#B0D0#18",124.65,J3
https://data.nrao.edu/portal/#/productViewer/24A-198.sb45864237.eb46834095.60589.89352416666,"128000000.0,128000000.0,128000000.0,128000000.0,64000000.0,128000000.0,128000000.0,128000000.0,128000000.0,128000000.0,128000000.0,128000000.0,128000000.0,128000000.0,128000000.0,128000000.0,128000000.0","35784148120.94924,35912148120.94924,36040148120.94924,36168148120.94924,36167162903.8316,36296148120.94924,36424148120.94924,36552148120.94924,36680148120.94924,34784148120.94924,34912148120.94924,35040148120.94924,35168148120.94924,35296148120.94924,35424148120.94924,35552148120.94924,35680148120.94924",BnA,3.661514812094924E10,3.471914812094924E10,EVLA,"64,64,64,64,2176,64,64,64,64,64,64,64,64,64,64,64,64",24A-198.sb45864237.eb46834095.60589.89352416666,"RR, RL, LR, LL",24A-198,PUBLIC,-27.800000002611334,267.4374999998662,"2000000.0,2000000.0,2000000.0,2000000.0,29411.764705882357,2000000.0,2000000.0,2000000.0,2000000.0,2000000.0,2000000.0,2000000.0,2000000.0,2000000.0,2000000.0,2000000.0,2000000.0","EVLA_KA#A0C0#2,EVLA_KA#A0C0#3,EVLA_KA#A0C0#4,EVLA_KA#A0C0#5,EVLA_KA#A0C0#6,EVLA_KA#A0C0#7,EVLA_KA#A0C0#8,EVLA_KA#A0C0#9,EVLA_KA#A0C0#10,EVLA_KA#B0D0#11,EVLA_KA#B0D0#12,EVLA_KA#B0D0#13,EVLA_KA#B0D0#14,EVLA_KA#B0D0#15,EVLA_KA#B0D0#16,EVLA_KA#B0D0#17,EVLA_KA#B0D0#18",124.65,J4
https://data.nrao.edu/portal/#/productViewer/24A-198.sb45864237.eb46834095.60589.89352416666,"128000000.0,128000000.0,128000000.0,128000000.0,64000000.0,128000000.0,128000000.0,128000000.0,128000000.0,128000000.0,128000000.0,128000000.0,128000000.0,128000000.0,128000000.0,128000000.0,128000000.0","35784148120.94924,35912148120.94924,36040148120.94924,36168148120.94924,36167162903.8316,36296148120.94924,36424148120.94924,36552148120.94924,36680148120.94924,34784148120.94924,34912148120.94924,35040148120.94924,35168148120.94924,35296148120.94924,35424148120.94924,35552148120.94924,35680148120.94924",BnA,3.661514812094924E10,3.471914812094924E10,EVLA,"64,64,64,64,2176,64,64,64,64,64,64,64,64,64,64,64,64",24A-198.sb45864237.eb46834095.60589.89352416666,"RR, RL, LR, LL",24A-198,PUBLIC,-27.800000002611334,267.4166666642887,"2000000.0,2000000.0,2000000.0,2000000.0,29411.764705882357,2000000.0,2000000.0,2000000.0,2000000.0,2000000.0,2000000.0,2000000.0,2000000.0,2000000.0,2000000.0,2000000.0,2000000.0","EVLA_KA#A0C0#2,EVLA_KA#A0C0#3,EVLA_KA#A0C0#4,EVLA_KA#A0C0#5,EVLA_KA#A0C0#6,EVLA_KA#A0C0#7,EVLA_KA#A0C0#8,EVLA_KA#A0C0#9,EVLA_KA#A0C0#10,EVLA_KA#B0D0#11,EVLA_KA#B0D0#12,EVLA_KA#B0D0#13,EVLA_KA#B0D0#14,EVLA_KA#B0D0#15,EVLA_KA#B0D0#16,EVLA_KA#B0D0#17,EVLA_KA#B0D0#18",124.65,J5
https://data.nrao.edu/portal/#/productViewer/24A-198.sb45864237.eb46834095.60589.89352416666,"128000000.0,128000000.0,128000000.0,128000000.0,64000000.0,128000000.0,128000000.0,128000000.0,128000000.0,128000000.0,128000000.0,128000000.0,128000000.0,128000000.0,128000000.0,128000000.0,128000000.0","35784148120.94924,35912148120.94924,36040148120.94924,36168148120.94924,36167162903.8316,36296148120.94924,36424148120.94924,36552148120.94924,36680148120.94924,34784148120.94924,34912148120.94924,35040148120.94924,35168148120.94924,35296148120.94924,35424148120.94924,35552148120.94924,35680148120.94924",BnA,3.661514812094924E10,3.471914812094924E10,EVLA,"64,64,64,64,2176,64,64,64,64,64,64,64,64,64,64,64,64",24A-198.sb45864237.eb46834095.60589.89352416666,"RR, RL, LR, LL",24A-198,PUBLIC,-27.800000002611334,267.3958333344408,"2000000.0,2000000.0,2000000.0,2000000.0,29411.764705882357,2000000.0,2000000.0,2000000.0,2000000.0,2000000.0,2000000.0,2000000.0,2000000.0,2000000.0,2000000.0,2000000.0,2000000.0","EVLA_KA#A0C0#2,EVLA_KA#A0C0#3,EVLA_KA#A0C0#4,EVLA_KA#A0C0#5,EVLA_KA#A0C0#6,EVLA_KA#A0C0#7,EVLA_KA#A0C0#8,EVLA_KA#A0C0#9,EVLA_KA#A0C0#10,EVLA_KA#B0D0#11,EVLA_KA#B0D0#12,EVLA_KA#B0D0#13,EVLA_KA#B0D0#14,EVLA_KA#B0D0#15,EVLA_KA#B0D0#16,EVLA_KA#B0D0#17,EVLA_KA#B0D0#18",124.65,J6
https://data.nrao.edu/portal/#/productViewer/24A-198.sb45864237.eb46834095.60589.89352416666,"128000000.0,128000000.0,128000000.0,128000000.0,64000000.0,128000000.0,128000000.0,128000000.0,128000000.0,128000000.0,128000000.0,128000000.0,128000000.0,128000000.0,128000000.0,128000000.0,128000000.0","35784148120.94924,35912148120.94924,36040148120.94924,36168148120.94924,36167162903.8316,36296148120.94924,36424148120.94924,36552148120.94924,36680148120.94924,34784148120.94924,34912148120.94924,35040148120.94924,35168148120.94924,35296148120.94924,35424148120.94924,35552148120.94924,35680148120.94924",BnA,3.661514812094924E10,3.471914812094924E10,EVLA,"64,64,64,64,2176,64,64,64,64,64,64,64,64,64,64,64,64",24A-198.sb45864237.eb46834095.60589.89352416666,"RR, RL, LR, LL",24A-198,PUBLIC,-27.800000002611334,267.3749999988633,"2000000.0,2000000.0,2000000.0,2000000.0,29411.764705882357,2000000.0,2000000.0,2000000.0,2000000.0,2000000.0,2000000.0,2000000.0,2000000.0,2000000.0,2000000.0,2000000.0,2000000.0","EVLA_KA#A0C0#2,EVLA_KA#A0C0#3,EVLA_KA#A0C0#4,EVLA_KA#A0C0#5,EVLA_KA#A0C0#6,EVLA_KA#A0C0#7,EVLA_KA#A0C0#8,EVLA_KA#A0C0#9,EVLA_KA#A0C0#10,EVLA_KA#B0D0#11,EVLA_KA#B0D0#12,EVLA_KA#B0D0#13,EVLA_KA#B0D0#14,EVLA_KA#B0D0#15,EVLA_KA#B0D0#16,EVLA_KA#B0D0#17,EVLA_KA#B0D0#18",124.65,J7
https://data.nrao.edu/portal/#/productViewer/24A-198.sb45864237.eb46834095.60589.89352416666,"128000000.0,128000000.0,128000000.0,128000000.0,64000000.0,128000000.0,128000000.0,128000000.0,128000000.0,128000000.0,128000000.0,128000000.0,128000000.0,128000000.0,128000000.0,128000000.0,128000000.0","35784148120.94924,35912148120.94924,36040148120.94924,36168148120.94924,36167162903.8316,36296148120.94924,36424148120.94924,36552148120.94924,36680148120.94924,34784148120.94924,34912148120.94924,35040148120.94924,35168148120.94924,35296148120.94924,35424148120.94924,35552148120.94924,35680148120.94924",BnA,3.661514812094924E10,3.471914812094924E10,EVLA,"64,64,64,64,2176,64,64,64,64,64,64,64,64,64,64,64,64",24A-198.sb45864237.eb46834095.60589.89352416666,"RR, RL, LR, LL",24A-198,PUBLIC,-27.800000002611334,267.3541666690154,"2000000.0,2000000.0,2000000.0,2000000.0,29411.764705882357,2000000.0,2000000.0,2000000.0,2000000.0,2000000.0,2000000.0,2000000.0,2000000.0,2000000.0,2000000.0,2000000.0,2000000.0","EVLA_KA#A0C0#2,EVLA_KA#A0C0#3,EVLA_KA#A0C0#4,EVLA_KA#A0C0#5,EVLA_KA#A0C0#6,EVLA_KA#A0C0#7,EVLA_KA#A0C0#8,EVLA_KA#A0C0#9,EVLA_KA#A0C0#10,EVLA_KA#B0D0#11,EVLA_KA#B0D0#12,EVLA_KA#B0D0#13,EVLA_KA#B0D0#14,EVLA_KA#B0D0#15,EVLA_KA#B0D0#16,EVLA_KA#B0D0#17,EVLA_KA#B0D0#18",124.65,J8
https://data.nrao.edu/portal/#/productViewer/24A-198.sb45864237.eb46834095.60589.89352416666,"128000000.0,128000000.0,128000000.0,128000000.0,64000000.0,128000000.0,128000000.0,128000000.0,128000000.0,128000000.0,128000000.0,128000000.0,128000000.0,128000000.0,128000000.0,128000000.0,128000000.0","35784148120.94924,35912148120.94924,36040148120.94924,36168148120.94924,36167162903.8316,36296148120.94924,36424148120.94924,36552148120.94924,36680148120.94924,34784148120.94924,34912148120.94924,35040148120.94924,35168148120.94924,35296148120.94924,35424148120.94924,35552148120.94924,35680148120.94924",BnA,3.661514812094924E10,3.471914812094924E10,EVLA,"64,64,64,64,2176,64,64,64,64,64,64,64,64,64,64,64,64",24A-198.sb45864237.eb46834095.60589.89352416666,"RR, RL, LR, LL",24A-198,PUBLIC,-27.800000002611334,267.33333333343796,"2000000.0,2000000.0,2000000.0,2000000.0,29411.764705882357,2000000.0,2000000.0,2000000.0,2000000.0,2000000.0,2000000.0,2000000.0,2000000.0,2000000.0,2000000.0,2000000.0,2000000.0","EVLA_KA#A0C0#2,EVLA_KA#A0C0#3,EVLA_KA#A0C0#4,EVLA_KA#A0C0#5,EVLA_KA#A0C0#6,EVLA_KA#A0C0#7,EVLA_KA#A0C0#8,EVLA_KA#A0C0#9,EVLA_KA#A0C0#10,EVLA_KA#B0D0#11,EVLA_KA#B0D0#12,EVLA_KA#B0D0#13,EVLA_KA#B0D0#14,EVLA_KA#B0D0#15,EVLA_KA#B0D0#16,EVLA_KA#B0D0#17,EVLA_KA#B0D0#18",124.65,J9
https://data.nrao.edu/portal/#/productViewer/24A-198.sb45864237.eb46834095.60589.89352416666,"128000000.0,128000000.0,128000000.0,128000000.0,64000000.0,128000000.0,128000000.0,128000000.0,128000000.0,128000000.0,128000000.0,128000000.0,128000000.0,128000000.0,128000000.0,128000000.0,128000000.0","35784148120.94924,35912148120.94924,36040148120.94924,36168148120.94924,36167162903.8316,36296148120.94924,36424148120.94924,36552148120.94924,36680148120.94924,34784148120.94924,34912148120.94924,35040148120.94924,35168148120.94924,35296148120.94924,35424148120.94924,35552148120.94924,35680148120.94924",BnA,3.661514812094924E10,3.471914812094924E10,EVLA,"64,64,64,64,2176,64,64,64,64,64,64,64,64,64,64,64,64",24A-198.sb45864237.eb46834095.60589.89352416666,"RR, RL, LR, LL",24A-198,PUBLIC,-27.800000002611334,267.31249999786047,"2000000.0,2000000.0,2000000.0,2000000.0,29411.764705882357,2000000.0,2000000.0,2000000.0,2000000.0,2000000.0,2000000.0,2000000.0,2000000.0,2000000.0,2000000.0,2000000.0,2000000.0","EVLA_KA#A0C0#2,EVLA_KA#A0C0#3,EVLA_KA#A0C0#4,EVLA_KA#A0C0#5,EVLA_KA#A0C0#6,EVLA_KA#A0C0#7,EVLA_KA#A0C0#8,EVLA_KA#A0C0#9,EVLA_KA#A0C0#10,EVLA_KA#B0D0#11,EVLA_KA#B0D0#12,EVLA_KA#B0D0#13,EVLA_KA#B0D0#14,EVLA_KA#B0D0#15,EVLA_KA#B0D0#16,EVLA_KA#B0D0#17,EVLA_KA#B0D0#18",124.7,J10
https://data.nrao.edu/portal/#/productViewer/24A-198.sb45864237.eb46834095.60589.89352416666,"128000000.0,128000000.0,128000000.0,128000000.0,64000000.0,128000000.0,128000000.0,128000000.0,128000000.0,128000000.0,128000000.0,128000000.0,128000000.0,128000000.0,128000000.0,128000000.0,128000000.0","35784148120.94924,35912148120.94924,36040148120.94924,36168148120.94924,36167162903.8316,36296148120.94924,36424148120.94924,36552148120.94924,36680148120.94924,34784148120.94924,34912148120.94924,35040148120.94924,35168148120.94924,35296148120.94924,35424148120.94924,35552148120.94924,35680148120.94924",BnA,3.661514812094924E10,3.471914812094924E10,EVLA,"64,64,64,64,2176,64,64,64,64,64,64,64,64,64,64,64,64",24A-198.sb45864237.eb46834095.60589.89352416666,"RR, RL, LR, LL",24A-198,PUBLIC,-27.800000002611334,267.29166666801257,"2000000.0,2000000.0,2000000.0,2000000.0,29411.764705882357,2000000.0,2000000.0,2000000.0,2000000.0,2000000.0,2000000.0,2000000.0,2000000.0,2000000.0,2000000.0,2000000.0,2000000.0","EVLA_KA#A0C0#2,EVLA_KA#A0C0#3,EVLA_KA#A0C0#4,EVLA_KA#A0C0#5,EVLA_KA#A0C0#6,EVLA_KA#A0C0#7,EVLA_KA#A0C0#8,EVLA_KA#A0C0#9,EVLA_KA#A0C0#10,EVLA_KA#B0D0#11,EVLA_KA#B0D0#12,EVLA_KA#B0D0#13,EVLA_KA#B0D0#14,EVLA_KA#B0D0#15,EVLA_KA#B0D0#16,EVLA_KA#B0D0#17,EVLA_KA#B0D0#18",124.7,J11
https://data.nrao.edu/portal/#/productViewer/24A-198.sb45864237.eb46834095.60589.89352416666,"128000000.0,128000000.0,128000000.0,128000000.0,64000000.0,128000000.0,128000000.0,128000000.0,128000000.0,128000000.0,128000000.0,128000000.0,128000000.0,128000000.0,128000000.0,128000000.0,128000000.0","35784148120.94924,35912148120.94924,36040148120.94924,36168148120.94924,36167162903.8316,36296148120.94924,36424148120.94924,36552148120.94924,36680148120.94924,34784148120.94924,34912148120.94924,35040148120.94924,35168148120.94924,35296148120.94924,35424148120.94924,35552148120.94924,35680148120.94924",BnA,3.661514812094924E10,3.471914812094924E10,EVLA,"64,64,64,64,2176,64,64,64,64,64,64,64,64,64,64,64,64",24A-198.sb45864237.eb46834095.60589.89352416666,"RR, RL, LR, LL",24A-198,PUBLIC,-27.816666668781494,267.48958333594516,"2000000.0,2000000.0,2000000.0,2000000.0,29411.764705882357,2000000.0,2000000.0,2000000.0,2000000.0,2000000.0,2000000.0,2000000.0,2000000.0,2000000.0,2000000.0,2000000.0,2000000.0","EVLA_KA#A0C0#2,EVLA_KA#A0C0#3,EVLA_KA#A0C0#4,EVLA_KA#A0C0#5,EVLA_KA#A0C0#6,EVLA_KA#A0C0#7,EVLA_KA#A0C0#8,EVLA_KA#A0C0#9,EVLA_KA#A0C0#10,EVLA_KA#B0D0#11,EVLA_KA#B0D0#12,EVLA_KA#B0D0#13,EVLA_KA#B0D0#14,EVLA_KA#B0D0#15,EVLA_KA#B0D0#16,EVLA_KA#B0D0#17,EVLA_KA#B0D0#18",124.65,K1
https://data.nrao.edu/portal/#/productViewer/24A-198.sb45864237.eb46834095.60589.89352416666,"128000000.0,128000000.0,128000000.0,128000000.0,64000000.0,128000000.0,128000000.0,128000000.0,128000000.0,128000000.0,128000000.0,128000000.0,128000000.0,128000000.0,128000000.0,128000000.0,128000000.0","35784148120.94924,35912148120.94924,36040148120.94924,36168148120.94924,36167162903.8316,36296148120.94924,36424148120.94924,36552148120.94924,36680148120.94924,34784148120.94924,34912148120.94924,35040148120.94924,35168148120.94924,35296148120.94924,35424148120.94924,35552148120.94924,35680148120.94924",BnA,3.661514812094924E10,3.471914812094924E10,EVLA,"64,64,64,64,2176,64,64,64,64,64,64,64,64,64,64,64,64",24A-198.sb45864237.eb46834095.60589.89352416666,"RR, RL, LR, LL",24A-198,PUBLIC,-27.816666668781494,267.46875000036766,"2000000.0,2000000.0,2000000.0,2000000.0,29411.764705882357,2000000.0,2000000.0,2000000.0,2000000.0,2000000.0,2000000.0,2000000.0,2000000.0,2000000.0,2000000.0,2000000.0,2000000.0","EVLA_KA#A0C0#2,EVLA_KA#A0C0#3,EVLA_KA#A0C0#4,EVLA_KA#A0C0#5,EVLA_KA#A0C0#6,EVLA_KA#A0C0#7,EVLA_KA#A0C0#8,EVLA_KA#A0C0#9,EVLA_KA#A0C0#10,EVLA_KA#B0D0#11,EVLA_KA#B0D0#12,EVLA_KA#B0D0#13,EVLA_KA#B0D0#14,EVLA_KA#B0D0#15,EVLA_KA#B0D0#16,EVLA_KA#B0D0#17,EVLA_KA#B0D0#18",124.65,K2
https://data.nrao.edu/portal/#/productViewer/24A-198.sb45864237.eb46834095.60589.89352416666,"128000000.0,128000000.0,128000000.0,128000000.0,64000000.0,128000000.0,128000000.0,128000000.0,128000000.0,128000000.0,128000000.0,128000000.0,128000000.0,128000000.0,128000000.0,128000000.0,128000000.0","35784148120.94924,35912148120.94924,36040148120.94924,36168148120.94924,36167162903.8316,36296148120.94924,36424148120.94924,36552148120.94924,36680148120.94924,34784148120.94924,34912148120.94924,35040148120.94924,35168148120.94924,35296148120.94924,35424148120.94924,35552148120.94924,35680148120.94924",BnA,3.661514812094924E10,3.471914812094924E10,EVLA,"64,64,64,64,2176,64,64,64,64,64,64,64,64,64,64,64,64",24A-198.sb45864237.eb46834095.60589.89352416666,"RR, RL, LR, LL",24A-198,PUBLIC,-27.816666668781494,267.44791666479017,"2000000.0,2000000.0,2000000.0,2000000.0,29411.764705882357,2000000.0,2000000.0,2000000.0,2000000.0,2000000.0,2000000.0,2000000.0,2000000.0,2000000.0,2000000.0,2000000.0,2000000.0","EVLA_KA#A0C0#2,EVLA_KA#A0C0#3,EVLA_KA#A0C0#4,EVLA_KA#A0C0#5,EVLA_KA#A0C0#6,EVLA_KA#A0C0#7,EVLA_KA#A0C0#8,EVLA_KA#A0C0#9,EVLA_KA#A0C0#10,EVLA_KA#B0D0#11,EVLA_KA#B0D0#12,EVLA_KA#B0D0#13,EVLA_KA#B0D0#14,EVLA_KA#B0D0#15,EVLA_KA#B0D0#16,EVLA_KA#B0D0#17,EVLA_KA#B0D0#18",124.65,K3
https://data.nrao.edu/portal/#/productViewer/24A-198.sb45864237.eb46834095.60589.89352416666,"128000000.0,128000000.0,128000000.0,128000000.0,64000000.0,128000000.0,128000000.0,128000000.0,128000000.0,128000000.0,128000000.0,128000000.0,128000000.0,128000000.0,128000000.0,128000000.0,128000000.0","35784148120.94924,35912148120.94924,36040148120.94924,36168148120.94924,36167162903.8316,36296148120.94924,36424148120.94924,36552148120.94924,36680148120.94924,34784148120.94924,34912148120.94924,35040148120.94924,35168148120.94924,35296148120.94924,35424148120.94924,35552148120.94924,35680148120.94924",BnA,3.661514812094924E10,3.471914812094924E10,EVLA,"64,64,64,64,2176,64,64,64,64,64,64,64,64,64,64,64,64",24A-198.sb45864237.eb46834095.60589.89352416666,"RR, RL, LR, LL",24A-198,PUBLIC,-27.816666668781494,267.42708333494227,"2000000.0,2000000.0,2000000.0,2000000.0,29411.764705882357,2000000.0,2000000.0,2000000.0,2000000.0,2000000.0,2000000.0,2000000.0,2000000.0,2000000.0,2000000.0,2000000.0,2000000.0","EVLA_KA#A0C0#2,EVLA_KA#A0C0#3,EVLA_KA#A0C0#4,EVLA_KA#A0C0#5,EVLA_KA#A0C0#6,EVLA_KA#A0C0#7,EVLA_KA#A0C0#8,EVLA_KA#A0C0#9,EVLA_KA#A0C0#10,EVLA_KA#B0D0#11,EVLA_KA#B0D0#12,EVLA_KA#B0D0#13,EVLA_KA#B0D0#14,EVLA_KA#B0D0#15,EVLA_KA#B0D0#16,EVLA_KA#B0D0#17,EVLA_KA#B0D0#18",124.65,K4
https://data.nrao.edu/portal/#/productViewer/24A-198.sb45864237.eb46834095.60589.89352416666,"128000000.0,128000000.0,128000000.0,128000000.0,64000000.0,128000000.0,128000000.0,128000000.0,128000000.0,128000000.0,128000000.0,128000000.0,128000000.0,128000000.0,128000000.0,128000000.0,128000000.0","35784148120.94924,35912148120.94924,36040148120.94924,36168148120.94924,36167162903.8316,36296148120.94924,36424148120.94924,36552148120.94924,36680148120.94924,34784148120.94924,34912148120.94924,35040148120.94924,35168148120.94924,35296148120.94924,35424148120.94924,35552148120.94924,35680148120.94924",BnA,3.661514812094924E10,3.471914812094924E10,EVLA,"64,64,64,64,2176,64,64,64,64,64,64,64,64,64,64,64,64",24A-198.sb45864237.eb46834095.60589.89352416666,"RR, RL, LR, LL",24A-198,PUBLIC,-27.816666668781494,267.4062499993648,"2000000.0,2000000.0,2000000.0,2000000.0,29411.764705882357,2000000.0,2000000.0,2000000.0,2000000.0,2000000.0,2000000.0,2000000.0,2000000.0,2000000.0,2000000.0,2000000.0,2000000.0","EVLA_KA#A0C0#2,EVLA_KA#A0C0#3,EVLA_KA#A0C0#4,EVLA_KA#A0C0#5,EVLA_KA#A0C0#6,EVLA_KA#A0C0#7,EVLA_KA#A0C0#8,EVLA_KA#A0C0#9,EVLA_KA#A0C0#10,EVLA_KA#B0D0#11,EVLA_KA#B0D0#12,EVLA_KA#B0D0#13,EVLA_KA#B0D0#14,EVLA_KA#B0D0#15,EVLA_KA#B0D0#16,EVLA_KA#B0D0#17,EVLA_KA#B0D0#18",124.65,K5
https://data.nrao.edu/portal/#/productViewer/24A-198.sb45864237.eb46834095.60589.89352416666,"128000000.0,128000000.0,128000000.0,128000000.0,64000000.0,128000000.0,128000000.0,128000000.0,128000000.0,128000000.0,128000000.0,128000000.0,128000000.0,128000000.0,128000000.0,128000000.0,128000000.0","35784148120.94924,35912148120.94924,36040148120.94924,36168148120.94924,36167162903.8316,36296148120.94924,36424148120.94924,36552148120.94924,36680148120.94924,34784148120.94924,34912148120.94924,35040148120.94924,35168148120.94924,35296148120.94924,35424148120.94924,35552148120.94924,35680148120.94924",BnA,3.661514812094924E10,3.471914812094924E10,EVLA,"64,64,64,64,2176,64,64,64,64,64,64,64,64,64,64,64,64",24A-198.sb45864237.eb46834095.60589.89352416666,"RR, RL, LR, LL",24A-198,PUBLIC,-27.816666668781494,267.38541666951687,"2000000.0,2000000.0,2000000.0,2000000.0,29411.764705882357,2000000.0,2000000.0,2000000.0,2000000.0,2000000.0,2000000.0,2000000.0,2000000.0,2000000.0,2000000.0,2000000.0,2000000.0","EVLA_KA#A0C0#2,EVLA_KA#A0C0#3,EVLA_KA#A0C0#4,EVLA_KA#A0C0#5,EVLA_KA#A0C0#6,EVLA_KA#A0C0#7,EVLA_KA#A0C0#8,EVLA_KA#A0C0#9,EVLA_KA#A0C0#10,EVLA_KA#B0D0#11,EVLA_KA#B0D0#12,EVLA_KA#B0D0#13,EVLA_KA#B0D0#14,EVLA_KA#B0D0#15,EVLA_KA#B0D0#16,EVLA_KA#B0D0#17,EVLA_KA#B0D0#18",124.65,K6
https://data.nrao.edu/portal/#/productViewer/24A-198.sb45864237.eb46834095.60589.89352416666,"128000000.0,128000000.0,128000000.0,128000000.0,64000000.0,128000000.0,128000000.0,128000000.0,128000000.0,128000000.0,128000000.0,128000000.0,128000000.0,128000000.0,128000000.0,128000000.0,128000000.0","35784148120.94924,35912148120.94924,36040148120.94924,36168148120.94924,36167162903.8316,36296148120.94924,36424148120.94924,36552148120.94924,36680148120.94924,34784148120.94924,34912148120.94924,35040148120.94924,35168148120.94924,35296148120.94924,35424148120.94924,35552148120.94924,35680148120.94924",BnA,3.661514812094924E10,3.471914812094924E10,EVLA,"64,64,64,64,2176,64,64,64,64,64,64,64,64,64,64,64,64",24A-198.sb45864237.eb46834095.60589.89352416666,"RR, RL, LR, LL",24A-198,PUBLIC,-27.816666668781494,267.3645833339394,"2000000.0,2000000.0,2000000.0,2000000.0,29411.764705882357,2000000.0,2000000.0,2000000.0,2000000.0,2000000.0,2000000.0,2000000.0,2000000.0,2000000.0,2000000.0,2000000.0,2000000.0","EVLA_KA#A0C0#2,EVLA_KA#A0C0#3,EVLA_KA#A0C0#4,EVLA_KA#A0C0#5,EVLA_KA#A0C0#6,EVLA_KA#A0C0#7,EVLA_KA#A0C0#8,EVLA_KA#A0C0#9,EVLA_KA#A0C0#10,EVLA_KA#B0D0#11,EVLA_KA#B0D0#12,EVLA_KA#B0D0#13,EVLA_KA#B0D0#14,EVLA_KA#B0D0#15,EVLA_KA#B0D0#16,EVLA_KA#B0D0#17,EVLA_KA#B0D0#18",124.65,K7
https://data.nrao.edu/portal/#/productViewer/24A-198.sb45864237.eb46834095.60589.89352416666,"128000000.0,128000000.0,128000000.0,128000000.0,64000000.0,128000000.0,128000000.0,128000000.0,128000000.0,128000000.0,128000000.0,128000000.0,128000000.0,128000000.0,128000000.0,128000000.0,128000000.0","35784148120.94924,35912148120.94924,36040148120.94924,36168148120.94924,36167162903.8316,36296148120.94924,36424148120.94924,36552148120.94924,36680148120.94924,34784148120.94924,34912148120.94924,35040148120.94924,35168148120.94924,35296148120.94924,35424148120.94924,35552148120.94924,35680148120.94924",BnA,3.661514812094924E10,3.471914812094924E10,EVLA,"64,64,64,64,2176,64,64,64,64,64,64,64,64,64,64,64,64",24A-198.sb45864237.eb46834095.60589.89352416666,"RR, RL, LR, LL",24A-198,PUBLIC,-27.816666668781494,267.34374999836194,"2000000.0,2000000.0,2000000.0,2000000.0,29411.764705882357,2000000.0,2000000.0,2000000.0,2000000.0,2000000.0,2000000.0,2000000.0,2000000.0,2000000.0,2000000.0,2000000.0,2000000.0","EVLA_KA#A0C0#2,EVLA_KA#A0C0#3,EVLA_KA#A0C0#4,EVLA_KA#A0C0#5,EVLA_KA#A0C0#6,EVLA_KA#A0C0#7,EVLA_KA#A0C0#8,EVLA_KA#A0C0#9,EVLA_KA#A0C0#10,EVLA_KA#B0D0#11,EVLA_KA#B0D0#12,EVLA_KA#B0D0#13,EVLA_KA#B0D0#14,EVLA_KA#B0D0#15,EVLA_KA#B0D0#16,EVLA_KA#B0D0#17,EVLA_KA#B0D0#18",124.65,K8
https://data.nrao.edu/portal/#/productViewer/24A-198.sb45864237.eb46834095.60589.89352416666,"128000000.0,128000000.0,128000000.0,128000000.0,64000000.0,128000000.0,128000000.0,128000000.0,128000000.0,128000000.0,128000000.0,128000000.0,128000000.0,128000000.0,128000000.0,128000000.0,128000000.0","35784148120.94924,35912148120.94924,36040148120.94924,36168148120.94924,36167162903.8316,36296148120.94924,36424148120.94924,36552148120.94924,36680148120.94924,34784148120.94924,34912148120.94924,35040148120.94924,35168148120.94924,35296148120.94924,35424148120.94924,35552148120.94924,35680148120.94924",BnA,3.661514812094924E10,3.471914812094924E10,EVLA,"64,64,64,64,2176,64,64,64,64,64,64,64,64,64,64,64,64",24A-198.sb45864237.eb46834095.60589.89352416666,"RR, RL, LR, LL",24A-198,PUBLIC,-27.816666668781494,267.322916668514,"2000000.0,2000000.0,2000000.0,2000000.0,29411.764705882357,2000000.0,2000000.0,2000000.0,2000000.0,2000000.0,2000000.0,2000000.0,2000000.0,2000000.0,2000000.0,2000000.0,2000000.0","EVLA_KA#A0C0#2,EVLA_KA#A0C0#3,EVLA_KA#A0C0#4,EVLA_KA#A0C0#5,EVLA_KA#A0C0#6,EVLA_KA#A0C0#7,EVLA_KA#A0C0#8,EVLA_KA#A0C0#9,EVLA_KA#A0C0#10,EVLA_KA#B0D0#11,EVLA_KA#B0D0#12,EVLA_KA#B0D0#13,EVLA_KA#B0D0#14,EVLA_KA#B0D0#15,EVLA_KA#B0D0#16,EVLA_KA#B0D0#17,EVLA_KA#B0D0#18",124.65,K9
https://data.nrao.edu/portal/#/productViewer/24A-198.sb45864237.eb46834095.60589.89352416666,"128000000.0,128000000.0,128000000.0,128000000.0,64000000.0,128000000.0,128000000.0,128000000.0,128000000.0,128000000.0,128000000.0,128000000.0,128000000.0,128000000.0,128000000.0,128000000.0,128000000.0","35784148120.94924,35912148120.94924,36040148120.94924,36168148120.94924,36167162903.8316,36296148120.94924,36424148120.94924,36552148120.94924,36680148120.94924,34784148120.94924,34912148120.94924,35040148120.94924,35168148120.94924,35296148120.94924,35424148120.94924,35552148120.94924,35680148120.94924",BnA,3.661514812094924E10,3.471914812094924E10,EVLA,"64,64,64,64,2176,64,64,64,64,64,64,64,64,64,64,64,64",24A-198.sb45864237.eb46834095.60589.89352416666,"RR, RL, LR, LL",24A-198,PUBLIC,-27.816666668781494,267.30208333293655,"2000000.0,2000000.0,2000000.0,2000000.0,29411.764705882357,2000000.0,2000000.0,2000000.0,2000000.0,2000000.0,2000000.0,2000000.0,2000000.0,2000000.0,2000000.0,2000000.0,2000000.0","EVLA_KA#A0C0#2,EVLA_KA#A0C0#3,EVLA_KA#A0C0#4,EVLA_KA#A0C0#5,EVLA_KA#A0C0#6,EVLA_KA#A0C0#7,EVLA_KA#A0C0#8,EVLA_KA#A0C0#9,EVLA_KA#A0C0#10,EVLA_KA#B0D0#11,EVLA_KA#B0D0#12,EVLA_KA#B0D0#13,EVLA_KA#B0D0#14,EVLA_KA#B0D0#15,EVLA_KA#B0D0#16,EVLA_KA#B0D0#17,EVLA_KA#B0D0#18",124.65,K10
https://data.nrao.edu/portal/#/productViewer/24A-198.sb45864237.eb46834095.60589.89352416666,"128000000.0,128000000.0,128000000.0,128000000.0,64000000.0,128000000.0,128000000.0,128000000.0,128000000.0,128000000.0,128000000.0,128000000.0,128000000.0,128000000.0,128000000.0,128000000.0,128000000.0","35784148120.94924,35912148120.94924,36040148120.94924,36168148120.94924,36167162903.8316,36296148120.94924,36424148120.94924,36552148120.94924,36680148120.94924,34784148120.94924,34912148120.94924,35040148120.94924,35168148120.94924,35296148120.94924,35424148120.94924,35552148120.94924,35680148120.94924",BnA,3.661514812094924E10,3.471914812094924E10,EVLA,"64,64,64,64,2176,64,64,64,64,64,64,64,64,64,64,64,64",24A-198.sb45864237.eb46834095.60589.89352416666,"RR, RL, LR, LL",24A-198,PUBLIC,-27.83333333495165,267.4791666652916,"2000000.0,2000000.0,2000000.0,2000000.0,29411.764705882357,2000000.0,2000000.0,2000000.0,2000000.0,2000000.0,2000000.0,2000000.0,2000000.0,2000000.0,2000000.0,2000000.0,2000000.0","EVLA_KA#A0C0#2,EVLA_KA#A0C0#3,EVLA_KA#A0C0#4,EVLA_KA#A0C0#5,EVLA_KA#A0C0#6,EVLA_KA#A0C0#7,EVLA_KA#A0C0#8,EVLA_KA#A0C0#9,EVLA_KA#A0C0#10,EVLA_KA#B0D0#11,EVLA_KA#B0D0#12,EVLA_KA#B0D0#13,EVLA_KA#B0D0#14,EVLA_KA#B0D0#15,EVLA_KA#B0D0#16,EVLA_KA#B0D0#17,EVLA_KA#B0D0#18",124.7,L1
https://data.nrao.edu/portal/#/productViewer/24A-198.sb45864237.eb46834095.60589.89352416666,"128000000.0,128000000.0,128000000.0,128000000.0,64000000.0,128000000.0,128000000.0,128000000.0,128000000.0,128000000.0,128000000.0,128000000.0,128000000.0,128000000.0,128000000.0,128000000.0,128000000.0","35784148120.94924,35912148120.94924,36040148120.94924,36168148120.94924,36167162903.8316,36296148120.94924,36424148120.94924,36552148120.94924,36680148120.94924,34784148120.94924,34912148120.94924,35040148120.94924,35168148120.94924,35296148120.94924,35424148120.94924,35552148120.94924,35680148120.94924",BnA,3.661514812094924E10,3.471914812094924E10,EVLA,"64,64,64,64,2176,64,64,64,64,64,64,64,64,64,64,64,64",24A-198.sb45864237.eb46834095.60589.89352416666,"RR, RL, LR, LL",24A-198,PUBLIC,-27.83333333495165,267.4583333354437,"2000000.0,2000000.0,2000000.0,2000000.0,29411.764705882357,2000000.0,2000000.0,2000000.0,2000000.0,2000000.0,2000000.0,2000000.0,2000000.0,2000000.0,2000000.0,2000000.0,2000000.0","EVLA_KA#A0C0#2,EVLA_KA#A0C0#3,EVLA_KA#A0C0#4,EVLA_KA#A0C0#5,EVLA_KA#A0C0#6,EVLA_KA#A0C0#7,EVLA_KA#A0C0#8,EVLA_KA#A0C0#9,EVLA_KA#A0C0#10,EVLA_KA#B0D0#11,EVLA_KA#B0D0#12,EVLA_KA#B0D0#13,EVLA_KA#B0D0#14,EVLA_KA#B0D0#15,EVLA_KA#B0D0#16,EVLA_KA#B0D0#17,EVLA_KA#B0D0#18",124.7,L2
https://data.nrao.edu/portal/#/productViewer/24A-198.sb45864237.eb46834095.60589.89352416666,"128000000.0,128000000.0,128000000.0,128000000.0,64000000.0,128000000.0,128000000.0,128000000.0,128000000.0,128000000.0,128000000.0,128000000.0,128000000.0,128000000.0,128000000.0,128000000.0,128000000.0","35784148120.94924,35912148120.94924,36040148120.94924,36168148120.94924,36167162903.8316,36296148120.94924,36424148120.94924,36552148120.94924,36680148120.94924,34784148120.94924,34912148120.94924,35040148120.94924,35168148120.94924,35296148120.94924,35424148120.94924,35552148120.94924,35680148120.94924",BnA,3.661514812094924E10,3.471914812094924E10,EVLA,"64,64,64,64,2176,64,64,64,64,64,64,64,64,64,64,64,64",24A-198.sb45864237.eb46834095.60589.89352416666,"RR, RL, LR, LL",24A-198,PUBLIC,-27.83333333495165,267.4374999998662,"2000000.0,2000000.0,2000000.0,2000000.0,29411.764705882357,2000000.0,2000000.0,2000000.0,2000000.0,2000000.0,2000000.0,2000000.0,2000000.0,2000000.0,2000000.0,2000000.0,2000000.0","EVLA_KA#A0C0#2,EVLA_KA#A0C0#3,EVLA_KA#A0C0#4,EVLA_KA#A0C0#5,EVLA_KA#A0C0#6,EVLA_KA#A0C0#7,EVLA_KA#A0C0#8,EVLA_KA#A0C0#9,EVLA_KA#A0C0#10,EVLA_KA#B0D0#11,EVLA_KA#B0D0#12,EVLA_KA#B0D0#13,EVLA_KA#B0D0#14,EVLA_KA#B0D0#15,EVLA_KA#B0D0#16,EVLA_KA#B0D0#17,EVLA_KA#B0D0#18",124.65,L3
https://data.nrao.edu/portal/#/productViewer/24A-198.sb45864237.eb46834095.60589.89352416666,"128000000.0,128000000.0,128000000.0,128000000.0,64000000.0,128000000.0,128000000.0,128000000.0,128000000.0,128000000.0,128000000.0,128000000.0,128000000.0,128000000.0,128000000.0,128000000.0,128000000.0","35784148120.94924,35912148120.94924,36040148120.94924,36168148120.94924,36167162903.8316,36296148120.94924,36424148120.94924,36552148120.94924,36680148120.94924,34784148120.94924,34912148120.94924,35040148120.94924,35168148120.94924,35296148120.94924,35424148120.94924,35552148120.94924,35680148120.94924",BnA,3.661514812094924E10,3.471914812094924E10,EVLA,"64,64,64,64,2176,64,64,64,64,64,64,64,64,64,64,64,64",24A-198.sb45864237.eb46834095.60589.89352416666,"RR, RL, LR, LL",24A-198,PUBLIC,-27.83333333495165,267.4166666642887,"2000000.0,2000000.0,2000000.0,2000000.0,29411.764705882357,2000000.0,2000000.0,2000000.0,2000000.0,2000000.0,2000000.0,2000000.0,2000000.0,2000000.0,2000000.0,2000000.0,2000000.0","EVLA_KA#A0C0#2,EVLA_KA#A0C0#3,EVLA_KA#A0C0#4,EVLA_KA#A0C0#5,EVLA_KA#A0C0#6,EVLA_KA#A0C0#7,EVLA_KA#A0C0#8,EVLA_KA#A0C0#9,EVLA_KA#A0C0#10,EVLA_KA#B0D0#11,EVLA_KA#B0D0#12,EVLA_KA#B0D0#13,EVLA_KA#B0D0#14,EVLA_KA#B0D0#15,EVLA_KA#B0D0#16,EVLA_KA#B0D0#17,EVLA_KA#B0D0#18",124.65,L4
https://data.nrao.edu/portal/#/productViewer/24A-198.sb45864237.eb46834095.60589.89352416666,"128000000.0,128000000.0,128000000.0,128000000.0,64000000.0,128000000.0,128000000.0,128000000.0,128000000.0,128000000.0,128000000.0,128000000.0,128000000.0,128000000.0,128000000.0,128000000.0,128000000.0","35784148120.94924,35912148120.94924,36040148120.94924,36168148120.94924,36167162903.8316,36296148120.94924,36424148120.94924,36552148120.94924,36680148120.94924,34784148120.94924,34912148120.94924,35040148120.94924,35168148120.94924,35296148120.94924,35424148120.94924,35552148120.94924,35680148120.94924",BnA,3.661514812094924E10,3.471914812094924E10,EVLA,"64,64,64,64,2176,64,64,64,64,64,64,64,64,64,64,64,64",24A-198.sb45864237.eb46834095.60589.89352416666,"RR, RL, LR, LL",24A-198,PUBLIC,-27.83333333495165,267.3958333344408,"2000000.0,2000000.0,2000000.0,2000000.0,29411.764705882357,2000000.0,2000000.0,2000000.0,2000000.0,2000000.0,2000000.0,2000000.0,2000000.0,2000000.0,2000000.0,2000000.0,2000000.0","EVLA_KA#A0C0#2,EVLA_KA#A0C0#3,EVLA_KA#A0C0#4,EVLA_KA#A0C0#5,EVLA_KA#A0C0#6,EVLA_KA#A0C0#7,EVLA_KA#A0C0#8,EVLA_KA#A0C0#9,EVLA_KA#A0C0#10,EVLA_KA#B0D0#11,EVLA_KA#B0D0#12,EVLA_KA#B0D0#13,EVLA_KA#B0D0#14,EVLA_KA#B0D0#15,EVLA_KA#B0D0#16,EVLA_KA#B0D0#17,EVLA_KA#B0D0#18",124.65,L5
https://data.nrao.edu/portal/#/productViewer/24A-198.sb45864237.eb46834095.60589.89352416666,"128000000.0,128000000.0,128000000.0,128000000.0,64000000.0,128000000.0,128000000.0,128000000.0,128000000.0,128000000.0,128000000.0,128000000.0,128000000.0,128000000.0,128000000.0,128000000.0,128000000.0","35784148120.94924,35912148120.94924,36040148120.94924,36168148120.94924,36167162903.8316,36296148120.94924,36424148120.94924,36552148120.94924,36680148120.94924,34784148120.94924,34912148120.94924,35040148120.94924,35168148120.94924,35296148120.94924,35424148120.94924,35552148120.94924,35680148120.94924",BnA,3.661514812094924E10,3.471914812094924E10,EVLA,"64,64,64,64,2176,64,64,64,64,64,64,64,64,64,64,64,64",24A-198.sb45864237.eb46834095.60589.89352416666,"RR, RL, LR, LL",24A-198,PUBLIC,-27.83333333495165,267.3749999988633,"2000000.0,2000000.0,2000000.0,2000000.0,29411.764705882357,2000000.0,2000000.0,2000000.0,2000000.0,2000000.0,2000000.0,2000000.0,2000000.0,2000000.0,2000000.0,2000000.0,2000000.0","EVLA_KA#A0C0#2,EVLA_KA#A0C0#3,EVLA_KA#A0C0#4,EVLA_KA#A0C0#5,EVLA_KA#A0C0#6,EVLA_KA#A0C0#7,EVLA_KA#A0C0#8,EVLA_KA#A0C0#9,EVLA_KA#A0C0#10,EVLA_KA#B0D0#11,EVLA_KA#B0D0#12,EVLA_KA#B0D0#13,EVLA_KA#B0D0#14,EVLA_KA#B0D0#15,EVLA_KA#B0D0#16,EVLA_KA#B0D0#17,EVLA_KA#B0D0#18",124.65,L6
https://data.nrao.edu/portal/#/productViewer/24A-198.sb45864237.eb46834095.60589.89352416666,"128000000.0,128000000.0,128000000.0,128000000.0,64000000.0,128000000.0,128000000.0,128000000.0,128000000.0,128000000.0,128000000.0,128000000.0,128000000.0,128000000.0,128000000.0,128000000.0,128000000.0","35784148120.94924,35912148120.94924,36040148120.94924,36168148120.94924,36167162903.8316,36296148120.94924,36424148120.94924,36552148120.94924,36680148120.94924,34784148120.94924,34912148120.94924,35040148120.94924,35168148120.94924,35296148120.94924,35424148120.94924,35552148120.94924,35680148120.94924",BnA,3.661514812094924E10,3.471914812094924E10,EVLA,"64,64,64,64,2176,64,64,64,64,64,64,64,64,64,64,64,64",24A-198.sb45864237.eb46834095.60589.89352416666,"RR, RL, LR, LL",24A-198,PUBLIC,-27.83333333495165,267.3541666690154,"2000000.0,2000000.0,2000000.0,2000000.0,29411.764705882357,2000000.0,2000000.0,2000000.0,2000000.0,2000000.0,2000000.0,2000000.0,2000000.0,2000000.0,2000000.0,2000000.0,2000000.0","EVLA_KA#A0C0#2,EVLA_KA#A0C0#3,EVLA_KA#A0C0#4,EVLA_KA#A0C0#5,EVLA_KA#A0C0#6,EVLA_KA#A0C0#7,EVLA_KA#A0C0#8,EVLA_KA#A0C0#9,EVLA_KA#A0C0#10,EVLA_KA#B0D0#11,EVLA_KA#B0D0#12,EVLA_KA#B0D0#13,EVLA_KA#B0D0#14,EVLA_KA#B0D0#15,EVLA_KA#B0D0#16,EVLA_KA#B0D0#17,EVLA_KA#B0D0#18",124.65,L7
https://data.nrao.edu/portal/#/productViewer/24A-198.sb45864237.eb46834095.60589.89352416666,"128000000.0,128000000.0,128000000.0,128000000.0,64000000.0,128000000.0,128000000.0,128000000.0,128000000.0,128000000.0,128000000.0,128000000.0,128000000.0,128000000.0,128000000.0,128000000.0,128000000.0","35784148120.94924,35912148120.94924,36040148120.94924,36168148120.94924,36167162903.8316,36296148120.94924,36424148120.94924,36552148120.94924,36680148120.94924,34784148120.94924,34912148120.94924,35040148120.94924,35168148120.94924,35296148120.94924,35424148120.94924,35552148120.94924,35680148120.94924",BnA,3.661514812094924E10,3.471914812094924E10,EVLA,"64,64,64,64,2176,64,64,64,64,64,64,64,64,64,64,64,64",24A-198.sb45864237.eb46834095.60589.89352416666,"RR, RL, LR, LL",24A-198,PUBLIC,-27.83333333495165,267.33333333343796,"2000000.0,2000000.0,2000000.0,2000000.0,29411.764705882357,2000000.0,2000000.0,2000000.0,2000000.0,2000000.0,2000000.0,2000000.0,2000000.0,2000000.0,2000000.0,2000000.0,2000000.0","EVLA_KA#A0C0#2,EVLA_KA#A0C0#3,EVLA_KA#A0C0#4,EVLA_KA#A0C0#5,EVLA_KA#A0C0#6,EVLA_KA#A0C0#7,EVLA_KA#A0C0#8,EVLA_KA#A0C0#9,EVLA_KA#A0C0#10,EVLA_KA#B0D0#11,EVLA_KA#B0D0#12,EVLA_KA#B0D0#13,EVLA_KA#B0D0#14,EVLA_KA#B0D0#15,EVLA_KA#B0D0#16,EVLA_KA#B0D0#17,EVLA_KA#B0D0#18",124.65,L8
https://data.nrao.edu/portal/#/productViewer/24A-198.sb45864237.eb46834095.60589.89352416666,"128000000.0,128000000.0,128000000.0,128000000.0,64000000.0,128000000.0,128000000.0,128000000.0,128000000.0,128000000.0,128000000.0,128000000.0,128000000.0,128000000.0,128000000.0,128000000.0,128000000.0","35784148120.94924,35912148120.94924,36040148120.94924,36168148120.94924,36167162903.8316,36296148120.94924,36424148120.94924,36552148120.94924,36680148120.94924,34784148120.94924,34912148120.94924,35040148120.94924,35168148120.94924,35296148120.94924,35424148120.94924,35552148120.94924,35680148120.94924",BnA,3.661514812094924E10,3.471914812094924E10,EVLA,"64,64,64,64,2176,64,64,64,64,64,64,64,64,64,64,64,64",24A-198.sb45864237.eb46834095.60589.89352416666,"RR, RL, LR, LL",24A-198,PUBLIC,-27.83333333495165,267.31249999786047,"2000000.0,2000000.0,2000000.0,2000000.0,29411.764705882357,2000000.0,2000000.0,2000000.0,2000000.0,2000000.0,2000000.0,2000000.0,2000000.0,2000000.0,2000000.0,2000000.0,2000000.0","EVLA_KA#A0C0#2,EVLA_KA#A0C0#3,EVLA_KA#A0C0#4,EVLA_KA#A0C0#5,EVLA_KA#A0C0#6,EVLA_KA#A0C0#7,EVLA_KA#A0C0#8,EVLA_KA#A0C0#9,EVLA_KA#A0C0#10,EVLA_KA#B0D0#11,EVLA_KA#B0D0#12,EVLA_KA#B0D0#13,EVLA_KA#B0D0#14,EVLA_KA#B0D0#15,EVLA_KA#B0D0#16,EVLA_KA#B0D0#17,EVLA_KA#B0D0#18",124.65,L9
https://data.nrao.edu/portal/#/productViewer/24A-198.sb45864237.eb46834095.60589.89352416666,"128000000.0,128000000.0,128000000.0,128000000.0,64000000.0,128000000.0,128000000.0,128000000.0,128000000.0,128000000.0,128000000.0,128000000.0,128000000.0,128000000.0,128000000.0,128000000.0,128000000.0","35784148120.94924,35912148120.94924,36040148120.94924,36168148120.94924,36167162903.8316,36296148120.94924,36424148120.94924,36552148120.94924,36680148120.94924,34784148120.94924,34912148120.94924,35040148120.94924,35168148120.94924,35296148120.94924,35424148120.94924,35552148120.94924,35680148120.94924",BnA,3.661514812094924E10,3.471914812094924E10,EVLA,"64,64,64,64,2176,64,64,64,64,64,64,64,64,64,64,64,64",24A-198.sb45864237.eb46834095.60589.89352416666,"RR, RL, LR, LL",24A-198,PUBLIC,-27.85000000112181,267.44791666479017,"2000000.0,2000000.0,2000000.0,2000000.0,29411.764705882357,2000000.0,2000000.0,2000000.0,2000000.0,2000000.0,2000000.0,2000000.0,2000000.0,2000000.0,2000000.0,2000000.0,2000000.0","EVLA_KA#A0C0#2,EVLA_KA#A0C0#3,EVLA_KA#A0C0#4,EVLA_KA#A0C0#5,EVLA_KA#A0C0#6,EVLA_KA#A0C0#7,EVLA_KA#A0C0#8,EVLA_KA#A0C0#9,EVLA_KA#A0C0#10,EVLA_KA#B0D0#11,EVLA_KA#B0D0#12,EVLA_KA#B0D0#13,EVLA_KA#B0D0#14,EVLA_KA#B0D0#15,EVLA_KA#B0D0#16,EVLA_KA#B0D0#17,EVLA_KA#B0D0#18",124.65,M1
https://data.nrao.edu/portal/#/productViewer/24A-198.sb45864237.eb46834095.60589.89352416666,"128000000.0,128000000.0,128000000.0,128000000.0,64000000.0,128000000.0,128000000.0,128000000.0,128000000.0,128000000.0,128000000.0,128000000.0,128000000.0,128000000.0,128000000.0,128000000.0,128000000.0","35784148120.94924,35912148120.94924,36040148120.94924,36168148120.94924,36167162903.8316,36296148120.94924,36424148120.94924,36552148120.94924,36680148120.94924,34784148120.94924,34912148120.94924,35040148120.94924,35168148120.94924,35296148120.94924,35424148120.94924,35552148120.94924,35680148120.94924",BnA,3.661514812094924E10,3.471914812094924E10,EVLA,"64,64,64,64,2176,64,64,64,64,64,64,64,64,64,64,64,64",24A-198.sb45864237.eb46834095.60589.89352416666,"RR, RL, LR, LL",24A-198,PUBLIC,-27.85000000112181,267.42708333494227,"2000000.0,2000000.0,2000000.0,2000000.0,29411.764705882357,2000000.0,2000000.0,2000000.0,2000000.0,2000000.0,2000000.0,2000000.0,2000000.0,2000000.0,2000000.0,2000000.0,2000000.0","EVLA_KA#A0C0#2,EVLA_KA#A0C0#3,EVLA_KA#A0C0#4,EVLA_KA#A0C0#5,EVLA_KA#A0C0#6,EVLA_KA#A0C0#7,EVLA_KA#A0C0#8,EVLA_KA#A0C0#9,EVLA_KA#A0C0#10,EVLA_KA#B0D0#11,EVLA_KA#B0D0#12,EVLA_KA#B0D0#13,EVLA_KA#B0D0#14,EVLA_KA#B0D0#15,EVLA_KA#B0D0#16,EVLA_KA#B0D0#17,EVLA_KA#B0D0#18",124.65,M2
https://data.nrao.edu/portal/#/productViewer/24A-198.sb45864237.eb46834095.60589.89352416666,"128000000.0,128000000.0,128000000.0,128000000.0,64000000.0,128000000.0,128000000.0,128000000.0,128000000.0,128000000.0,128000000.0,128000000.0,128000000.0,128000000.0,128000000.0,128000000.0,128000000.0","35784148120.94924,35912148120.94924,36040148120.94924,36168148120.94924,36167162903.8316,36296148120.94924,36424148120.94924,36552148120.94924,36680148120.94924,34784148120.94924,34912148120.94924,35040148120.94924,35168148120.94924,35296148120.94924,35424148120.94924,35552148120.94924,35680148120.94924",BnA,3.661514812094924E10,3.471914812094924E10,EVLA,"64,64,64,64,2176,64,64,64,64,64,64,64,64,64,64,64,64",24A-198.sb45864237.eb46834095.60589.89352416666,"RR, RL, LR, LL",24A-198,PUBLIC,-27.85000000112181,267.4062499993648,"2000000.0,2000000.0,2000000.0,2000000.0,29411.764705882357,2000000.0,2000000.0,2000000.0,2000000.0,2000000.0,2000000.0,2000000.0,2000000.0,2000000.0,2000000.0,2000000.0,2000000.0","EVLA_KA#A0C0#2,EVLA_KA#A0C0#3,EVLA_KA#A0C0#4,EVLA_KA#A0C0#5,EVLA_KA#A0C0#6,EVLA_KA#A0C0#7,EVLA_KA#A0C0#8,EVLA_KA#A0C0#9,EVLA_KA#A0C0#10,EVLA_KA#B0D0#11,EVLA_KA#B0D0#12,EVLA_KA#B0D0#13,EVLA_KA#B0D0#14,EVLA_KA#B0D0#15,EVLA_KA#B0D0#16,EVLA_KA#B0D0#17,EVLA_KA#B0D0#18",124.65,M3
https://data.nrao.edu/portal/#/productViewer/24A-198.sb45864237.eb46834095.60589.89352416666,"128000000.0,128000000.0,128000000.0,128000000.0,64000000.0,128000000.0,128000000.0,128000000.0,128000000.0,128000000.0,128000000.0,128000000.0,128000000.0,128000000.0,128000000.0,128000000.0,128000000.0","35784148120.94924,35912148120.94924,36040148120.94924,36168148120.94924,36167162903.8316,36296148120.94924,36424148120.94924,36552148120.94924,36680148120.94924,34784148120.94924,34912148120.94924,35040148120.94924,35168148120.94924,35296148120.94924,35424148120.94924,35552148120.94924,35680148120.94924",BnA,3.661514812094924E10,3.471914812094924E10,EVLA,"64,64,64,64,2176,64,64,64,64,64,64,64,64,64,64,64,64",24A-198.sb45864237.eb46834095.60589.89352416666,"RR, RL, LR, LL",24A-198,PUBLIC,-27.85000000112181,267.38541666951687,"2000000.0,2000000.0,2000000.0,2000000.0,29411.764705882357,2000000.0,2000000.0,2000000.0,2000000.0,2000000.0,2000000.0,2000000.0,2000000.0,2000000.0,2000000.0,2000000.0,2000000.0","EVLA_KA#A0C0#2,EVLA_KA#A0C0#3,EVLA_KA#A0C0#4,EVLA_KA#A0C0#5,EVLA_KA#A0C0#6,EVLA_KA#A0C0#7,EVLA_KA#A0C0#8,EVLA_KA#A0C0#9,EVLA_KA#A0C0#10,EVLA_KA#B0D0#11,EVLA_KA#B0D0#12,EVLA_KA#B0D0#13,EVLA_KA#B0D0#14,EVLA_KA#B0D0#15,EVLA_KA#B0D0#16,EVLA_KA#B0D0#17,EVLA_KA#B0D0#18",124.7,M4
https://data.nrao.edu/portal/#/productViewer/24A-198.sb45864237.eb46834095.60589.89352416666,"128000000.0,128000000.0,128000000.0,128000000.0,64000000.0,128000000.0,128000000.0,128000000.0,128000000.0,128000000.0,128000000.0,128000000.0,128000000.0,128000000.0,128000000.0,128000000.0,128000000.0","35784148120.94924,35912148120.94924,36040148120.94924,36168148120.94924,36167162903.8316,36296148120.94924,36424148120.94924,36552148120.94924,36680148120.94924,34784148120.94924,34912148120.94924,35040148120.94924,35168148120.94924,35296148120.94924,35424148120.94924,35552148120.94924,35680148120.94924",BnA,3.661514812094924E10,3.471914812094924E10,EVLA,"64,64,64,64,2176,64,64,64,64,64,64,64,64,64,64,64,64",24A-198.sb45864237.eb46834095.60589.89352416666,"RR, RL, LR, LL",24A-198,PUBLIC,-27.85000000112181,267.3645833339394,"2000000.0,2000000.0,2000000.0,2000000.0,29411.764705882357,2000000.0,2000000.0,2000000.0,2000000.0,2000000.0,2000000.0,2000000.0,2000000.0,2000000.0,2000000.0,2000000.0,2000000.0","EVLA_KA#A0C0#2,EVLA_KA#A0C0#3,EVLA_KA#A0C0#4,EVLA_KA#A0C0#5,EVLA_KA#A0C0#6,EVLA_KA#A0C0#7,EVLA_KA#A0C0#8,EVLA_KA#A0C0#9,EVLA_KA#A0C0#10,EVLA_KA#B0D0#11,EVLA_KA#B0D0#12,EVLA_KA#B0D0#13,EVLA_KA#B0D0#14,EVLA_KA#B0D0#15,EVLA_KA#B0D0#16,EVLA_KA#B0D0#17,EVLA_KA#B0D0#18",124.7,M5
https://data.nrao.edu/portal/#/productViewer/24A-198.sb45864237.eb46834095.60589.89352416666,"128000000.0,128000000.0,128000000.0,128000000.0,64000000.0,128000000.0,128000000.0,128000000.0,128000000.0,128000000.0,128000000.0,128000000.0,128000000.0,128000000.0,128000000.0,128000000.0,128000000.0","35784148120.94924,35912148120.94924,36040148120.94924,36168148120.94924,36167162903.8316,36296148120.94924,36424148120.94924,36552148120.94924,36680148120.94924,34784148120.94924,34912148120.94924,35040148120.94924,35168148120.94924,35296148120.94924,35424148120.94924,35552148120.94924,35680148120.94924",BnA,3.661514812094924E10,3.471914812094924E10,EVLA,"64,64,64,64,2176,64,64,64,64,64,64,64,64,64,64,64,64",24A-198.sb45864237.eb46834095.60589.89352416666,"RR, RL, LR, LL",24A-198,PUBLIC,-27.85000000112181,267.34374999836194,"2000000.0,2000000.0,2000000.0,2000000.0,29411.764705882357,2000000.0,2000000.0,2000000.0,2000000.0,2000000.0,2000000.0,2000000.0,2000000.0,2000000.0,2000000.0,2000000.0,2000000.0","EVLA_KA#A0C0#2,EVLA_KA#A0C0#3,EVLA_KA#A0C0#4,EVLA_KA#A0C0#5,EVLA_KA#A0C0#6,EVLA_KA#A0C0#7,EVLA_KA#A0C0#8,EVLA_KA#A0C0#9,EVLA_KA#A0C0#10,EVLA_KA#B0D0#11,EVLA_KA#B0D0#12,EVLA_KA#B0D0#13,EVLA_KA#B0D0#14,EVLA_KA#B0D0#15,EVLA_KA#B0D0#16,EVLA_KA#B0D0#17,EVLA_KA#B0D0#18",124.65,M6
https://data.nrao.edu/portal/#/productViewer/24A-198.sb45864237.eb46834095.60589.89352416666,"128000000.0,128000000.0,128000000.0,128000000.0,64000000.0,128000000.0,128000000.0,128000000.0,128000000.0,128000000.0,128000000.0,128000000.0,128000000.0,128000000.0,128000000.0,128000000.0,128000000.0","35784148120.94924,35912148120.94924,36040148120.94924,36168148120.94924,36167162903.8316,36296148120.94924,36424148120.94924,36552148120.94924,36680148120.94924,34784148120.94924,34912148120.94924,35040148120.94924,35168148120.94924,35296148120.94924,35424148120.94924,35552148120.94924,35680148120.94924",BnA,3.661514812094924E10,3.471914812094924E10,EVLA,"64,64,64,64,2176,64,64,64,64,64,64,64,64,64,64,64,64",24A-198.sb45864237.eb46834095.60589.89352416666,"RR, RL, LR, LL",24A-198,PUBLIC,-27.866666667291966,267.4374999998662,"2000000.0,2000000.0,2000000.0,2000000.0,29411.764705882357,2000000.0,2000000.0,2000000.0,2000000.0,2000000.0,2000000.0,2000000.0,2000000.0,2000000.0,2000000.0,2000000.0,2000000.0","EVLA_KA#A0C0#2,EVLA_KA#A0C0#3,EVLA_KA#A0C0#4,EVLA_KA#A0C0#5,EVLA_KA#A0C0#6,EVLA_KA#A0C0#7,EVLA_KA#A0C0#8,EVLA_KA#A0C0#9,EVLA_KA#A0C0#10,EVLA_KA#B0D0#11,EVLA_KA#B0D0#12,EVLA_KA#B0D0#13,EVLA_KA#B0D0#14,EVLA_KA#B0D0#15,EVLA_KA#B0D0#16,EVLA_KA#B0D0#17,EVLA_KA#B0D0#18",124.65,N1
https://data.nrao.edu/portal/#/productViewer/24A-198.sb45864237.eb46834095.60589.89352416666,"128000000.0,128000000.0,128000000.0,128000000.0,64000000.0,128000000.0,128000000.0,128000000.0,128000000.0,128000000.0,128000000.0,128000000.0,128000000.0,128000000.0,128000000.0,128000000.0,128000000.0","35784148120.94924,35912148120.94924,36040148120.94924,36168148120.94924,36167162903.8316,36296148120.94924,36424148120.94924,36552148120.94924,36680148120.94924,34784148120.94924,34912148120.94924,35040148120.94924,35168148120.94924,35296148120.94924,35424148120.94924,35552148120.94924,35680148120.94924",BnA,3.661514812094924E10,3.471914812094924E10,EVLA,"64,64,64,64,2176,64,64,64,64,64,64,64,64,64,64,64,64",24A-198.sb45864237.eb46834095.60589.89352416666,"RR, RL, LR, LL",24A-198,PUBLIC,-27.866666667291966,267.4166666642887,"2000000.0,2000000.0,2000000.0,2000000.0,29411.764705882357,2000000.0,2000000.0,2000000.0,2000000.0,2000000.0,2000000.0,2000000.0,2000000.0,2000000.0,2000000.0,2000000.0,2000000.0","EVLA_KA#A0C0#2,EVLA_KA#A0C0#3,EVLA_KA#A0C0#4,EVLA_KA#A0C0#5,EVLA_KA#A0C0#6,EVLA_KA#A0C0#7,EVLA_KA#A0C0#8,EVLA_KA#A0C0#9,EVLA_KA#A0C0#10,EVLA_KA#B0D0#11,EVLA_KA#B0D0#12,EVLA_KA#B0D0#13,EVLA_KA#B0D0#14,EVLA_KA#B0D0#15,EVLA_KA#B0D0#16,EVLA_KA#B0D0#17,EVLA_KA#B0D0#18",124.65,N2
https://data.nrao.edu/portal/#/productViewer/24A-198.sb45864237.eb46834095.60589.89352416666,"128000000.0,128000000.0,128000000.0,128000000.0,64000000.0,128000000.0,128000000.0,128000000.0,128000000.0,128000000.0,128000000.0,128000000.0,128000000.0,128000000.0,128000000.0,128000000.0,128000000.0","35784148120.94924,35912148120.94924,36040148120.94924,36168148120.94924,36167162903.8316,36296148120.94924,36424148120.94924,36552148120.94924,36680148120.94924,34784148120.94924,34912148120.94924,35040148120.94924,35168148120.94924,35296148120.94924,35424148120.94924,35552148120.94924,35680148120.94924",BnA,3.661514812094924E10,3.471914812094924E10,EVLA,"64,64,64,64,2176,64,64,64,64,64,64,64,64,64,64,64,64",24A-198.sb45864237.eb46834095.60589.89352416666,"RR, RL, LR, LL",24A-198,PUBLIC,-27.866666667291966,267.3958333344408,"2000000.0,2000000.0,2000000.0,2000000.0,29411.764705882357,2000000.0,2000000.0,2000000.0,2000000.0,2000000.0,2000000.0,2000000.0,2000000.0,2000000.0,2000000.0,2000000.0,2000000.0","EVLA_KA#A0C0#2,EVLA_KA#A0C0#3,EVLA_KA#A0C0#4,EVLA_KA#A0C0#5,EVLA_KA#A0C0#6,EVLA_KA#A0C0#7,EVLA_KA#A0C0#8,EVLA_KA#A0C0#9,EVLA_KA#A0C0#10,EVLA_KA#B0D0#11,EVLA_KA#B0D0#12,EVLA_KA#B0D0#13,EVLA_KA#B0D0#14,EVLA_KA#B0D0#15,EVLA_KA#B0D0#16,EVLA_KA#B0D0#17,EVLA_KA#B0D0#18",124.65,N3
https://data.nrao.edu/portal/#/productViewer/24A-198.sb45864237.eb46834095.60589.89352416666,"128000000.0,128000000.0,128000000.0,128000000.0,64000000.0,128000000.0,128000000.0,128000000.0,128000000.0,128000000.0,128000000.0,128000000.0,128000000.0,128000000.0,128000000.0,128000000.0,128000000.0","35784148120.94924,35912148120.94924,36040148120.94924,36168148120.94924,36167162903.8316,36296148120.94924,36424148120.94924,36552148120.94924,36680148120.94924,34784148120.94924,34912148120.94924,35040148120.94924,35168148120.94924,35296148120.94924,35424148120.94924,35552148120.94924,35680148120.94924",BnA,3.661514812094924E10,3.471914812094924E10,EVLA,"64,64,64,64,2176,64,64,64,64,64,64,64,64,64,64,64,64",24A-198.sb45864237.eb46834095.60589.89352416666,"RR, RL, LR, LL",24A-198,PUBLIC,-27.866666667291966,267.3749999988633,"2000000.0,2000000.0,2000000.0,2000000.0,29411.764705882357,2000000.0,2000000.0,2000000.0,2000000.0,2000000.0,2000000.0,2000000.0,2000000.0,2000000.0,2000000.0,2000000.0,2000000.0","EVLA_KA#A0C0#2,EVLA_KA#A0C0#3,EVLA_KA#A0C0#4,EVLA_KA#A0C0#5,EVLA_KA#A0C0#6,EVLA_KA#A0C0#7,EVLA_KA#A0C0#8,EVLA_KA#A0C0#9,EVLA_KA#A0C0#10,EVLA_KA#B0D0#11,EVLA_KA#B0D0#12,EVLA_KA#B0D0#13,EVLA_KA#B0D0#14,EVLA_KA#B0D0#15,EVLA_KA#B0D0#16,EVLA_KA#B0D0#17,EVLA_KA#B0D0#18",124.65,N4
https://data.nrao.edu/portal/#/productViewer/24A-360.sb45251644.eb45264382.60357.51916668982,"128000000.0,128000000.0,128000000.0,128000000.0,128000000.0,128000000.0,128000000.0,128000000.0,128000000.0,128000000.0,128000000.0,128000000.0,128000000.0,128000000.0,128000000.0,128000000.0,128000000.0,128000000.0,128000000.0,128000000.0,128000000.0,128000000.0,128000000.0,128000000.0,128000000.0,128000000.0,128000000.0,128000000.0,128000000.0,128000000.0,128000000.0,128000000.0,128000000.0,128000000.0,128000000.0,128000000.0,128000000.0,128000000.0,128000000.0,128000000.0,128000000.0,128000000.0,128000000.0,128000000.0,128000000.0,128000000.0,128000000.0,128000000.0,128000000.0,128000000.0,128000000.0,128000000.0,128000000.0,128000000.0,128000000.0,128000000.0,128000000.0,128000000.0,128000000.0,128000000.0,128000000.0,128000000.0,128000000.0,128000000.0","33041000000.0,33169000000.0,33297000000.0,33425000000.0,33553000000.0,33681000000.0,33809000000.0,33937000000.0,34065000000.0,34193000000.0,34321000000.0,34449000000.0,34577000000.0,34705000000.0,34833000000.0,34961000000.0,35041000000.0,35169000000.0,35297000000.0,35425000000.0,35553000000.0,35681000000.0,35809000000.0,35937000000.0,36065000000.0,36193000000.0,36321000000.0,36449000000.0,36577000000.0,36705000000.0,36833000000.0,36961000000.0,29041000000.0,29169000000.0,29297000000.0,29425000000.0,29553000000.0,29681000000.0,29809000000.0,29937000000.0,30065000000.0,30193000000.0,30321000000.0,30449000000.0,30577000000.0,30705000000.0,30833000000.0,30961000000.0,31041000000.0,31169000000.0,31297000000.0,31425000000.0,31553000000.0,31681000000.0,31809000000.0,31937000000.0,32065000000.0,32193000000.0,32321000000.0,32449000000.0,32577000000.0,32705000000.0,32833000000.0,32961000000.0",C,3.6896E10,2.8976E10,EVLA,"64,64,64,64,64,64,64,64,64,64,64,64,64,64,64,64,64,64,64,64,64,64,64,64,64,64,64,64,64,64,64,64,64,64,64,64,64,64,64,64,64,64,64,64,64,64,64,64,64,64,64,64,64,64,64,64,64,64,64,64,64,64,64,64",24A-360.sb45251644.eb45264382.60357.51916668982,"RR, RL, LR, LL",24A-360,PUBLIC,30.509155237703542,202.78453326533136,"2000000.0,2000000.0,2000000.0,2000000.0,2000000.0,2000000.0,2000000.0,2000000.0,2000000.0,2000000.0,2000000.0,2000000.0,2000000.0,2000000.0,2000000.0,2000000.0,2000000.0,2000000.0,2000000.0,2000000.0,2000000.0,2000000.0,2000000.0,2000000.0,2000000.0,2000000.0,2000000.0,2000000.0,2000000.0,2000000.0,2000000.0,2000000.0,2000000.0,2000000.0,2000000.0,2000000.0,2000000.0,2000000.0,2000000.0,2000000.0,2000000.0,2000000.0,2000000.0,2000000.0,2000000.0,2000000.0,2000000.0,2000000.0,2000000.0,2000000.0,2000000.0,2000000.0,2000000.0,2000000.0,2000000.0,2000000.0,2000000.0,2000000.0,2000000.0,2000000.0,2000000.0,2000000.0,2000000.0,2000000.0","EVLA_KA#A1C1#98,EVLA_KA#A1C1#99,EVLA_KA#A1C1#100,EVLA_KA#A1C1#101,EVLA_KA#A1C1#102,EVLA_KA#A1C1#103,EVLA_KA#A1C1#104,EVLA_KA#A1C1#105,EVLA_KA#A1C1#106,EVLA_KA#A1C1#107,EVLA_KA#A1C1#108,EVLA_KA#A1C1#109,EVLA_KA#A1C1#110,EVLA_KA#A1C1#111,EVLA_KA#A1C1#112,EVLA_KA#A1C1#113,EVLA_KA#A2C2#114,EVLA_KA#A2C2#115,EVLA_KA#A2C2#116,EVLA_KA#A2C2#117,EVLA_KA#A2C2#118,EVLA_KA#A2C2#119,EVLA_KA#A2C2#120,EVLA_KA#A2C2#121,EVLA_KA#A2C2#122,EVLA_KA#A2C2#123,EVLA_KA#A2C2#124,EVLA_KA#A2C2#125,EVLA_KA#A2C2#126,EVLA_KA#A2C2#127,EVLA_KA#A2C2#128,EVLA_KA#A2C2#129,EVLA_KA#B1D1#130,EVLA_KA#B1D1#131,EVLA_KA#B1D1#132,EVLA_KA#B1D1#133,EVLA_KA#B1D1#134,EVLA_KA#B1D1#135,EVLA_KA#B1D1#136,EVLA_KA#B1D1#137,EVLA_KA#B1D1#138,EVLA_KA#B1D1#139,EVLA_KA#B1D1#140,EVLA_KA#B1D1#141,EVLA_KA#B1D1#142,EVLA_KA#B1D1#143,EVLA_KA#B1D1#144,EVLA_KA#B1D1#145,EVLA_KA#B2D2#146,EVLA_KA#B2D2#147,EVLA_KA#B2D2#148,EVLA_KA#B2D2#149,EVLA_KA#B2D2#150,EVLA_KA#B2D2#151,EVLA_KA#B2D2#152,EVLA_KA#B2D2#153,EVLA_KA#B2D2#154,EVLA_KA#B2D2#155,EVLA_KA#B2D2#156,EVLA_KA#B2D2#157,EVLA_KA#B2D2#158,EVLA_KA#B2D2#159,EVLA_KA#B2D2#160,EVLA_KA#B2D2#161",59.85,1331+305=3C286
https://data.nrao.edu/portal/#/productViewer/24B-338.sb47117400.eb47124448.60612.25907170139,"128000000.0,128000000.0,128000000.0,128000000.0,128000000.0,128000000.0,128000000.0,128000000.0,128000000.0,128000000.0,128000000.0,128000000.0,128000000.0,128000000.0,128000000.0,128000000.0,128000000.0,128000000.0,128000000.0,128000000.0,128000000.0,128000000.0,128000000.0,128000000.0,128000000.0,128000000.0,128000000.0,128000000.0,128000000.0,128000000.0,128000000.0,128000000.0,128000000.0,128000000.0,128000000.0,128000000.0,128000000.0,128000000.0,128000000.0,128000000.0,128000000.0,128000000.0,128000000.0,128000000.0,128000000.0,128000000.0,128000000.0,128000000.0,128000000.0,128000000.0,128000000.0,128000000.0,128000000.0,128000000.0,128000000.0,128000000.0,128000000.0,128000000.0,128000000.0,128000000.0,128000000.0,128000000.0,128000000.0,128000000.0","33041000000.0,33169000000.0,33297000000.0,33425000000.0,33553000000.0,33681000000.0,33809000000.0,33937000000.0,34065000000.0,34193000000.0,34321000000.0,34449000000.0,34577000000.0,34705000000.0,34833000000.0,34961000000.0,35041000000.0,35169000000.0,35297000000.0,35425000000.0,35553000000.0,35681000000.0,35809000000.0,35937000000.0,36065000000.0,36193000000.0,36321000000.0,36449000000.0,36577000000.0,36705000000.0,36833000000.0,36961000000.0,29041000000.0,29169000000.0,29297000000.0,29425000000.0,29553000000.0,29681000000.0,29809000000.0,29937000000.0,30065000000.0,30193000000.0,30321000000.0,30449000000.0,30577000000.0,30705000000.0,30833000000.0,30961000000.0,31041000000.0,31169000000.0,31297000000.0,31425000000.0,31553000000.0,31681000000.0,31809000000.0,31937000000.0,32065000000.0,32193000000.0,32321000000.0,32449000000.0,32577000000.0,32705000000.0,32833000000.0,32961000000.0",A,3.6896E10,2.8976E10,EVLA,"64,64,64,64,64,64,64,64,64,64,64,64,64,64,64,64,64,64,64,64,64,64,64,64,64,64,64,64,64,64,64,64,64,64,64,64,64,64,64,64,64,64,64,64,64,64,64,64,64,64,64,64,64,64,64,64,64,64,64,64,64,64,64,64",24B-338.sb47117400.eb47124448.60612.25907170139,"RR, RL, LR, LL",24B-338,PUBLIC,-17.022177830373362,31.24030979123081,"2000000.0,2000000.0,2000000.0,2000000.0,2000000.0,2000000.0,2000000.0,2000000.0,2000000.0,2000000.0,2000000.0,2000000.0,2000000.0,2000000.0,2000000.0,2000000.0,2000000.0,2000000.0,2000000.0,2000000.0,2000000.0,2000000.0,2000000.0,2000000.0,2000000.0,2000000.0,2000000.0,2000000.0,2000000.0,2000000.0,2000000.0,2000000.0,2000000.0,2000000.0,2000000.0,2000000.0,2000000.0,2000000.0,2000000.0,2000000.0,2000000.0,2000000.0,2000000.0,2000000.0,2000000.0,2000000.0,2000000.0,2000000.0,2000000.0,2000000.0,2000000.0,2000000.0,2000000.0,2000000.0,2000000.0,2000000.0,2000000.0,2000000.0,2000000.0,2000000.0,2000000.0,2000000.0,2000000.0,2000000.0","EVLA_KA#A1C1#66,EVLA_KA#A1C1#67,EVLA_KA#A1C1#68,EVLA_KA#A1C1#69,EVLA_KA#A1C1#70,EVLA_KA#A1C1#71,EVLA_KA#A1C1#72,EVLA_KA#A1C1#73,EVLA_KA#A1C1#74,EVLA_KA#A1C1#75,EVLA_KA#A1C1#76,EVLA_KA#A1C1#77,EVLA_KA#A1C1#78,EVLA_KA#A1C1#79,EVLA_KA#A1C1#80,EVLA_KA#A1C1#81,EVLA_KA#A2C2#82,EVLA_KA#A2C2#83,EVLA_KA#A2C2#84,EVLA_KA#A2C2#85,EVLA_KA#A2C2#86,EVLA_KA#A2C2#87,EVLA_KA#A2C2#88,EVLA_KA#A2C2#89,EVLA_KA#A2C2#90,EVLA_KA#A2C2#91,EVLA_KA#A2C2#92,EVLA_KA#A2C2#93,EVLA_KA#A2C2#94,EVLA_KA#A2C2#95,EVLA_KA#A2C2#96,EVLA_KA#A2C2#97,EVLA_KA#B1D1#98,EVLA_KA#B1D1#99,EVLA_KA#B1D1#100,EVLA_KA#B1D1#101,EVLA_KA#B1D1#102,EVLA_KA#B1D1#103,EVLA_KA#B1D1#104,EVLA_KA#B1D1#105,EVLA_KA#B1D1#106,EVLA_KA#B1D1#107,EVLA_KA#B1D1#108,EVLA_KA#B1D1#109,EVLA_KA#B1D1#110,EVLA_KA#B1D1#111,EVLA_KA#B1D1#112,EVLA_KA#B1D1#113,EVLA_KA#B2D2#114,EVLA_KA#B2D2#115,EVLA_KA#B2D2#116,EVLA_KA#B2D2#117,EVLA_KA#B2D2#118,EVLA_KA#B2D2#119,EVLA_KA#B2D2#120,EVLA_KA#B2D2#121,EVLA_KA#B2D2#122,EVLA_KA#B2D2#123,EVLA_KA#B2D2#124,EVLA_KA#B2D2#125,EVLA_KA#B2D2#126,EVLA_KA#B2D2#127,EVLA_KA#B2D2#128,EVLA_KA#B2D2#129",59.85,J0204-1701
https://data.nrao.edu/portal/#/productViewer/24B-338.sb47117400.eb47124448.60612.25907170139,"128000000.0,128000000.0,128000000.0,128000000.0,128000000.0,128000000.0,128000000.0,128000000.0,128000000.0,128000000.0,128000000.0,128000000.0,128000000.0,128000000.0,128000000.0,128000000.0,128000000.0,128000000.0,128000000.0,128000000.0,128000000.0,128000000.0,128000000.0,128000000.0,128000000.0,128000000.0,128000000.0,128000000.0,128000000.0,128000000.0,128000000.0,128000000.0,128000000.0,128000000.0,128000000.0,128000000.0,128000000.0,128000000.0,128000000.0,128000000.0,128000000.0,128000000.0,128000000.0,128000000.0,128000000.0,128000000.0,128000000.0,128000000.0,128000000.0,128000000.0,128000000.0,128000000.0,128000000.0,128000000.0,128000000.0,128000000.0,128000000.0,128000000.0,128000000.0,128000000.0,128000000.0,128000000.0,128000000.0,128000000.0","33041000000.0,33169000000.0,33297000000.0,33425000000.0,33553000000.0,33681000000.0,33809000000.0,33937000000.0,34065000000.0,34193000000.0,34321000000.0,34449000000.0,34577000000.0,34705000000.0,34833000000.0,34961000000.0,35041000000.0,35169000000.0,35297000000.0,35425000000.0,35553000000.0,35681000000.0,35809000000.0,35937000000.0,36065000000.0,36193000000.0,36321000000.0,36449000000.0,36577000000.0,36705000000.0,36833000000.0,36961000000.0,29041000000.0,29169000000.0,29297000000.0,29425000000.0,29553000000.0,29681000000.0,29809000000.0,29937000000.0,30065000000.0,30193000000.0,30321000000.0,30449000000.0,30577000000.0,30705000000.0,30833000000.0,30961000000.0,31041000000.0,31169000000.0,31297000000.0,31425000000.0,31553000000.0,31681000000.0,31809000000.0,31937000000.0,32065000000.0,32193000000.0,32321000000.0,32449000000.0,32577000000.0,32705000000.0,32833000000.0,32961000000.0",A,3.6896E10,2.8976E10,EVLA,"64,64,64,64,64,64,64,64,64,64,64,64,64,64,64,64,64,64,64,64,64,64,64,64,64,64,64,64,64,64,64,64,64,64,64,64,64,64,64,64,64,64,64,64,64,64,64,64,64,64,64,64,64,64,64,64,64,64,64,64,64,64,64,64",24B-338.sb47117400.eb47124448.60612.25907170139,"RR, RL, LR, LL",24B-338,PUBLIC,-16.95639722200459,40.522833333128474,"2000000.0,2000000.0,2000000.0,2000000.0,2000000.0,2000000.0,2000000.0,2000000.0,2000000.0,2000000.0,2000000.0,2000000.0,2000000.0,2000000.0,2000000.0,2000000.0,2000000.0,2000000.0,2000000.0,2000000.0,2000000.0,2000000.0,2000000.0,2000000.0,2000000.0,2000000.0,2000000.0,2000000.0,2000000.0,2000000.0,2000000.0,2000000.0,2000000.0,2000000.0,2000000.0,2000000.0,2000000.0,2000000.0,2000000.0,2000000.0,2000000.0,2000000.0,2000000.0,2000000.0,2000000.0,2000000.0,2000000.0,2000000.0,2000000.0,2000000.0,2000000.0,2000000.0,2000000.0,2000000.0,2000000.0,2000000.0,2000000.0,2000000.0,2000000.0,2000000.0,2000000.0,2000000.0,2000000.0,2000000.0","EVLA_KA#A1C1#66,EVLA_KA#A1C1#67,EVLA_KA#A1C1#68,EVLA_KA#A1C1#69,EVLA_KA#A1C1#70,EVLA_KA#A1C1#71,EVLA_KA#A1C1#72,EVLA_KA#A1C1#73,EVLA_KA#A1C1#74,EVLA_KA#A1C1#75,EVLA_KA#A1C1#76,EVLA_KA#A1C1#77,EVLA_KA#A1C1#78,EVLA_KA#A1C1#79,EVLA_KA#A1C1#80,EVLA_KA#A1C1#81,EVLA_KA#A2C2#82,EVLA_KA#A2C2#83,EVLA_KA#A2C2#84,EVLA_KA#A2C2#85,EVLA_KA#A2C2#86,EVLA_KA#A2C2#87,EVLA_KA#A2C2#88,EVLA_KA#A2C2#89,EVLA_KA#A2C2#90,EVLA_KA#A2C2#91,EVLA_KA#A2C2#92,EVLA_KA#A2C2#93,EVLA_KA#A2C2#94,EVLA_KA#A2C2#95,EVLA_KA#A2C2#96,EVLA_KA#A2C2#97,EVLA_KA#B1D1#98,EVLA_KA#B1D1#99,EVLA_KA#B1D1#100,EVLA_KA#B1D1#101,EVLA_KA#B1D1#102,EVLA_KA#B1D1#103,EVLA_KA#B1D1#104,EVLA_KA#B1D1#105,EVLA_KA#B1D1#106,EVLA_KA#B1D1#107,EVLA_KA#B1D1#108,EVLA_KA#B1D1#109,EVLA_KA#B1D1#110,EVLA_KA#B1D1#111,EVLA_KA#B1D1#112,EVLA_KA#B1D1#113,EVLA_KA#B2D2#114,EVLA_KA#B2D2#115,EVLA_KA#B2D2#116,EVLA_KA#B2D2#117,EVLA_KA#B2D2#118,EVLA_KA#B2D2#119,EVLA_KA#B2D2#120,EVLA_KA#B2D2#121,EVLA_KA#B2D2#122,EVLA_KA#B2D2#123,EVLA_KA#B2D2#124,EVLA_KA#B2D2#125,EVLA_KA#B2D2#126,EVLA_KA#B2D2#127,EVLA_KA#B2D2#128,EVLA_KA#B2D2#129",57.85,AT2024wpp
https://data.nrao.edu/portal/#/productViewer/24B-338.sb47117400.eb47124448.60612.25907170139,"128000000.0,128000000.0,128000000.0,128000000.0,128000000.0,128000000.0,128000000.0,128000000.0,128000000.0,128000000.0,128000000.0,128000000.0,128000000.0,128000000.0,128000000.0,128000000.0,128000000.0,128000000.0,128000000.0,128000000.0,128000000.0,128000000.0,128000000.0,128000000.0,128000000.0,128000000.0,128000000.0,128000000.0,128000000.0,128000000.0,128000000.0,128000000.0,128000000.0,128000000.0,128000000.0,128000000.0,128000000.0,128000000.0,128000000.0,128000000.0,128000000.0,128000000.0,128000000.0,128000000.0,128000000.0,128000000.0,128000000.0,128000000.0,128000000.0,128000000.0,128000000.0,128000000.0,128000000.0,128000000.0,128000000.0,128000000.0,128000000.0,128000000.0,128000000.0,128000000.0,128000000.0,128000000.0,128000000.0,128000000.0","33041000000.0,33169000000.0,33297000000.0,33425000000.0,33553000000.0,33681000000.0,33809000000.0,33937000000.0,34065000000.0,34193000000.0,34321000000.0,34449000000.0,34577000000.0,34705000000.0,34833000000.0,34961000000.0,35041000000.0,35169000000.0,35297000000.0,35425000000.0,35553000000.0,35681000000.0,35809000000.0,35937000000.0,36065000000.0,36193000000.0,36321000000.0,36449000000.0,36577000000.0,36705000000.0,36833000000.0,36961000000.0,29041000000.0,29169000000.0,29297000000.0,29425000000.0,29553000000.0,29681000000.0,29809000000.0,29937000000.0,30065000000.0,30193000000.0,30321000000.0,30449000000.0,30577000000.0,30705000000.0,30833000000.0,30961000000.0,31041000000.0,31169000000.0,31297000000.0,31425000000.0,31553000000.0,31681000000.0,31809000000.0,31937000000.0,32065000000.0,32193000000.0,32321000000.0,32449000000.0,32577000000.0,32705000000.0,32833000000.0,32961000000.0",A,3.6896E10,2.8976E10,EVLA,"64,64,64,64,64,64,64,64,64,64,64,64,64,64,64,64,64,64,64,64,64,64,64,64,64,64,64,64,64,64,64,64,64,64,64,64,64,64,64,64,64,64,64,64,64,64,64,64,64,64,64,64,64,64,64,64,64,64,64,64,64,64,64,64",24B-338.sb47117400.eb47124448.60612.25907170139,"RR, RL, LR, LL",24B-338,PUBLIC,33.15975916513661,24.422080963402365,"2000000.0,2000000.0,2000000.0,2000000.0,2000000.0,2000000.0,2000000.0,2000000.0,2000000.0,2000000.0,2000000.0,2000000.0,2000000.0,2000000.0,2000000.0,2000000.0,2000000.0,2000000.0,2000000.0,2000000.0,2000000.0,2000000.0,2000000.0,2000000.0,2000000.0,2000000.0,2000000.0,2000000.0,2000000.0,2000000.0,2000000.0,2000000.0,2000000.0,2000000.0,2000000.0,2000000.0,2000000.0,2000000.0,2000000.0,2000000.0,2000000.0,2000000.0,2000000.0,2000000.0,2000000.0,2000000.0,2000000.0,2000000.0,2000000.0,2000000.0,2000000.0,2000000.0,2000000.0,2000000.0,2000000.0,2000000.0,2000000.0,2000000.0,2000000.0,2000000.0,2000000.0,2000000.0,2000000.0,2000000.0","EVLA_KA#A1C1#66,EVLA_KA#A1C1#67,EVLA_KA#A1C1#68,EVLA_KA#A1C1#69,EVLA_KA#A1C1#70,EVLA_KA#A1C1#71,EVLA_KA#A1C1#72,EVLA_KA#A1C1#73,EVLA_KA#A1C1#74,EVLA_KA#A1C1#75,EVLA_KA#A1C1#76,EVLA_KA#A1C1#77,EVLA_KA#A1C1#78,EVLA_KA#A1C1#79,EVLA_KA#A1C1#80,EVLA_KA#A1C1#81,EVLA_KA#A2C2#82,EVLA_KA#A2C2#83,EVLA_KA#A2C2#84,EVLA_KA#A2C2#85,EVLA_KA#A2C2#86,EVLA_KA#A2C2#87,EVLA_KA#A2C2#88,EVLA_KA#A2C2#89,EVLA_KA#A2C2#90,EVLA_KA#A2C2#91,EVLA_KA#A2C2#92,EVLA_KA#A2C2#93,EVLA_KA#A2C2#94,EVLA_KA#A2C2#95,EVLA_KA#A2C2#96,EVLA_KA#A2C2#97,EVLA_KA#B1D1#98,EVLA_KA#B1D1#99,EVLA_KA#B1D1#100,EVLA_KA#B1D1#101,EVLA_KA#B1D1#102,EVLA_KA#B1D1#103,EVLA_KA#B1D1#104,EVLA_KA#B1D1#105,EVLA_KA#B1D1#106,EVLA_KA#B1D1#107,EVLA_KA#B1D1#108,EVLA_KA#B1D1#109,EVLA_KA#B1D1#110,EVLA_KA#B1D1#111,EVLA_KA#B1D1#112,EVLA_KA#B1D1#113,EVLA_KA#B2D2#114,EVLA_KA#B2D2#115,EVLA_KA#B2D2#116,EVLA_KA#B2D2#117,EVLA_KA#B2D2#118,EVLA_KA#B2D2#119,EVLA_KA#B2D2#120,EVLA_KA#B2D2#121,EVLA_KA#B2D2#122,EVLA_KA#B2D2#123,EVLA_KA#B2D2#124,EVLA_KA#B2D2#125,EVLA_KA#B2D2#126,EVLA_KA#B2D2#127,EVLA_KA#B2D2#128,EVLA_KA#B2D2#129",29.9,3C48
https://data.nrao.edu/portal/#/productViewer/24B-262.sb46661428.eb47295804.60636.02989805555,"128000000.0,128000000.0,128000000.0,128000000.0,128000000.0,128000000.0,128000000.0,128000000.0,128000000.0,128000000.0,128000000.0,128000000.0,128000000.0,128000000.0,128000000.0,128000000.0,128000000.0,128000000.0,128000000.0,128000000.0,128000000.0,128000000.0,128000000.0,128000000.0,128000000.0,128000000.0,128000000.0,128000000.0,128000000.0,128000000.0,128000000.0,128000000.0,128000000.0,128000000.0,128000000.0,128000000.0,128000000.0,128000000.0,128000000.0,128000000.0,128000000.0,128000000.0,128000000.0,128000000.0,128000000.0,128000000.0,128000000.0,128000000.0,128000000.0,128000000.0,128000000.0,128000000.0,128000000.0,128000000.0,128000000.0,128000000.0,128000000.0,128000000.0,128000000.0,128000000.0,128000000.0,128000000.0,128000000.0,128000000.0,128000000.0,128000000.0,128000000.0,128000000.0,128000000.0,128000000.0,128000000.0,128000000.0,128000000.0,128000000.0,128000000.0,128000000.0,128000000.0,128000000.0,128000000.0,128000000.0,128000000.0,128000000.0,128000000.0,128000000.0,128000000.0,128000000.0,128000000.0,128000000.0,128000000.0,128000000.0,128000000.0,128000000.0,128000000.0,128000000.0,128000000.0,128000000.0,128000000.0,128000000.0,128000000.0,128000000.0,128000000.0,128000000.0,128000000.0,128000000.0,128000000.0,128000000.0,128000000.0,128000000.0,128000000.0,128000000.0,128000000.0,128000000.0,128000000.0,128000000.0,128000000.0,128000000.0,128000000.0,128000000.0,128000000.0,128000000.0,128000000.0,128000000.0,128000000.0,128000000.0,128000000.0,128000000.0,128000000.0,128000000.0","33041000000.0,33169000000.0,33297000000.0,33425000000.0,33553000000.0,33681000000.0,33809000000.0,33937000000.0,34065000000.0,34193000000.0,34321000000.0,34449000000.0,34577000000.0,34705000000.0,34833000000.0,34961000000.0,35041000000.0,35169000000.0,35297000000.0,35425000000.0,35553000000.0,35681000000.0,35809000000.0,35937000000.0,36065000000.0,36193000000.0,36321000000.0,36449000000.0,36577000000.0,36705000000.0,36833000000.0,36961000000.0,29041000000.0,29169000000.0,29297000000.0,29425000000.0,29553000000.0,29681000000.0,29809000000.0,29937000000.0,30065000000.0,30193000000.0,30321000000.0,30449000000.0,30577000000.0,30705000000.0,30833000000.0,30961000000.0,31041000000.0,31169000000.0,31297000000.0,31425000000.0,31553000000.0,31681000000.0,31809000000.0,31937000000.0,32065000000.0,32193000000.0,32321000000.0,32449000000.0,32577000000.0,32705000000.0,32833000000.0,32961000000.0,33041000000.0,33169000000.0,33297000000.0,33425000000.0,33553000000.0,33681000000.0,33809000000.0,33937000000.0,34065000000.0,34193000000.0,34321000000.0,34449000000.0,34577000000.0,34705000000.0,34833000000.0,34961000000.0,35041000000.0,35169000000.0,35297000000.0,35425000000.0,35553000000.0,35681000000.0,35809000000.0,35937000000.0,36065000000.0,36193000000.0,36321000000.0,36449000000.0,36577000000.0,36705000000.0,36833000000.0,36961000000.0,29041000000.0,29169000000.0,29297000000.0,29425000000.0,29553000000.0,29681000000.0,29809000000.0,29937000000.0,30065000000.0,30193000000.0,30321000000.0,30449000000.0,30577000000.0,30705000000.0,30833000000.0,30961000000.0,31041000000.0,31169000000.0,31297000000.0,31425000000.0,31553000000.0,31681000000.0,31809000000.0,31937000000.0,32065000000.0,32193000000.0,32321000000.0,32449000000.0,32577000000.0,32705000000.0,32833000000.0,32961000000.0",A,3.6896E10,2.8976E10,EVLA,"64,64,64,64,64,64,64,64,64,64,64,64,64,64,64,64,64,64,64,64,64,64,64,64,64,64,64,64,64,64,64,64,64,64,64,64,64,64,64,64,64,64,64,64,64,64,64,64,64,64,64,64,64,64,64,64,64,64,64,64,64,64,64,64,64,64,64,64,64,64,64,64,64,64,64,64,64,64,64,64,64,64,64,64,64,64,64,64,64,64,64,64,64,64,64,64,64,64,64,64,64,64,64,64,64,64,64,64,64,64,64,64,64,64,64,64,64,64,64,64,64,64,64,64,64,64,64,64",24B-262.sb46661428.eb47295804.60636.02989805555,"RR, RL, LR, LL",24B-262,PUBLIC,33.15975916513661,24.422080963402365,"2000000.0,2000000.0,2000000.0,2000000.0,2000000.0,2000000.0,2000000.0,2000000.0,2000000.0,2000000.0,2000000.0,2000000.0,2000000.0,2000000.0,2000000.0,2000000.0,2000000.0,2000000.0,2000000.0,2000000.0,2000000.0,2000000.0,2000000.0,2000000.0,2000000.0,2000000.0,2000000.0,2000000.0,2000000.0,2000000.0,2000000.0,2000000.0,2000000.0,2000000.0,2000000.0,2000000.0,2000000.0,2000000.0,2000000.0,2000000.0,2000000.0,2000000.0,2000000.0,2000000.0,2000000.0,2000000.0,2000000.0,2000000.0,2000000.0,2000000.0,2000000.0,2000000.0,2000000.0,2000000.0,2000000.0,2000000.0,2000000.0,2000000.0,2000000.0,2000000.0,2000000.0,2000000.0,2000000.0,2000000.0,2000000.0,2000000.0,2000000.0,2000000.0,2000000.0,2000000.0,2000000.0,2000000.0,2000000.0,2000000.0,2000000.0,2000000.0,2000000.0,2000000.0,2000000.0,2000000.0,2000000.0,2000000.0,2000000.0,2000000.0,2000000.0,2000000.0,2000000.0,2000000.0,2000000.0,2000000.0,2000000.0,2000000.0,2000000.0,2000000.0,2000000.0,2000000.0,2000000.0,2000000.0,2000000.0,2000000.0,2000000.0,2000000.0,2000000.0,2000000.0,2000000.0,2000000.0,2000000.0,2000000.0,2000000.0,2000000.0,2000000.0,2000000.0,2000000.0,2000000.0,2000000.0,2000000.0,2000000.0,2000000.0,2000000.0,2000000.0,2000000.0,2000000.0,2000000.0,2000000.0,2000000.0,2000000.0,2000000.0,2000000.0","EVLA_KA#A1C1#2,EVLA_KA#A1C1#3,EVLA_KA#A1C1#4,EVLA_KA#A1C1#5,EVLA_KA#A1C1#6,EVLA_KA#A1C1#7,EVLA_KA#A1C1#8,EVLA_KA#A1C1#9,EVLA_KA#A1C1#10,EVLA_KA#A1C1#11,EVLA_KA#A1C1#12,EVLA_KA#A1C1#13,EVLA_KA#A1C1#14,EVLA_KA#A1C1#15,EVLA_KA#A1C1#16,EVLA_KA#A1C1#17,EVLA_KA#A2C2#18,EVLA_KA#A2C2#19,EVLA_KA#A2C2#20,EVLA_KA#A2C2#21,EVLA_KA#A2C2#22,EVLA_KA#A2C2#23,EVLA_KA#A2C2#24,EVLA_KA#A2C2#25,EVLA_KA#A2C2#26,EVLA_KA#A2C2#27,EVLA_KA#A2C2#28,EVLA_KA#A2C2#29,EVLA_KA#A2C2#30,EVLA_KA#A2C2#31,EVLA_KA#A2C2#32,EVLA_KA#A2C2#33,EVLA_KA#B1D1#34,EVLA_KA#B1D1#35,EVLA_KA#B1D1#36,EVLA_KA#B1D1#37,EVLA_KA#B1D1#38,EVLA_KA#B1D1#39,EVLA_KA#B1D1#40,EVLA_KA#B1D1#41,EVLA_KA#B1D1#42,EVLA_KA#B1D1#43,EVLA_KA#B1D1#44,EVLA_KA#B1D1#45,EVLA_KA#B1D1#46,EVLA_KA#B1D1#47,EVLA_KA#B1D1#48,EVLA_KA#B1D1#49,EVLA_KA#B2D2#50,EVLA_KA#B2D2#51,EVLA_KA#B2D2#52,EVLA_KA#B2D2#53,EVLA_KA#B2D2#54,EVLA_KA#B2D2#55,EVLA_KA#B2D2#56,EVLA_KA#B2D2#57,EVLA_KA#B2D2#58,EVLA_KA#B2D2#59,EVLA_KA#B2D2#60,EVLA_KA#B2D2#61,EVLA_KA#B2D2#62,EVLA_KA#B2D2#63,EVLA_KA#B2D2#64,EVLA_KA#B2D2#65,EVLA_KA#A1C1#2,EVLA_KA#A1C1#3,EVLA_KA#A1C1#4,EVLA_KA#A1C1#5,EVLA_KA#A1C1#6,EVLA_KA#A1C1#7,EVLA_KA#A1C1#8,EVLA_KA#A1C1#9,EVLA_KA#A1C1#10,EVLA_KA#A1C1#11,EVLA_KA#A1C1#12,EVLA_KA#A1C1#13,EVLA_KA#A1C1#14,EVLA_KA#A1C1#15,EVLA_KA#A1C1#16,EVLA_KA#A1C1#17,EVLA_KA#A2C2#18,EVLA_KA#A2C2#19,EVLA_KA#A2C2#20,EVLA_KA#A2C2#21,EVLA_KA#A2C2#22,EVLA_KA#A2C2#23,EVLA_KA#A2C2#24,EVLA_KA#A2C2#25,EVLA_KA#A2C2#26,EVLA_KA#A2C2#27,EVLA_KA#A2C2#28,EVLA_KA#A2C2#29,EVLA_KA#A2C2#30,EVLA_KA#A2C2#31,EVLA_KA#A2C2#32,EVLA_KA#A2C2#33,EVLA_KA#B1D1#34,EVLA_KA#B1D1#35,EVLA_KA#B1D1#36,EVLA_KA#B1D1#37,EVLA_KA#B1D1#38,EVLA_KA#B1D1#39,EVLA_KA#B1D1#40,EVLA_KA#B1D1#41,EVLA_KA#B1D1#42,EVLA_KA#B1D1#43,EVLA_KA#B1D1#44,EVLA_KA#B1D1#45,EVLA_KA#B1D1#46,EVLA_KA#B1D1#47,EVLA_KA#B1D1#48,EVLA_KA#B1D1#49,EVLA_KA#B2D2#50,EVLA_KA#B2D2#51,EVLA_KA#B2D2#52,EVLA_KA#B2D2#53,EVLA_KA#B2D2#54,EVLA_KA#B2D2#55,EVLA_KA#B2D2#56,EVLA_KA#B2D2#57,EVLA_KA#B2D2#58,EVLA_KA#B2D2#59,EVLA_KA#B2D2#60,EVLA_KA#B2D2#61,EVLA_KA#B2D2#62,EVLA_KA#B2D2#63,EVLA_KA#B2D2#64,EVLA_KA#B2D2#65",59.85,3C48
https://data.nrao.edu/portal/#/productViewer/24B-262.sb46661428.eb47295804.60636.02989805555,"128000000.0,128000000.0,128000000.0,128000000.0,128000000.0,128000000.0,128000000.0,128000000.0,128000000.0,128000000.0,128000000.0,128000000.0,128000000.0,128000000.0,128000000.0,128000000.0,128000000.0,128000000.0,128000000.0,128000000.0,128000000.0,128000000.0,128000000.0,128000000.0,128000000.0,128000000.0,128000000.0,128000000.0,128000000.0,128000000.0,128000000.0,128000000.0,128000000.0,128000000.0,128000000.0,128000000.0,128000000.0,128000000.0,128000000.0,128000000.0,128000000.0,128000000.0,128000000.0,128000000.0,128000000.0,128000000.0,128000000.0,128000000.0,128000000.0,128000000.0,128000000.0,128000000.0,128000000.0,128000000.0,128000000.0,128000000.0,128000000.0,128000000.0,128000000.0,128000000.0,128000000.0,128000000.0,128000000.0,128000000.0,128000000.0,128000000.0,128000000.0,128000000.0,128000000.0,128000000.0,128000000.0,128000000.0,128000000.0,128000000.0,128000000.0,128000000.0,128000000.0,128000000.0,128000000.0,128000000.0,128000000.0,128000000.0,128000000.0,128000000.0,128000000.0,128000000.0,128000000.0,128000000.0,128000000.0,128000000.0,128000000.0,128000000.0,128000000.0,128000000.0,128000000.0,128000000.0,128000000.0,128000000.0,128000000.0,128000000.0,128000000.0,128000000.0,128000000.0,128000000.0,128000000.0,128000000.0,128000000.0,128000000.0,128000000.0,128000000.0,128000000.0,128000000.0,128000000.0,128000000.0,128000000.0,128000000.0,128000000.0,128000000.0,128000000.0,128000000.0,128000000.0,128000000.0,128000000.0,128000000.0,128000000.0,128000000.0,128000000.0,128000000.0","33041000000.0,33169000000.0,33297000000.0,33425000000.0,33553000000.0,33681000000.0,33809000000.0,33937000000.0,34065000000.0,34193000000.0,34321000000.0,34449000000.0,34577000000.0,34705000000.0,34833000000.0,34961000000.0,35041000000.0,35169000000.0,35297000000.0,35425000000.0,35553000000.0,35681000000.0,35809000000.0,35937000000.0,36065000000.0,36193000000.0,36321000000.0,36449000000.0,36577000000.0,36705000000.0,36833000000.0,36961000000.0,29041000000.0,29169000000.0,29297000000.0,29425000000.0,29553000000.0,29681000000.0,29809000000.0,29937000000.0,30065000000.0,30193000000.0,30321000000.0,30449000000.0,30577000000.0,30705000000.0,30833000000.0,30961000000.0,31041000000.0,31169000000.0,31297000000.0,31425000000.0,31553000000.0,31681000000.0,31809000000.0,31937000000.0,32065000000.0,32193000000.0,32321000000.0,32449000000.0,32577000000.0,32705000000.0,32833000000.0,32961000000.0,33041000000.0,33169000000.0,33297000000.0,33425000000.0,33553000000.0,33681000000.0,33809000000.0,33937000000.0,34065000000.0,34193000000.0,34321000000.0,34449000000.0,34577000000.0,34705000000.0,34833000000.0,34961000000.0,35041000000.0,35169000000.0,35297000000.0,35425000000.0,35553000000.0,35681000000.0,35809000000.0,35937000000.0,36065000000.0,36193000000.0,36321000000.0,36449000000.0,36577000000.0,36705000000.0,36833000000.0,36961000000.0,29041000000.0,29169000000.0,29297000000.0,29425000000.0,29553000000.0,29681000000.0,29809000000.0,29937000000.0,30065000000.0,30193000000.0,30321000000.0,30449000000.0,30577000000.0,30705000000.0,30833000000.0,30961000000.0,31041000000.0,31169000000.0,31297000000.0,31425000000.0,31553000000.0,31681000000.0,31809000000.0,31937000000.0,32065000000.0,32193000000.0,32321000000.0,32449000000.0,32577000000.0,32705000000.0,32833000000.0,32961000000.0",A,3.6896E10,2.8976E10,EVLA,"64,64,64,64,64,64,64,64,64,64,64,64,64,64,64,64,64,64,64,64,64,64,64,64,64,64,64,64,64,64,64,64,64,64,64,64,64,64,64,64,64,64,64,64,64,64,64,64,64,64,64,64,64,64,64,64,64,64,64,64,64,64,64,64,64,64,64,64,64,64,64,64,64,64,64,64,64,64,64,64,64,64,64,64,64,64,64,64,64,64,64,64,64,64,64,64,64,64,64,64,64,64,64,64,64,64,64,64,64,64,64,64,64,64,64,64,64,64,64,64,64,64,64,64,64,64,64,64",24B-262.sb46661428.eb47295804.60636.02989805555,"RR, RL, LR, LL",24B-262,PUBLIC,30.54920000285037,23.47454166781656,"2000000.0,2000000.0,2000000.0,2000000.0,2000000.0,2000000.0,2000000.0,2000000.0,2000000.0,2000000.0,2000000.0,2000000.0,2000000.0,2000000.0,2000000.0,2000000.0,2000000.0,2000000.0,2000000.0,2000000.0,2000000.0,2000000.0,2000000.0,2000000.0,2000000.0,2000000.0,2000000.0,2000000.0,2000000.0,2000000.0,2000000.0,2000000.0,2000000.0,2000000.0,2000000.0,2000000.0,2000000.0,2000000.0,2000000.0,2000000.0,2000000.0,2000000.0,2000000.0,2000000.0,2000000.0,2000000.0,2000000.0,2000000.0,2000000.0,2000000.0,2000000.0,2000000.0,2000000.0,2000000.0,2000000.0,2000000.0,2000000.0,2000000.0,2000000.0,2000000.0,2000000.0,2000000.0,2000000.0,2000000.0,2000000.0,2000000.0,2000000.0,2000000.0,2000000.0,2000000.0,2000000.0,2000000.0,2000000.0,2000000.0,2000000.0,2000000.0,2000000.0,2000000.0,2000000.0,2000000.0,2000000.0,2000000.0,2000000.0,2000000.0,2000000.0,2000000.0,2000000.0,2000000.0,2000000.0,2000000.0,2000000.0,2000000.0,2000000.0,2000000.0,2000000.0,2000000.0,2000000.0,2000000.0,2000000.0,2000000.0,2000000.0,2000000.0,2000000.0,2000000.0,2000000.0,2000000.0,2000000.0,2000000.0,2000000.0,2000000.0,2000000.0,2000000.0,2000000.0,2000000.0,2000000.0,2000000.0,2000000.0,2000000.0,2000000.0,2000000.0,2000000.0,2000000.0,2000000.0,2000000.0,2000000.0,2000000.0,2000000.0,2000000.0","EVLA_KA#A1C1#2,EVLA_KA#A1C1#3,EVLA_KA#A1C1#4,EVLA_KA#A1C1#5,EVLA_KA#A1C1#6,EVLA_KA#A1C1#7,EVLA_KA#A1C1#8,EVLA_KA#A1C1#9,EVLA_KA#A1C1#10,EVLA_KA#A1C1#11,EVLA_KA#A1C1#12,EVLA_KA#A1C1#13,EVLA_KA#A1C1#14,EVLA_KA#A1C1#15,EVLA_KA#A1C1#16,EVLA_KA#A1C1#17,EVLA_KA#A2C2#18,EVLA_KA#A2C2#19,EVLA_KA#A2C2#20,EVLA_KA#A2C2#21,EVLA_KA#A2C2#22,EVLA_KA#A2C2#23,EVLA_KA#A2C2#24,EVLA_KA#A2C2#25,EVLA_KA#A2C2#26,EVLA_KA#A2C2#27,EVLA_KA#A2C2#28,EVLA_KA#A2C2#29,EVLA_KA#A2C2#30,EVLA_KA#A2C2#31,EVLA_KA#A2C2#32,EVLA_KA#A2C2#33,EVLA_KA#B1D1#34,EVLA_KA#B1D1#35,EVLA_KA#B1D1#36,EVLA_KA#B1D1#37,EVLA_KA#B1D1#38,EVLA_KA#B1D1#39,EVLA_KA#B1D1#40,EVLA_KA#B1D1#41,EVLA_KA#B1D1#42,EVLA_KA#B1D1#43,EVLA_KA#B1D1#44,EVLA_KA#B1D1#45,EVLA_KA#B1D1#46,EVLA_KA#B1D1#47,EVLA_KA#B1D1#48,EVLA_KA#B1D1#49,EVLA_KA#B2D2#50,EVLA_KA#B2D2#51,EVLA_KA#B2D2#52,EVLA_KA#B2D2#53,EVLA_KA#B2D2#54,EVLA_KA#B2D2#55,EVLA_KA#B2D2#56,EVLA_KA#B2D2#57,EVLA_KA#B2D2#58,EVLA_KA#B2D2#59,EVLA_KA#B2D2#60,EVLA_KA#B2D2#61,EVLA_KA#B2D2#62,EVLA_KA#B2D2#63,EVLA_KA#B2D2#64,EVLA_KA#B2D2#65,EVLA_KA#A1C1#2,EVLA_KA#A1C1#3,EVLA_KA#A1C1#4,EVLA_KA#A1C1#5,EVLA_KA#A1C1#6,EVLA_KA#A1C1#7,EVLA_KA#A1C1#8,EVLA_KA#A1C1#9,EVLA_KA#A1C1#10,EVLA_KA#A1C1#11,EVLA_KA#A1C1#12,EVLA_KA#A1C1#13,EVLA_KA#A1C1#14,EVLA_KA#A1C1#15,EVLA_KA#A1C1#16,EVLA_KA#A1C1#17,EVLA_KA#A2C2#18,EVLA_KA#A2C2#19,EVLA_KA#A2C2#20,EVLA_KA#A2C2#21,EVLA_KA#A2C2#22,EVLA_KA#A2C2#23,EVLA_KA#A2C2#24,EVLA_KA#A2C2#25,EVLA_KA#A2C2#26,EVLA_KA#A2C2#27,EVLA_KA#A2C2#28,EVLA_KA#A2C2#29,EVLA_KA#A2C2#30,EVLA_KA#A2C2#31,EVLA_KA#A2C2#32,EVLA_KA#A2C2#33,EVLA_KA#B1D1#34,EVLA_KA#B1D1#35,EVLA_KA#B1D1#36,EVLA_KA#B1D1#37,EVLA_KA#B1D1#38,EVLA_KA#B1D1#39,EVLA_KA#B1D1#40,EVLA_KA#B1D1#41,EVLA_KA#B1D1#42,EVLA_KA#B1D1#43,EVLA_KA#B1D1#44,EVLA_KA#B1D1#45,EVLA_KA#B1D1#46,EVLA_KA#B1D1#47,EVLA_KA#B1D1#48,EVLA_KA#B1D1#49,EVLA_KA#B2D2#50,EVLA_KA#B2D2#51,EVLA_KA#B2D2#52,EVLA_KA#B2D2#53,EVLA_KA#B2D2#54,EVLA_KA#B2D2#55,EVLA_KA#B2D2#56,EVLA_KA#B2D2#57,EVLA_KA#B2D2#58,EVLA_KA#B2D2#59,EVLA_KA#B2D2#60,EVLA_KA#B2D2#61,EVLA_KA#B2D2#62,EVLA_KA#B2D2#63,EVLA_KA#B2D2#64,EVLA_KA#B2D2#65",119.65,M33-Ka-1
https://data.nrao.edu/portal/#/productViewer/24B-262.sb46661428.eb47295804.60636.02989805555,"128000000.0,128000000.0,128000000.0,128000000.0,128000000.0,128000000.0,128000000.0,128000000.0,128000000.0,128000000.0,128000000.0,128000000.0,128000000.0,128000000.0,128000000.0,128000000.0,128000000.0,128000000.0,128000000.0,128000000.0,128000000.0,128000000.0,128000000.0,128000000.0,128000000.0,128000000.0,128000000.0,128000000.0,128000000.0,128000000.0,128000000.0,128000000.0,128000000.0,128000000.0,128000000.0,128000000.0,128000000.0,128000000.0,128000000.0,128000000.0,128000000.0,128000000.0,128000000.0,128000000.0,128000000.0,128000000.0,128000000.0,128000000.0,128000000.0,128000000.0,128000000.0,128000000.0,128000000.0,128000000.0,128000000.0,128000000.0,128000000.0,128000000.0,128000000.0,128000000.0,128000000.0,128000000.0,128000000.0,128000000.0,128000000.0,128000000.0,128000000.0,128000000.0,128000000.0,128000000.0,128000000.0,128000000.0,128000000.0,128000000.0,128000000.0,128000000.0,128000000.0,128000000.0,128000000.0,128000000.0,128000000.0,128000000.0,128000000.0,128000000.0,128000000.0,128000000.0,128000000.0,128000000.0,128000000.0,128000000.0,128000000.0,128000000.0,128000000.0,128000000.0,128000000.0,128000000.0,128000000.0,128000000.0,128000000.0,128000000.0,128000000.0,128000000.0,128000000.0,128000000.0,128000000.0,128000000.0,128000000.0,128000000.0,128000000.0,128000000.0,128000000.0,128000000.0,128000000.0,128000000.0,128000000.0,128000000.0,128000000.0,128000000.0,128000000.0,128000000.0,128000000.0,128000000.0,128000000.0,128000000.0,128000000.0,128000000.0,128000000.0,128000000.0","33041000000.0,33169000000.0,33297000000.0,33425000000.0,33553000000.0,33681000000.0,33809000000.0,33937000000.0,34065000000.0,34193000000.0,34321000000.0,34449000000.0,34577000000.0,34705000000.0,34833000000.0,34961000000.0,35041000000.0,35169000000.0,35297000000.0,35425000000.0,35553000000.0,35681000000.0,35809000000.0,35937000000.0,36065000000.0,36193000000.0,36321000000.0,36449000000.0,36577000000.0,36705000000.0,36833000000.0,36961000000.0,29041000000.0,29169000000.0,29297000000.0,29425000000.0,29553000000.0,29681000000.0,29809000000.0,29937000000.0,30065000000.0,30193000000.0,30321000000.0,30449000000.0,30577000000.0,30705000000.0,30833000000.0,30961000000.0,31041000000.0,31169000000.0,31297000000.0,31425000000.0,31553000000.0,31681000000.0,31809000000.0,31937000000.0,32065000000.0,32193000000.0,32321000000.0,32449000000.0,32577000000.0,32705000000.0,32833000000.0,32961000000.0,33041000000.0,33169000000.0,33297000000.0,33425000000.0,33553000000.0,33681000000.0,33809000000.0,33937000000.0,34065000000.0,34193000000.0,34321000000.0,34449000000.0,34577000000.0,34705000000.0,34833000000.0,34961000000.0,35041000000.0,35169000000.0,35297000000.0,35425000000.0,35553000000.0,35681000000.0,35809000000.0,35937000000.0,36065000000.0,36193000000.0,36321000000.0,36449000000.0,36577000000.0,36705000000.0,36833000000.0,36961000000.0,29041000000.0,29169000000.0,29297000000.0,29425000000.0,29553000000.0,29681000000.0,29809000000.0,29937000000.0,30065000000.0,30193000000.0,30321000000.0,30449000000.0,30577000000.0,30705000000.0,30833000000.0,30961000000.0,31041000000.0,31169000000.0,31297000000.0,31425000000.0,31553000000.0,31681000000.0,31809000000.0,31937000000.0,32065000000.0,32193000000.0,32321000000.0,32449000000.0,32577000000.0,32705000000.0,32833000000.0,32961000000.0",A,3.6896E10,2.8976E10,EVLA,"64,64,64,64,64,64,64,64,64,64,64,64,64,64,64,64,64,64,64,64,64,64,64,64,64,64,64,64,64,64,64,64,64,64,64,64,64,64,64,64,64,64,64,64,64,64,64,64,64,64,64,64,64,64,64,64,64,64,64,64,64,64,64,64,64,64,64,64,64,64,64,64,64,64,64,64,64,64,64,64,64,64,64,64,64,64,64,64,64,64,64,64,64,64,64,64,64,64,64,64,64,64,64,64,64,64,64,64,64,64,64,64,64,64,64,64,64,64,64,64,64,64,64,64,64,64,64,64",24B-262.sb46661428.eb47295804.60636.02989805555,"RR, RL, LR, LL",24B-262,PUBLIC,30.545277780156752,23.44699999913424,"2000000.0,2000000.0,2000000.0,2000000.0,2000000.0,2000000.0,2000000.0,2000000.0,2000000.0,2000000.0,2000000.0,2000000.0,2000000.0,2000000.0,2000000.0,2000000.0,2000000.0,2000000.0,2000000.0,2000000.0,2000000.0,2000000.0,2000000.0,2000000.0,2000000.0,2000000.0,2000000.0,2000000.0,2000000.0,2000000.0,2000000.0,2000000.0,2000000.0,2000000.0,2000000.0,2000000.0,2000000.0,2000000.0,2000000.0,2000000.0,2000000.0,2000000.0,2000000.0,2000000.0,2000000.0,2000000.0,2000000.0,2000000.0,2000000.0,2000000.0,2000000.0,2000000.0,2000000.0,2000000.0,2000000.0,2000000.0,2000000.0,2000000.0,2000000.0,2000000.0,2000000.0,2000000.0,2000000.0,2000000.0,2000000.0,2000000.0,2000000.0,2000000.0,2000000.0,2000000.0,2000000.0,2000000.0,2000000.0,2000000.0,2000000.0,2000000.0,2000000.0,2000000.0,2000000.0,2000000.0,2000000.0,2000000.0,2000000.0,2000000.0,2000000.0,2000000.0,2000000.0,2000000.0,2000000.0,2000000.0,2000000.0,2000000.0,2000000.0,2000000.0,2000000.0,2000000.0,2000000.0,2000000.0,2000000.0,2000000.0,2000000.0,2000000.0,2000000.0,2000000.0,2000000.0,2000000.0,2000000.0,2000000.0,2000000.0,2000000.0,2000000.0,2000000.0,2000000.0,2000000.0,2000000.0,2000000.0,2000000.0,2000000.0,2000000.0,2000000.0,2000000.0,2000000.0,2000000.0,2000000.0,2000000.0,2000000.0,2000000.0,2000000.0","EVLA_KA#A1C1#2,EVLA_KA#A1C1#3,EVLA_KA#A1C1#4,EVLA_KA#A1C1#5,EVLA_KA#A1C1#6,EVLA_KA#A1C1#7,EVLA_KA#A1C1#8,EVLA_KA#A1C1#9,EVLA_KA#A1C1#10,EVLA_KA#A1C1#11,EVLA_KA#A1C1#12,EVLA_KA#A1C1#13,EVLA_KA#A1C1#14,EVLA_KA#A1C1#15,EVLA_KA#A1C1#16,EVLA_KA#A1C1#17,EVLA_KA#A2C2#18,EVLA_KA#A2C2#19,EVLA_KA#A2C2#20,EVLA_KA#A2C2#21,EVLA_KA#A2C2#22,EVLA_KA#A2C2#23,EVLA_KA#A2C2#24,EVLA_KA#A2C2#25,EVLA_KA#A2C2#26,EVLA_KA#A2C2#27,EVLA_KA#A2C2#28,EVLA_KA#A2C2#29,EVLA_KA#A2C2#30,EVLA_KA#A2C2#31,EVLA_KA#A2C2#32,EVLA_KA#A2C2#33,EVLA_KA#B1D1#34,EVLA_KA#B1D1#35,EVLA_KA#B1D1#36,EVLA_KA#B1D1#37,EVLA_KA#B1D1#38,EVLA_KA#B1D1#39,EVLA_KA#B1D1#40,EVLA_KA#B1D1#41,EVLA_KA#B1D1#42,EVLA_KA#B1D1#43,EVLA_KA#B1D1#44,EVLA_KA#B1D1#45,EVLA_KA#B1D1#46,EVLA_KA#B1D1#47,EVLA_KA#B1D1#48,EVLA_KA#B1D1#49,EVLA_KA#B2D2#50,EVLA_KA#B2D2#51,EVLA_KA#B2D2#52,EVLA_KA#B2D2#53,EVLA_KA#B2D2#54,EVLA_KA#B2D2#55,EVLA_KA#B2D2#56,EVLA_KA#B2D2#57,EVLA_KA#B2D2#58,EVLA_KA#B2D2#59,EVLA_KA#B2D2#60,EVLA_KA#B2D2#61,EVLA_KA#B2D2#62,EVLA_KA#B2D2#63,EVLA_KA#B2D2#64,EVLA_KA#B2D2#65,EVLA_KA#A1C1#2,EVLA_KA#A1C1#3,EVLA_KA#A1C1#4,EVLA_KA#A1C1#5,EVLA_KA#A1C1#6,EVLA_KA#A1C1#7,EVLA_KA#A1C1#8,EVLA_KA#A1C1#9,EVLA_KA#A1C1#10,EVLA_KA#A1C1#11,EVLA_KA#A1C1#12,EVLA_KA#A1C1#13,EVLA_KA#A1C1#14,EVLA_KA#A1C1#15,EVLA_KA#A1C1#16,EVLA_KA#A1C1#17,EVLA_KA#A2C2#18,EVLA_KA#A2C2#19,EVLA_KA#A2C2#20,EVLA_KA#A2C2#21,EVLA_KA#A2C2#22,EVLA_KA#A2C2#23,EVLA_KA#A2C2#24,EVLA_KA#A2C2#25,EVLA_KA#A2C2#26,EVLA_KA#A2C2#27,EVLA_KA#A2C2#28,EVLA_KA#A2C2#29,EVLA_KA#A2C2#30,EVLA_KA#A2C2#31,EVLA_KA#A2C2#32,EVLA_KA#A2C2#33,EVLA_KA#B1D1#34,EVLA_KA#B1D1#35,EVLA_KA#B1D1#36,EVLA_KA#B1D1#37,EVLA_KA#B1D1#38,EVLA_KA#B1D1#39,EVLA_KA#B1D1#40,EVLA_KA#B1D1#41,EVLA_KA#B1D1#42,EVLA_KA#B1D1#43,EVLA_KA#B1D1#44,EVLA_KA#B1D1#45,EVLA_KA#B1D1#46,EVLA_KA#B1D1#47,EVLA_KA#B1D1#48,EVLA_KA#B1D1#49,EVLA_KA#B2D2#50,EVLA_KA#B2D2#51,EVLA_KA#B2D2#52,EVLA_KA#B2D2#53,EVLA_KA#B2D2#54,EVLA_KA#B2D2#55,EVLA_KA#B2D2#56,EVLA_KA#B2D2#57,EVLA_KA#B2D2#58,EVLA_KA#B2D2#59,EVLA_KA#B2D2#60,EVLA_KA#B2D2#61,EVLA_KA#B2D2#62,EVLA_KA#B2D2#63,EVLA_KA#B2D2#64,EVLA_KA#B2D2#65",119.65,M33-Ka-2
https://data.nrao.edu/portal/#/productViewer/24B-262.sb46661428.eb47295804.60636.02989805555,"128000000.0,128000000.0,128000000.0,128000000.0,128000000.0,128000000.0,128000000.0,128000000.0,128000000.0,128000000.0,128000000.0,128000000.0,128000000.0,128000000.0,128000000.0,128000000.0,128000000.0,128000000.0,128000000.0,128000000.0,128000000.0,128000000.0,128000000.0,128000000.0,128000000.0,128000000.0,128000000.0,128000000.0,128000000.0,128000000.0,128000000.0,128000000.0,128000000.0,128000000.0,128000000.0,128000000.0,128000000.0,128000000.0,128000000.0,128000000.0,128000000.0,128000000.0,128000000.0,128000000.0,128000000.0,128000000.0,128000000.0,128000000.0,128000000.0,128000000.0,128000000.0,128000000.0,128000000.0,128000000.0,128000000.0,128000000.0,128000000.0,128000000.0,128000000.0,128000000.0,128000000.0,128000000.0,128000000.0,128000000.0,128000000.0,128000000.0,128000000.0,128000000.0,128000000.0,128000000.0,128000000.0,128000000.0,128000000.0,128000000.0,128000000.0,128000000.0,128000000.0,128000000.0,128000000.0,128000000.0,128000000.0,128000000.0,128000000.0,128000000.0,128000000.0,128000000.0,128000000.0,128000000.0,128000000.0,128000000.0,128000000.0,128000000.0,128000000.0,128000000.0,128000000.0,128000000.0,128000000.0,128000000.0,128000000.0,128000000.0,128000000.0,128000000.0,128000000.0,128000000.0,128000000.0,128000000.0,128000000.0,128000000.0,128000000.0,128000000.0,128000000.0,128000000.0,128000000.0,128000000.0,128000000.0,128000000.0,128000000.0,128000000.0,128000000.0,128000000.0,128000000.0,128000000.0,128000000.0,128000000.0,128000000.0,128000000.0,128000000.0,128000000.0","33041000000.0,33169000000.0,33297000000.0,33425000000.0,33553000000.0,33681000000.0,33809000000.0,33937000000.0,34065000000.0,34193000000.0,34321000000.0,34449000000.0,34577000000.0,34705000000.0,34833000000.0,34961000000.0,35041000000.0,35169000000.0,35297000000.0,35425000000.0,35553000000.0,35681000000.0,35809000000.0,35937000000.0,36065000000.0,36193000000.0,36321000000.0,36449000000.0,36577000000.0,36705000000.0,36833000000.0,36961000000.0,29041000000.0,29169000000.0,29297000000.0,29425000000.0,29553000000.0,29681000000.0,29809000000.0,29937000000.0,30065000000.0,30193000000.0,30321000000.0,30449000000.0,30577000000.0,30705000000.0,30833000000.0,30961000000.0,31041000000.0,31169000000.0,31297000000.0,31425000000.0,31553000000.0,31681000000.0,31809000000.0,31937000000.0,32065000000.0,32193000000.0,32321000000.0,32449000000.0,32577000000.0,32705000000.0,32833000000.0,32961000000.0,33041000000.0,33169000000.0,33297000000.0,33425000000.0,33553000000.0,33681000000.0,33809000000.0,33937000000.0,34065000000.0,34193000000.0,34321000000.0,34449000000.0,34577000000.0,34705000000.0,34833000000.0,34961000000.0,35041000000.0,35169000000.0,35297000000.0,35425000000.0,35553000000.0,35681000000.0,35809000000.0,35937000000.0,36065000000.0,36193000000.0,36321000000.0,36449000000.0,36577000000.0,36705000000.0,36833000000.0,36961000000.0,29041000000.0,29169000000.0,29297000000.0,29425000000.0,29553000000.0,29681000000.0,29809000000.0,29937000000.0,30065000000.0,30193000000.0,30321000000.0,30449000000.0,30577000000.0,30705000000.0,30833000000.0,30961000000.0,31041000000.0,31169000000.0,31297000000.0,31425000000.0,31553000000.0,31681000000.0,31809000000.0,31937000000.0,32065000000.0,32193000000.0,32321000000.0,32449000000.0,32577000000.0,32705000000.0,32833000000.0,32961000000.0",A,3.6896E10,2.8976E10,EVLA,"64,64,64,64,64,64,64,64,64,64,64,64,64,64,64,64,64,64,64,64,64,64,64,64,64,64,64,64,64,64,64,64,64,64,64,64,64,64,64,64,64,64,64,64,64,64,64,64,64,64,64,64,64,64,64,64,64,64,64,64,64,64,64,64,64,64,64,64,64,64,64,64,64,64,64,64,64,64,64,64,64,64,64,64,64,64,64,64,64,64,64,64,64,64,64,64,64,64,64,64,64,64,64,64,64,64,64,64,64,64,64,64,64,64,64,64,64,64,64,64,64,64,64,64,64,64,64,64",24B-262.sb46661428.eb47295804.60636.02989805555,"RR, RL, LR, LL",24B-262,PUBLIC,30.549444443834503,23.425625000716387,"2000000.0,2000000.0,2000000.0,2000000.0,2000000.0,2000000.0,2000000.0,2000000.0,2000000.0,2000000.0,2000000.0,2000000.0,2000000.0,2000000.0,2000000.0,2000000.0,2000000.0,2000000.0,2000000.0,2000000.0,2000000.0,2000000.0,2000000.0,2000000.0,2000000.0,2000000.0,2000000.0,2000000.0,2000000.0,2000000.0,2000000.0,2000000.0,2000000.0,2000000.0,2000000.0,2000000.0,2000000.0,2000000.0,2000000.0,2000000.0,2000000.0,2000000.0,2000000.0,2000000.0,2000000.0,2000000.0,2000000.0,2000000.0,2000000.0,2000000.0,2000000.0,2000000.0,2000000.0,2000000.0,2000000.0,2000000.0,2000000.0,2000000.0,2000000.0,2000000.0,2000000.0,2000000.0,2000000.0,2000000.0,2000000.0,2000000.0,2000000.0,2000000.0,2000000.0,2000000.0,2000000.0,2000000.0,2000000.0,2000000.0,2000000.0,2000000.0,2000000.0,2000000.0,2000000.0,2000000.0,2000000.0,2000000.0,2000000.0,2000000.0,2000000.0,2000000.0,2000000.0,2000000.0,2000000.0,2000000.0,2000000.0,2000000.0,2000000.0,2000000.0,2000000.0,2000000.0,2000000.0,2000000.0,2000000.0,2000000.0,2000000.0,2000000.0,2000000.0,2000000.0,2000000.0,2000000.0,2000000.0,2000000.0,2000000.0,2000000.0,2000000.0,2000000.0,2000000.0,2000000.0,2000000.0,2000000.0,2000000.0,2000000.0,2000000.0,2000000.0,2000000.0,2000000.0,2000000.0,2000000.0,2000000.0,2000000.0,2000000.0,2000000.0","EVLA_KA#A1C1#2,EVLA_KA#A1C1#3,EVLA_KA#A1C1#4,EVLA_KA#A1C1#5,EVLA_KA#A1C1#6,EVLA_KA#A1C1#7,EVLA_KA#A1C1#8,EVLA_KA#A1C1#9,EVLA_KA#A1C1#10,EVLA_KA#A1C1#11,EVLA_KA#A1C1#12,EVLA_KA#A1C1#13,EVLA_KA#A1C1#14,EVLA_KA#A1C1#15,EVLA_KA#A1C1#16,EVLA_KA#A1C1#17,EVLA_KA#A2C2#18,EVLA_KA#A2C2#19,EVLA_KA#A2C2#20,EVLA_KA#A2C2#21,EVLA_KA#A2C2#22,EVLA_KA#A2C2#23,EVLA_KA#A2C2#24,EVLA_KA#A2C2#25,EVLA_KA#A2C2#26,EVLA_KA#A2C2#27,EVLA_KA#A2C2#28,EVLA_KA#A2C2#29,EVLA_KA#A2C2#30,EVLA_KA#A2C2#31,EVLA_KA#A2C2#32,EVLA_KA#A2C2#33,EVLA_KA#B1D1#34,EVLA_KA#B1D1#35,EVLA_KA#B1D1#36,EVLA_KA#B1D1#37,EVLA_KA#B1D1#38,EVLA_KA#B1D1#39,EVLA_KA#B1D1#40,EVLA_KA#B1D1#41,EVLA_KA#B1D1#42,EVLA_KA#B1D1#43,EVLA_KA#B1D1#44,EVLA_KA#B1D1#45,EVLA_KA#B1D1#46,EVLA_KA#B1D1#47,EVLA_KA#B1D1#48,EVLA_KA#B1D1#49,EVLA_KA#B2D2#50,EVLA_KA#B2D2#51,EVLA_KA#B2D2#52,EVLA_KA#B2D2#53,EVLA_KA#B2D2#54,EVLA_KA#B2D2#55,EVLA_KA#B2D2#56,EVLA_KA#B2D2#57,EVLA_KA#B2D2#58,EVLA_KA#B2D2#59,EVLA_KA#B2D2#60,EVLA_KA#B2D2#61,EVLA_KA#B2D2#62,EVLA_KA#B2D2#63,EVLA_KA#B2D2#64,EVLA_KA#B2D2#65,EVLA_KA#A1C1#2,EVLA_KA#A1C1#3,EVLA_KA#A1C1#4,EVLA_KA#A1C1#5,EVLA_KA#A1C1#6,EVLA_KA#A1C1#7,EVLA_KA#A1C1#8,EVLA_KA#A1C1#9,EVLA_KA#A1C1#10,EVLA_KA#A1C1#11,EVLA_KA#A1C1#12,EVLA_KA#A1C1#13,EVLA_KA#A1C1#14,EVLA_KA#A1C1#15,EVLA_KA#A1C1#16,EVLA_KA#A1C1#17,EVLA_KA#A2C2#18,EVLA_KA#A2C2#19,EVLA_KA#A2C2#20,EVLA_KA#A2C2#21,EVLA_KA#A2C2#22,EVLA_KA#A2C2#23,EVLA_KA#A2C2#24,EVLA_KA#A2C2#25,EVLA_KA#A2C2#26,EVLA_KA#A2C2#27,EVLA_KA#A2C2#28,EVLA_KA#A2C2#29,EVLA_KA#A2C2#30,EVLA_KA#A2C2#31,EVLA_KA#A2C2#32,EVLA_KA#A2C2#33,EVLA_KA#B1D1#34,EVLA_KA#B1D1#35,EVLA_KA#B1D1#36,EVLA_KA#B1D1#37,EVLA_KA#B1D1#38,EVLA_KA#B1D1#39,EVLA_KA#B1D1#40,EVLA_KA#B1D1#41,EVLA_KA#B1D1#42,EVLA_KA#B1D1#43,EVLA_KA#B1D1#44,EVLA_KA#B1D1#45,EVLA_KA#B1D1#46,EVLA_KA#B1D1#47,EVLA_KA#B1D1#48,EVLA_KA#B1D1#49,EVLA_KA#B2D2#50,EVLA_KA#B2D2#51,EVLA_KA#B2D2#52,EVLA_KA#B2D2#53,EVLA_KA#B2D2#54,EVLA_KA#B2D2#55,EVLA_KA#B2D2#56,EVLA_KA#B2D2#57,EVLA_KA#B2D2#58,EVLA_KA#B2D2#59,EVLA_KA#B2D2#60,EVLA_KA#B2D2#61,EVLA_KA#B2D2#62,EVLA_KA#B2D2#63,EVLA_KA#B2D2#64,EVLA_KA#B2D2#65",119.7,M33-Ka-3
https://data.nrao.edu/portal/#/productViewer/24B-262.sb46661428.eb47295804.60636.02989805555,"128000000.0,128000000.0,128000000.0,128000000.0,128000000.0,128000000.0,128000000.0,128000000.0,128000000.0,128000000.0,128000000.0,128000000.0,128000000.0,128000000.0,128000000.0,128000000.0,128000000.0,128000000.0,128000000.0,128000000.0,128000000.0,128000000.0,128000000.0,128000000.0,128000000.0,128000000.0,128000000.0,128000000.0,128000000.0,128000000.0,128000000.0,128000000.0,128000000.0,128000000.0,128000000.0,128000000.0,128000000.0,128000000.0,128000000.0,128000000.0,128000000.0,128000000.0,128000000.0,128000000.0,128000000.0,128000000.0,128000000.0,128000000.0,128000000.0,128000000.0,128000000.0,128000000.0,128000000.0,128000000.0,128000000.0,128000000.0,128000000.0,128000000.0,128000000.0,128000000.0,128000000.0,128000000.0,128000000.0,128000000.0,128000000.0,128000000.0,128000000.0,128000000.0,128000000.0,128000000.0,128000000.0,128000000.0,128000000.0,128000000.0,128000000.0,128000000.0,128000000.0,128000000.0,128000000.0,128000000.0,128000000.0,128000000.0,128000000.0,128000000.0,128000000.0,128000000.0,128000000.0,128000000.0,128000000.0,128000000.0,128000000.0,128000000.0,128000000.0,128000000.0,128000000.0,128000000.0,128000000.0,128000000.0,128000000.0,128000000.0,128000000.0,128000000.0,128000000.0,128000000.0,128000000.0,128000000.0,128000000.0,128000000.0,128000000.0,128000000.0,128000000.0,128000000.0,128000000.0,128000000.0,128000000.0,128000000.0,128000000.0,128000000.0,128000000.0,128000000.0,128000000.0,128000000.0,128000000.0,128000000.0,128000000.0,128000000.0,128000000.0,128000000.0","33041000000.0,33169000000.0,33297000000.0,33425000000.0,33553000000.0,33681000000.0,33809000000.0,33937000000.0,34065000000.0,34193000000.0,34321000000.0,34449000000.0,34577000000.0,34705000000.0,34833000000.0,34961000000.0,35041000000.0,35169000000.0,35297000000.0,35425000000.0,35553000000.0,35681000000.0,35809000000.0,35937000000.0,36065000000.0,36193000000.0,36321000000.0,36449000000.0,36577000000.0,36705000000.0,36833000000.0,36961000000.0,29041000000.0,29169000000.0,29297000000.0,29425000000.0,29553000000.0,29681000000.0,29809000000.0,29937000000.0,30065000000.0,30193000000.0,30321000000.0,30449000000.0,30577000000.0,30705000000.0,30833000000.0,30961000000.0,31041000000.0,31169000000.0,31297000000.0,31425000000.0,31553000000.0,31681000000.0,31809000000.0,31937000000.0,32065000000.0,32193000000.0,32321000000.0,32449000000.0,32577000000.0,32705000000.0,32833000000.0,32961000000.0,33041000000.0,33169000000.0,33297000000.0,33425000000.0,33553000000.0,33681000000.0,33809000000.0,33937000000.0,34065000000.0,34193000000.0,34321000000.0,34449000000.0,34577000000.0,34705000000.0,34833000000.0,34961000000.0,35041000000.0,35169000000.0,35297000000.0,35425000000.0,35553000000.0,35681000000.0,35809000000.0,35937000000.0,36065000000.0,36193000000.0,36321000000.0,36449000000.0,36577000000.0,36705000000.0,36833000000.0,36961000000.0,29041000000.0,29169000000.0,29297000000.0,29425000000.0,29553000000.0,29681000000.0,29809000000.0,29937000000.0,30065000000.0,30193000000.0,30321000000.0,30449000000.0,30577000000.0,30705000000.0,30833000000.0,30961000000.0,31041000000.0,31169000000.0,31297000000.0,31425000000.0,31553000000.0,31681000000.0,31809000000.0,31937000000.0,32065000000.0,32193000000.0,32321000000.0,32449000000.0,32577000000.0,32705000000.0,32833000000.0,32961000000.0",A,3.6896E10,2.8976E10,EVLA,"64,64,64,64,64,64,64,64,64,64,64,64,64,64,64,64,64,64,64,64,64,64,64,64,64,64,64,64,64,64,64,64,64,64,64,64,64,64,64,64,64,64,64,64,64,64,64,64,64,64,64,64,64,64,64,64,64,64,64,64,64,64,64,64,64,64,64,64,64,64,64,64,64,64,64,64,64,64,64,64,64,64,64,64,64,64,64,64,64,64,64,64,64,64,64,64,64,64,64,64,64,64,64,64,64,64,64,64,64,64,64,64,64,64,64,64,64,64,64,64,64,64,64,64,64,64,64,64",24B-262.sb46661428.eb47295804.60636.02989805555,"RR, RL, LR, LL",24B-262,PUBLIC,30.543888890354314,23.41249999867232,"2000000.0,2000000.0,2000000.0,2000000.0,2000000.0,2000000.0,2000000.0,2000000.0,2000000.0,2000000.0,2000000.0,2000000.0,2000000.0,2000000.0,2000000.0,2000000.0,2000000.0,2000000.0,2000000.0,2000000.0,2000000.0,2000000.0,2000000.0,2000000.0,2000000.0,2000000.0,2000000.0,2000000.0,2000000.0,2000000.0,2000000.0,2000000.0,2000000.0,2000000.0,2000000.0,2000000.0,2000000.0,2000000.0,2000000.0,2000000.0,2000000.0,2000000.0,2000000.0,2000000.0,2000000.0,2000000.0,2000000.0,2000000.0,2000000.0,2000000.0,2000000.0,2000000.0,2000000.0,2000000.0,2000000.0,2000000.0,2000000.0,2000000.0,2000000.0,2000000.0,2000000.0,2000000.0,2000000.0,2000000.0,2000000.0,2000000.0,2000000.0,2000000.0,2000000.0,2000000.0,2000000.0,2000000.0,2000000.0,2000000.0,2000000.0,2000000.0,2000000.0,2000000.0,2000000.0,2000000.0,2000000.0,2000000.0,2000000.0,2000000.0,2000000.0,2000000.0,2000000.0,2000000.0,2000000.0,2000000.0,2000000.0,2000000.0,2000000.0,2000000.0,2000000.0,2000000.0,2000000.0,2000000.0,2000000.0,2000000.0,2000000.0,2000000.0,2000000.0,2000000.0,2000000.0,2000000.0,2000000.0,2000000.0,2000000.0,2000000.0,2000000.0,2000000.0,2000000.0,2000000.0,2000000.0,2000000.0,2000000.0,2000000.0,2000000.0,2000000.0,2000000.0,2000000.0,2000000.0,2000000.0,2000000.0,2000000.0,2000000.0,2000000.0","EVLA_KA#A1C1#2,EVLA_KA#A1C1#3,EVLA_KA#A1C1#4,EVLA_KA#A1C1#5,EVLA_KA#A1C1#6,EVLA_KA#A1C1#7,EVLA_KA#A1C1#8,EVLA_KA#A1C1#9,EVLA_KA#A1C1#10,EVLA_KA#A1C1#11,EVLA_KA#A1C1#12,EVLA_KA#A1C1#13,EVLA_KA#A1C1#14,EVLA_KA#A1C1#15,EVLA_KA#A1C1#16,EVLA_KA#A1C1#17,EVLA_KA#A2C2#18,EVLA_KA#A2C2#19,EVLA_KA#A2C2#20,EVLA_KA#A2C2#21,EVLA_KA#A2C2#22,EVLA_KA#A2C2#23,EVLA_KA#A2C2#24,EVLA_KA#A2C2#25,EVLA_KA#A2C2#26,EVLA_KA#A2C2#27,EVLA_KA#A2C2#28,EVLA_KA#A2C2#29,EVLA_KA#A2C2#30,EVLA_KA#A2C2#31,EVLA_KA#A2C2#32,EVLA_KA#A2C2#33,EVLA_KA#B1D1#34,EVLA_KA#B1D1#35,EVLA_KA#B1D1#36,EVLA_KA#B1D1#37,EVLA_KA#B1D1#38,EVLA_KA#B1D1#39,EVLA_KA#B1D1#40,EVLA_KA#B1D1#41,EVLA_KA#B1D1#42,EVLA_KA#B1D1#43,EVLA_KA#B1D1#44,EVLA_KA#B1D1#45,EVLA_KA#B1D1#46,EVLA_KA#B1D1#47,EVLA_KA#B1D1#48,EVLA_KA#B1D1#49,EVLA_KA#B2D2#50,EVLA_KA#B2D2#51,EVLA_KA#B2D2#52,EVLA_KA#B2D2#53,EVLA_KA#B2D2#54,EVLA_KA#B2D2#55,EVLA_KA#B2D2#56,EVLA_KA#B2D2#57,EVLA_KA#B2D2#58,EVLA_KA#B2D2#59,EVLA_KA#B2D2#60,EVLA_KA#B2D2#61,EVLA_KA#B2D2#62,EVLA_KA#B2D2#63,EVLA_KA#B2D2#64,EVLA_KA#B2D2#65,EVLA_KA#A1C1#2,EVLA_KA#A1C1#3,EVLA_KA#A1C1#4,EVLA_KA#A1C1#5,EVLA_KA#A1C1#6,EVLA_KA#A1C1#7,EVLA_KA#A1C1#8,EVLA_KA#A1C1#9,EVLA_KA#A1C1#10,EVLA_KA#A1C1#11,EVLA_KA#A1C1#12,EVLA_KA#A1C1#13,EVLA_KA#A1C1#14,EVLA_KA#A1C1#15,EVLA_KA#A1C1#16,EVLA_KA#A1C1#17,EVLA_KA#A2C2#18,EVLA_KA#A2C2#19,EVLA_KA#A2C2#20,EVLA_KA#A2C2#21,EVLA_KA#A2C2#22,EVLA_KA#A2C2#23,EVLA_KA#A2C2#24,EVLA_KA#A2C2#25,EVLA_KA#A2C2#26,EVLA_KA#A2C2#27,EVLA_KA#A2C2#28,EVLA_KA#A2C2#29,EVLA_KA#A2C2#30,EVLA_KA#A2C2#31,EVLA_KA#A2C2#32,EVLA_KA#A2C2#33,EVLA_KA#B1D1#34,EVLA_KA#B1D1#35,EVLA_KA#B1D1#36,EVLA_KA#B1D1#37,EVLA_KA#B1D1#38,EVLA_KA#B1D1#39,EVLA_KA#B1D1#40,EVLA_KA#B1D1#41,EVLA_KA#B1D1#42,EVLA_KA#B1D1#43,EVLA_KA#B1D1#44,EVLA_KA#B1D1#45,EVLA_KA#B1D1#46,EVLA_KA#B1D1#47,EVLA_KA#B1D1#48,EVLA_KA#B1D1#49,EVLA_KA#B2D2#50,EVLA_KA#B2D2#51,EVLA_KA#B2D2#52,EVLA_KA#B2D2#53,EVLA_KA#B2D2#54,EVLA_KA#B2D2#55,EVLA_KA#B2D2#56,EVLA_KA#B2D2#57,EVLA_KA#B2D2#58,EVLA_KA#B2D2#59,EVLA_KA#B2D2#60,EVLA_KA#B2D2#61,EVLA_KA#B2D2#62,EVLA_KA#B2D2#63,EVLA_KA#B2D2#64,EVLA_KA#B2D2#65",119.7,M33-Ka-4
https://data.nrao.edu/portal/#/productViewer/24B-262.sb46661428.eb47295804.60636.02989805555,"128000000.0,128000000.0,128000000.0,128000000.0,128000000.0,128000000.0,128000000.0,128000000.0,128000000.0,128000000.0,128000000.0,128000000.0,128000000.0,128000000.0,128000000.0,128000000.0,128000000.0,128000000.0,128000000.0,128000000.0,128000000.0,128000000.0,128000000.0,128000000.0,128000000.0,128000000.0,128000000.0,128000000.0,128000000.0,128000000.0,128000000.0,128000000.0,128000000.0,128000000.0,128000000.0,128000000.0,128000000.0,128000000.0,128000000.0,128000000.0,128000000.0,128000000.0,128000000.0,128000000.0,128000000.0,128000000.0,128000000.0,128000000.0,128000000.0,128000000.0,128000000.0,128000000.0,128000000.0,128000000.0,128000000.0,128000000.0,128000000.0,128000000.0,128000000.0,128000000.0,128000000.0,128000000.0,128000000.0,128000000.0,128000000.0,128000000.0,128000000.0,128000000.0,128000000.0,128000000.0,128000000.0,128000000.0,128000000.0,128000000.0,128000000.0,128000000.0,128000000.0,128000000.0,128000000.0,128000000.0,128000000.0,128000000.0,128000000.0,128000000.0,128000000.0,128000000.0,128000000.0,128000000.0,128000000.0,128000000.0,128000000.0,128000000.0,128000000.0,128000000.0,128000000.0,128000000.0,128000000.0,128000000.0,128000000.0,128000000.0,128000000.0,128000000.0,128000000.0,128000000.0,128000000.0,128000000.0,128000000.0,128000000.0,128000000.0,128000000.0,128000000.0,128000000.0,128000000.0,128000000.0,128000000.0,128000000.0,128000000.0,128000000.0,128000000.0,128000000.0,128000000.0,128000000.0,128000000.0,128000000.0,128000000.0,128000000.0,128000000.0,128000000.0","33041000000.0,33169000000.0,33297000000.0,33425000000.0,33553000000.0,33681000000.0,33809000000.0,33937000000.0,34065000000.0,34193000000.0,34321000000.0,34449000000.0,34577000000.0,34705000000.0,34833000000.0,34961000000.0,35041000000.0,35169000000.0,35297000000.0,35425000000.0,35553000000.0,35681000000.0,35809000000.0,35937000000.0,36065000000.0,36193000000.0,36321000000.0,36449000000.0,36577000000.0,36705000000.0,36833000000.0,36961000000.0,29041000000.0,29169000000.0,29297000000.0,29425000000.0,29553000000.0,29681000000.0,29809000000.0,29937000000.0,30065000000.0,30193000000.0,30321000000.0,30449000000.0,30577000000.0,30705000000.0,30833000000.0,30961000000.0,31041000000.0,31169000000.0,31297000000.0,31425000000.0,31553000000.0,31681000000.0,31809000000.0,31937000000.0,32065000000.0,32193000000.0,32321000000.0,32449000000.0,32577000000.0,32705000000.0,32833000000.0,32961000000.0,33041000000.0,33169000000.0,33297000000.0,33425000000.0,33553000000.0,33681000000.0,33809000000.0,33937000000.0,34065000000.0,34193000000.0,34321000000.0,34449000000.0,34577000000.0,34705000000.0,34833000000.0,34961000000.0,35041000000.0,35169000000.0,35297000000.0,35425000000.0,35553000000.0,35681000000.0,35809000000.0,35937000000.0,36065000000.0,36193000000.0,36321000000.0,36449000000.0,36577000000.0,36705000000.0,36833000000.0,36961000000.0,29041000000.0,29169000000.0,29297000000.0,29425000000.0,29553000000.0,29681000000.0,29809000000.0,29937000000.0,30065000000.0,30193000000.0,30321000000.0,30449000000.0,30577000000.0,30705000000.0,30833000000.0,30961000000.0,31041000000.0,31169000000.0,31297000000.0,31425000000.0,31553000000.0,31681000000.0,31809000000.0,31937000000.0,32065000000.0,32193000000.0,32321000000.0,32449000000.0,32577000000.0,32705000000.0,32833000000.0,32961000000.0",A,3.6896E10,2.8976E10,EVLA,"64,64,64,64,64,64,64,64,64,64,64,64,64,64,64,64,64,64,64,64,64,64,64,64,64,64,64,64,64,64,64,64,64,64,64,64,64,64,64,64,64,64,64,64,64,64,64,64,64,64,64,64,64,64,64,64,64,64,64,64,64,64,64,64,64,64,64,64,64,64,64,64,64,64,64,64,64,64,64,64,64,64,64,64,64,64,64,64,64,64,64,64,64,64,64,64,64,64,64,64,64,64,64,64,64,64,64,64,64,64,64,64,64,64,64,64,64,64,64,64,64,64,64,64,64,64,64,64",24B-262.sb46661428.eb47295804.60636.02989805555,"RR, RL, LR, LL",24B-262,PUBLIC,30.53630555329348,23.39095833256145,"2000000.0,2000000.0,2000000.0,2000000.0,2000000.0,2000000.0,2000000.0,2000000.0,2000000.0,2000000.0,2000000.0,2000000.0,2000000.0,2000000.0,2000000.0,2000000.0,2000000.0,2000000.0,2000000.0,2000000.0,2000000.0,2000000.0,2000000.0,2000000.0,2000000.0,2000000.0,2000000.0,2000000.0,2000000.0,2000000.0,2000000.0,2000000.0,2000000.0,2000000.0,2000000.0,2000000.0,2000000.0,2000000.0,2000000.0,2000000.0,2000000.0,2000000.0,2000000.0,2000000.0,2000000.0,2000000.0,2000000.0,2000000.0,2000000.0,2000000.0,2000000.0,2000000.0,2000000.0,2000000.0,2000000.0,2000000.0,2000000.0,2000000.0,2000000.0,2000000.0,2000000.0,2000000.0,2000000.0,2000000.0,2000000.0,2000000.0,2000000.0,2000000.0,2000000.0,2000000.0,2000000.0,2000000.0,2000000.0,2000000.0,2000000.0,2000000.0,2000000.0,2000000.0,2000000.0,2000000.0,2000000.0,2000000.0,2000000.0,2000000.0,2000000.0,2000000.0,2000000.0,2000000.0,2000000.0,2000000.0,2000000.0,2000000.0,2000000.0,2000000.0,2000000.0,2000000.0,2000000.0,2000000.0,2000000.0,2000000.0,2000000.0,2000000.0,2000000.0,2000000.0,2000000.0,2000000.0,2000000.0,2000000.0,2000000.0,2000000.0,2000000.0,2000000.0,2000000.0,2000000.0,2000000.0,2000000.0,2000000.0,2000000.0,2000000.0,2000000.0,2000000.0,2000000.0,2000000.0,2000000.0,2000000.0,2000000.0,2000000.0,2000000.0","EVLA_KA#A1C1#2,EVLA_KA#A1C1#3,EVLA_KA#A1C1#4,EVLA_KA#A1C1#5,EVLA_KA#A1C1#6,EVLA_KA#A1C1#7,EVLA_KA#A1C1#8,EVLA_KA#A1C1#9,EVLA_KA#A1C1#10,EVLA_KA#A1C1#11,EVLA_KA#A1C1#12,EVLA_KA#A1C1#13,EVLA_KA#A1C1#14,EVLA_KA#A1C1#15,EVLA_KA#A1C1#16,EVLA_KA#A1C1#17,EVLA_KA#A2C2#18,EVLA_KA#A2C2#19,EVLA_KA#A2C2#20,EVLA_KA#A2C2#21,EVLA_KA#A2C2#22,EVLA_KA#A2C2#23,EVLA_KA#A2C2#24,EVLA_KA#A2C2#25,EVLA_KA#A2C2#26,EVLA_KA#A2C2#27,EVLA_KA#A2C2#28,EVLA_KA#A2C2#29,EVLA_KA#A2C2#30,EVLA_KA#A2C2#31,EVLA_KA#A2C2#32,EVLA_KA#A2C2#33,EVLA_KA#B1D1#34,EVLA_KA#B1D1#35,EVLA_KA#B1D1#36,EVLA_KA#B1D1#37,EVLA_KA#B1D1#38,EVLA_KA#B1D1#39,EVLA_KA#B1D1#40,EVLA_KA#B1D1#41,EVLA_KA#B1D1#42,EVLA_KA#B1D1#43,EVLA_KA#B1D1#44,EVLA_KA#B1D1#45,EVLA_KA#B1D1#46,EVLA_KA#B1D1#47,EVLA_KA#B1D1#48,EVLA_KA#B1D1#49,EVLA_KA#B2D2#50,EVLA_KA#B2D2#51,EVLA_KA#B2D2#52,EVLA_KA#B2D2#53,EVLA_KA#B2D2#54,EVLA_KA#B2D2#55,EVLA_KA#B2D2#56,EVLA_KA#B2D2#57,EVLA_KA#B2D2#58,EVLA_KA#B2D2#59,EVLA_KA#B2D2#60,EVLA_KA#B2D2#61,EVLA_KA#B2D2#62,EVLA_KA#B2D2#63,EVLA_KA#B2D2#64,EVLA_KA#B2D2#65,EVLA_KA#A1C1#2,EVLA_KA#A1C1#3,EVLA_KA#A1C1#4,EVLA_KA#A1C1#5,EVLA_KA#A1C1#6,EVLA_KA#A1C1#7,EVLA_KA#A1C1#8,EVLA_KA#A1C1#9,EVLA_KA#A1C1#10,EVLA_KA#A1C1#11,EVLA_KA#A1C1#12,EVLA_KA#A1C1#13,EVLA_KA#A1C1#14,EVLA_KA#A1C1#15,EVLA_KA#A1C1#16,EVLA_KA#A1C1#17,EVLA_KA#A2C2#18,EVLA_KA#A2C2#19,EVLA_KA#A2C2#20,EVLA_KA#A2C2#21,EVLA_KA#A2C2#22,EVLA_KA#A2C2#23,EVLA_KA#A2C2#24,EVLA_KA#A2C2#25,EVLA_KA#A2C2#26,EVLA_KA#A2C2#27,EVLA_KA#A2C2#28,EVLA_KA#A2C2#29,EVLA_KA#A2C2#30,EVLA_KA#A2C2#31,EVLA_KA#A2C2#32,EVLA_KA#A2C2#33,EVLA_KA#B1D1#34,EVLA_KA#B1D1#35,EVLA_KA#B1D1#36,EVLA_KA#B1D1#37,EVLA_KA#B1D1#38,EVLA_KA#B1D1#39,EVLA_KA#B1D1#40,EVLA_KA#B1D1#41,EVLA_KA#B1D1#42,EVLA_KA#B1D1#43,EVLA_KA#B1D1#44,EVLA_KA#B1D1#45,EVLA_KA#B1D1#46,EVLA_KA#B1D1#47,EVLA_KA#B1D1#48,EVLA_KA#B1D1#49,EVLA_KA#B2D2#50,EVLA_KA#B2D2#51,EVLA_KA#B2D2#52,EVLA_KA#B2D2#53,EVLA_KA#B2D2#54,EVLA_KA#B2D2#55,EVLA_KA#B2D2#56,EVLA_KA#B2D2#57,EVLA_KA#B2D2#58,EVLA_KA#B2D2#59,EVLA_KA#B2D2#60,EVLA_KA#B2D2#61,EVLA_KA#B2D2#62,EVLA_KA#B2D2#63,EVLA_KA#B2D2#64,EVLA_KA#B2D2#65",119.7,M33-Ka-5
https://data.nrao.edu/portal/#/productViewer/24B-262.sb46661428.eb47295804.60636.02989805555,"128000000.0,128000000.0,128000000.0,128000000.0,128000000.0,128000000.0,128000000.0,128000000.0,128000000.0,128000000.0,128000000.0,128000000.0,128000000.0,128000000.0,128000000.0,128000000.0,128000000.0,128000000.0,128000000.0,128000000.0,128000000.0,128000000.0,128000000.0,128000000.0,128000000.0,128000000.0,128000000.0,128000000.0,128000000.0,128000000.0,128000000.0,128000000.0,128000000.0,128000000.0,128000000.0,128000000.0,128000000.0,128000000.0,128000000.0,128000000.0,128000000.0,128000000.0,128000000.0,128000000.0,128000000.0,128000000.0,128000000.0,128000000.0,128000000.0,128000000.0,128000000.0,128000000.0,128000000.0,128000000.0,128000000.0,128000000.0,128000000.0,128000000.0,128000000.0,128000000.0,128000000.0,128000000.0,128000000.0,128000000.0,128000000.0,128000000.0,128000000.0,128000000.0,128000000.0,128000000.0,128000000.0,128000000.0,128000000.0,128000000.0,128000000.0,128000000.0,128000000.0,128000000.0,128000000.0,128000000.0,128000000.0,128000000.0,128000000.0,128000000.0,128000000.0,128000000.0,128000000.0,128000000.0,128000000.0,128000000.0,128000000.0,128000000.0,128000000.0,128000000.0,128000000.0,128000000.0,128000000.0,128000000.0,128000000.0,128000000.0,128000000.0,128000000.0,128000000.0,128000000.0,128000000.0,128000000.0,128000000.0,128000000.0,128000000.0,128000000.0,128000000.0,128000000.0,128000000.0,128000000.0,128000000.0,128000000.0,128000000.0,128000000.0,128000000.0,128000000.0,128000000.0,128000000.0,128000000.0,128000000.0,128000000.0,128000000.0,128000000.0,128000000.0","33041000000.0,33169000000.0,33297000000.0,33425000000.0,33553000000.0,33681000000.0,33809000000.0,33937000000.0,34065000000.0,34193000000.0,34321000000.0,34449000000.0,34577000000.0,34705000000.0,34833000000.0,34961000000.0,35041000000.0,35169000000.0,35297000000.0,35425000000.0,35553000000.0,35681000000.0,35809000000.0,35937000000.0,36065000000.0,36193000000.0,36321000000.0,36449000000.0,36577000000.0,36705000000.0,36833000000.0,36961000000.0,29041000000.0,29169000000.0,29297000000.0,29425000000.0,29553000000.0,29681000000.0,29809000000.0,29937000000.0,30065000000.0,30193000000.0,30321000000.0,30449000000.0,30577000000.0,30705000000.0,30833000000.0,30961000000.0,31041000000.0,31169000000.0,31297000000.0,31425000000.0,31553000000.0,31681000000.0,31809000000.0,31937000000.0,32065000000.0,32193000000.0,32321000000.0,32449000000.0,32577000000.0,32705000000.0,32833000000.0,32961000000.0,33041000000.0,33169000000.0,33297000000.0,33425000000.0,33553000000.0,33681000000.0,33809000000.0,33937000000.0,34065000000.0,34193000000.0,34321000000.0,34449000000.0,34577000000.0,34705000000.0,34833000000.0,34961000000.0,35041000000.0,35169000000.0,35297000000.0,35425000000.0,35553000000.0,35681000000.0,35809000000.0,35937000000.0,36065000000.0,36193000000.0,36321000000.0,36449000000.0,36577000000.0,36705000000.0,36833000000.0,36961000000.0,29041000000.0,29169000000.0,29297000000.0,29425000000.0,29553000000.0,29681000000.0,29809000000.0,29937000000.0,30065000000.0,30193000000.0,30321000000.0,30449000000.0,30577000000.0,30705000000.0,30833000000.0,30961000000.0,31041000000.0,31169000000.0,31297000000.0,31425000000.0,31553000000.0,31681000000.0,31809000000.0,31937000000.0,32065000000.0,32193000000.0,32321000000.0,32449000000.0,32577000000.0,32705000000.0,32833000000.0,32961000000.0",A,3.6896E10,2.8976E10,EVLA,"64,64,64,64,64,64,64,64,64,64,64,64,64,64,64,64,64,64,64,64,64,64,64,64,64,64,64,64,64,64,64,64,64,64,64,64,64,64,64,64,64,64,64,64,64,64,64,64,64,64,64,64,64,64,64,64,64,64,64,64,64,64,64,64,64,64,64,64,64,64,64,64,64,64,64,64,64,64,64,64,64,64,64,64,64,64,64,64,64,64,64,64,64,64,64,64,64,64,64,64,64,64,64,64,64,64,64,64,64,64,64,64,64,64,64,64,64,64,64,64,64,64,64,64,64,64,64,64",24B-262.sb46661428.eb47295804.60636.02989805555,"RR, RL, LR, LL",24B-262,PUBLIC,30.529666668402985,23.373958331005237,"2000000.0,2000000.0,2000000.0,2000000.0,2000000.0,2000000.0,2000000.0,2000000.0,2000000.0,2000000.0,2000000.0,2000000.0,2000000.0,2000000.0,2000000.0,2000000.0,2000000.0,2000000.0,2000000.0,2000000.0,2000000.0,2000000.0,2000000.0,2000000.0,2000000.0,2000000.0,2000000.0,2000000.0,2000000.0,2000000.0,2000000.0,2000000.0,2000000.0,2000000.0,2000000.0,2000000.0,2000000.0,2000000.0,2000000.0,2000000.0,2000000.0,2000000.0,2000000.0,2000000.0,2000000.0,2000000.0,2000000.0,2000000.0,2000000.0,2000000.0,2000000.0,2000000.0,2000000.0,2000000.0,2000000.0,2000000.0,2000000.0,2000000.0,2000000.0,2000000.0,2000000.0,2000000.0,2000000.0,2000000.0,2000000.0,2000000.0,2000000.0,2000000.0,2000000.0,2000000.0,2000000.0,2000000.0,2000000.0,2000000.0,2000000.0,2000000.0,2000000.0,2000000.0,2000000.0,2000000.0,2000000.0,2000000.0,2000000.0,2000000.0,2000000.0,2000000.0,2000000.0,2000000.0,2000000.0,2000000.0,2000000.0,2000000.0,2000000.0,2000000.0,2000000.0,2000000.0,2000000.0,2000000.0,2000000.0,2000000.0,2000000.0,2000000.0,2000000.0,2000000.0,2000000.0,2000000.0,2000000.0,2000000.0,2000000.0,2000000.0,2000000.0,2000000.0,2000000.0,2000000.0,2000000.0,2000000.0,2000000.0,2000000.0,2000000.0,2000000.0,2000000.0,2000000.0,2000000.0,2000000.0,2000000.0,2000000.0,2000000.0,2000000.0","EVLA_KA#A1C1#2,EVLA_KA#A1C1#3,EVLA_KA#A1C1#4,EVLA_KA#A1C1#5,EVLA_KA#A1C1#6,EVLA_KA#A1C1#7,EVLA_KA#A1C1#8,EVLA_KA#A1C1#9,EVLA_KA#A1C1#10,EVLA_KA#A1C1#11,EVLA_KA#A1C1#12,EVLA_KA#A1C1#13,EVLA_KA#A1C1#14,EVLA_KA#A1C1#15,EVLA_KA#A1C1#16,EVLA_KA#A1C1#17,EVLA_KA#A2C2#18,EVLA_KA#A2C2#19,EVLA_KA#A2C2#20,EVLA_KA#A2C2#21,EVLA_KA#A2C2#22,EVLA_KA#A2C2#23,EVLA_KA#A2C2#24,EVLA_KA#A2C2#25,EVLA_KA#A2C2#26,EVLA_KA#A2C2#27,EVLA_KA#A2C2#28,EVLA_KA#A2C2#29,EVLA_KA#A2C2#30,EVLA_KA#A2C2#31,EVLA_KA#A2C2#32,EVLA_KA#A2C2#33,EVLA_KA#B1D1#34,EVLA_KA#B1D1#35,EVLA_KA#B1D1#36,EVLA_KA#B1D1#37,EVLA_KA#B1D1#38,EVLA_KA#B1D1#39,EVLA_KA#B1D1#40,EVLA_KA#B1D1#41,EVLA_KA#B1D1#42,EVLA_KA#B1D1#43,EVLA_KA#B1D1#44,EVLA_KA#B1D1#45,EVLA_KA#B1D1#46,EVLA_KA#B1D1#47,EVLA_KA#B1D1#48,EVLA_KA#B1D1#49,EVLA_KA#B2D2#50,EVLA_KA#B2D2#51,EVLA_KA#B2D2#52,EVLA_KA#B2D2#53,EVLA_KA#B2D2#54,EVLA_KA#B2D2#55,EVLA_KA#B2D2#56,EVLA_KA#B2D2#57,EVLA_KA#B2D2#58,EVLA_KA#B2D2#59,EVLA_KA#B2D2#60,EVLA_KA#B2D2#61,EVLA_KA#B2D2#62,EVLA_KA#B2D2#63,EVLA_KA#B2D2#64,EVLA_KA#B2D2#65,EVLA_KA#A1C1#2,EVLA_KA#A1C1#3,EVLA_KA#A1C1#4,EVLA_KA#A1C1#5,EVLA_KA#A1C1#6,EVLA_KA#A1C1#7,EVLA_KA#A1C1#8,EVLA_KA#A1C1#9,EVLA_KA#A1C1#10,EVLA_KA#A1C1#11,EVLA_KA#A1C1#12,EVLA_KA#A1C1#13,EVLA_KA#A1C1#14,EVLA_KA#A1C1#15,EVLA_KA#A1C1#16,EVLA_KA#A1C1#17,EVLA_KA#A2C2#18,EVLA_KA#A2C2#19,EVLA_KA#A2C2#20,EVLA_KA#A2C2#21,EVLA_KA#A2C2#22,EVLA_KA#A2C2#23,EVLA_KA#A2C2#24,EVLA_KA#A2C2#25,EVLA_KA#A2C2#26,EVLA_KA#A2C2#27,EVLA_KA#A2C2#28,EVLA_KA#A2C2#29,EVLA_KA#A2C2#30,EVLA_KA#A2C2#31,EVLA_KA#A2C2#32,EVLA_KA#A2C2#33,EVLA_KA#B1D1#34,EVLA_KA#B1D1#35,EVLA_KA#B1D1#36,EVLA_KA#B1D1#37,EVLA_KA#B1D1#38,EVLA_KA#B1D1#39,EVLA_KA#B1D1#40,EVLA_KA#B1D1#41,EVLA_KA#B1D1#42,EVLA_KA#B1D1#43,EVLA_KA#B1D1#44,EVLA_KA#B1D1#45,EVLA_KA#B1D1#46,EVLA_KA#B1D1#47,EVLA_KA#B1D1#48,EVLA_KA#B1D1#49,EVLA_KA#B2D2#50,EVLA_KA#B2D2#51,EVLA_KA#B2D2#52,EVLA_KA#B2D2#53,EVLA_KA#B2D2#54,EVLA_KA#B2D2#55,EVLA_KA#B2D2#56,EVLA_KA#B2D2#57,EVLA_KA#B2D2#58,EVLA_KA#B2D2#59,EVLA_KA#B2D2#60,EVLA_KA#B2D2#61,EVLA_KA#B2D2#62,EVLA_KA#B2D2#63,EVLA_KA#B2D2#64,EVLA_KA#B2D2#65",119.65,M33-Ka-6
https://data.nrao.edu/portal/#/productViewer/24B-262.sb46661428.eb47295804.60636.02989805555,"128000000.0,128000000.0,128000000.0,128000000.0,128000000.0,128000000.0,128000000.0,128000000.0,128000000.0,128000000.0,128000000.0,128000000.0,128000000.0,128000000.0,128000000.0,128000000.0,128000000.0,128000000.0,128000000.0,128000000.0,128000000.0,128000000.0,128000000.0,128000000.0,128000000.0,128000000.0,128000000.0,128000000.0,128000000.0,128000000.0,128000000.0,128000000.0,128000000.0,128000000.0,128000000.0,128000000.0,128000000.0,128000000.0,128000000.0,128000000.0,128000000.0,128000000.0,128000000.0,128000000.0,128000000.0,128000000.0,128000000.0,128000000.0,128000000.0,128000000.0,128000000.0,128000000.0,128000000.0,128000000.0,128000000.0,128000000.0,128000000.0,128000000.0,128000000.0,128000000.0,128000000.0,128000000.0,128000000.0,128000000.0,128000000.0,128000000.0,128000000.0,128000000.0,128000000.0,128000000.0,128000000.0,128000000.0,128000000.0,128000000.0,128000000.0,128000000.0,128000000.0,128000000.0,128000000.0,128000000.0,128000000.0,128000000.0,128000000.0,128000000.0,128000000.0,128000000.0,128000000.0,128000000.0,128000000.0,128000000.0,128000000.0,128000000.0,128000000.0,128000000.0,128000000.0,128000000.0,128000000.0,128000000.0,128000000.0,128000000.0,128000000.0,128000000.0,128000000.0,128000000.0,128000000.0,128000000.0,128000000.0,128000000.0,128000000.0,128000000.0,128000000.0,128000000.0,128000000.0,128000000.0,128000000.0,128000000.0,128000000.0,128000000.0,128000000.0,128000000.0,128000000.0,128000000.0,128000000.0,128000000.0,128000000.0,128000000.0,128000000.0,128000000.0","33041000000.0,33169000000.0,33297000000.0,33425000000.0,33553000000.0,33681000000.0,33809000000.0,33937000000.0,34065000000.0,34193000000.0,34321000000.0,34449000000.0,34577000000.0,34705000000.0,34833000000.0,34961000000.0,35041000000.0,35169000000.0,35297000000.0,35425000000.0,35553000000.0,35681000000.0,35809000000.0,35937000000.0,36065000000.0,36193000000.0,36321000000.0,36449000000.0,36577000000.0,36705000000.0,36833000000.0,36961000000.0,29041000000.0,29169000000.0,29297000000.0,29425000000.0,29553000000.0,29681000000.0,29809000000.0,29937000000.0,30065000000.0,30193000000.0,30321000000.0,30449000000.0,30577000000.0,30705000000.0,30833000000.0,30961000000.0,31041000000.0,31169000000.0,31297000000.0,31425000000.0,31553000000.0,31681000000.0,31809000000.0,31937000000.0,32065000000.0,32193000000.0,32321000000.0,32449000000.0,32577000000.0,32705000000.0,32833000000.0,32961000000.0,33041000000.0,33169000000.0,33297000000.0,33425000000.0,33553000000.0,33681000000.0,33809000000.0,33937000000.0,34065000000.0,34193000000.0,34321000000.0,34449000000.0,34577000000.0,34705000000.0,34833000000.0,34961000000.0,35041000000.0,35169000000.0,35297000000.0,35425000000.0,35553000000.0,35681000000.0,35809000000.0,35937000000.0,36065000000.0,36193000000.0,36321000000.0,36449000000.0,36577000000.0,36705000000.0,36833000000.0,36961000000.0,29041000000.0,29169000000.0,29297000000.0,29425000000.0,29553000000.0,29681000000.0,29809000000.0,29937000000.0,30065000000.0,30193000000.0,30321000000.0,30449000000.0,30577000000.0,30705000000.0,30833000000.0,30961000000.0,31041000000.0,31169000000.0,31297000000.0,31425000000.0,31553000000.0,31681000000.0,31809000000.0,31937000000.0,32065000000.0,32193000000.0,32321000000.0,32449000000.0,32577000000.0,32705000000.0,32833000000.0,32961000000.0",A,3.6896E10,2.8976E10,EVLA,"64,64,64,64,64,64,64,64,64,64,64,64,64,64,64,64,64,64,64,64,64,64,64,64,64,64,64,64,64,64,64,64,64,64,64,64,64,64,64,64,64,64,64,64,64,64,64,64,64,64,64,64,64,64,64,64,64,64,64,64,64,64,64,64,64,64,64,64,64,64,64,64,64,64,64,64,64,64,64,64,64,64,64,64,64,64,64,64,64,64,64,64,64,64,64,64,64,64,64,64,64,64,64,64,64,64,64,64,64,64,64,64,64,64,64,64,64,64,64,64,64,64,64,64,64,64,64,64",24B-262.sb46661428.eb47295804.60636.02989805555,"RR, RL, LR, LL",24B-262,PUBLIC,30.558833331335975,23.38041666543533,"2000000.0,2000000.0,2000000.0,2000000.0,2000000.0,2000000.0,2000000.0,2000000.0,2000000.0,2000000.0,2000000.0,2000000.0,2000000.0,2000000.0,2000000.0,2000000.0,2000000.0,2000000.0,2000000.0,2000000.0,2000000.0,2000000.0,2000000.0,2000000.0,2000000.0,2000000.0,2000000.0,2000000.0,2000000.0,2000000.0,2000000.0,2000000.0,2000000.0,2000000.0,2000000.0,2000000.0,2000000.0,2000000.0,2000000.0,2000000.0,2000000.0,2000000.0,2000000.0,2000000.0,2000000.0,2000000.0,2000000.0,2000000.0,2000000.0,2000000.0,2000000.0,2000000.0,2000000.0,2000000.0,2000000.0,2000000.0,2000000.0,2000000.0,2000000.0,2000000.0,2000000.0,2000000.0,2000000.0,2000000.0,2000000.0,2000000.0,2000000.0,2000000.0,2000000.0,2000000.0,2000000.0,2000000.0,2000000.0,2000000.0,2000000.0,2000000.0,2000000.0,2000000.0,2000000.0,2000000.0,2000000.0,2000000.0,2000000.0,2000000.0,2000000.0,2000000.0,2000000.0,2000000.0,2000000.0,2000000.0,2000000.0,2000000.0,2000000.0,2000000.0,2000000.0,2000000.0,2000000.0,2000000.0,2000000.0,2000000.0,2000000.0,2000000.0,2000000.0,2000000.0,2000000.0,2000000.0,2000000.0,2000000.0,2000000.0,2000000.0,2000000.0,2000000.0,2000000.0,2000000.0,2000000.0,2000000.0,2000000.0,2000000.0,2000000.0,2000000.0,2000000.0,2000000.0,2000000.0,2000000.0,2000000.0,2000000.0,2000000.0,2000000.0","EVLA_KA#A1C1#2,EVLA_KA#A1C1#3,EVLA_KA#A1C1#4,EVLA_KA#A1C1#5,EVLA_KA#A1C1#6,EVLA_KA#A1C1#7,EVLA_KA#A1C1#8,EVLA_KA#A1C1#9,EVLA_KA#A1C1#10,EVLA_KA#A1C1#11,EVLA_KA#A1C1#12,EVLA_KA#A1C1#13,EVLA_KA#A1C1#14,EVLA_KA#A1C1#15,EVLA_KA#A1C1#16,EVLA_KA#A1C1#17,EVLA_KA#A2C2#18,EVLA_KA#A2C2#19,EVLA_KA#A2C2#20,EVLA_KA#A2C2#21,EVLA_KA#A2C2#22,EVLA_KA#A2C2#23,EVLA_KA#A2C2#24,EVLA_KA#A2C2#25,EVLA_KA#A2C2#26,EVLA_KA#A2C2#27,EVLA_KA#A2C2#28,EVLA_KA#A2C2#29,EVLA_KA#A2C2#30,EVLA_KA#A2C2#31,EVLA_KA#A2C2#32,EVLA_KA#A2C2#33,EVLA_KA#B1D1#34,EVLA_KA#B1D1#35,EVLA_KA#B1D1#36,EVLA_KA#B1D1#37,EVLA_KA#B1D1#38,EVLA_KA#B1D1#39,EVLA_KA#B1D1#40,EVLA_KA#B1D1#41,EVLA_KA#B1D1#42,EVLA_KA#B1D1#43,EVLA_KA#B1D1#44,EVLA_KA#B1D1#45,EVLA_KA#B1D1#46,EVLA_KA#B1D1#47,EVLA_KA#B1D1#48,EVLA_KA#B1D1#49,EVLA_KA#B2D2#50,EVLA_KA#B2D2#51,EVLA_KA#B2D2#52,EVLA_KA#B2D2#53,EVLA_KA#B2D2#54,EVLA_KA#B2D2#55,EVLA_KA#B2D2#56,EVLA_KA#B2D2#57,EVLA_KA#B2D2#58,EVLA_KA#B2D2#59,EVLA_KA#B2D2#60,EVLA_KA#B2D2#61,EVLA_KA#B2D2#62,EVLA_KA#B2D2#63,EVLA_KA#B2D2#64,EVLA_KA#B2D2#65,EVLA_KA#A1C1#2,EVLA_KA#A1C1#3,EVLA_KA#A1C1#4,EVLA_KA#A1C1#5,EVLA_KA#A1C1#6,EVLA_KA#A1C1#7,EVLA_KA#A1C1#8,EVLA_KA#A1C1#9,EVLA_KA#A1C1#10,EVLA_KA#A1C1#11,EVLA_KA#A1C1#12,EVLA_KA#A1C1#13,EVLA_KA#A1C1#14,EVLA_KA#A1C1#15,EVLA_KA#A1C1#16,EVLA_KA#A1C1#17,EVLA_KA#A2C2#18,EVLA_KA#A2C2#19,EVLA_KA#A2C2#20,EVLA_KA#A2C2#21,EVLA_KA#A2C2#22,EVLA_KA#A2C2#23,EVLA_KA#A2C2#24,EVLA_KA#A2C2#25,EVLA_KA#A2C2#26,EVLA_KA#A2C2#27,EVLA_KA#A2C2#28,EVLA_KA#A2C2#29,EVLA_KA#A2C2#30,EVLA_KA#A2C2#31,EVLA_KA#A2C2#32,EVLA_KA#A2C2#33,EVLA_KA#B1D1#34,EVLA_KA#B1D1#35,EVLA_KA#B1D1#36,EVLA_KA#B1D1#37,EVLA_KA#B1D1#38,EVLA_KA#B1D1#39,EVLA_KA#B1D1#40,EVLA_KA#B1D1#41,EVLA_KA#B1D1#42,EVLA_KA#B1D1#43,EVLA_KA#B1D1#44,EVLA_KA#B1D1#45,EVLA_KA#B1D1#46,EVLA_KA#B1D1#47,EVLA_KA#B1D1#48,EVLA_KA#B1D1#49,EVLA_KA#B2D2#50,EVLA_KA#B2D2#51,EVLA_KA#B2D2#52,EVLA_KA#B2D2#53,EVLA_KA#B2D2#54,EVLA_KA#B2D2#55,EVLA_KA#B2D2#56,EVLA_KA#B2D2#57,EVLA_KA#B2D2#58,EVLA_KA#B2D2#59,EVLA_KA#B2D2#60,EVLA_KA#B2D2#61,EVLA_KA#B2D2#62,EVLA_KA#B2D2#63,EVLA_KA#B2D2#64,EVLA_KA#B2D2#65",119.65,M33-Ka-7
https://data.nrao.edu/portal/#/productViewer/24B-262.sb46661428.eb47295804.60636.02989805555,"128000000.0,128000000.0,128000000.0,128000000.0,128000000.0,128000000.0,128000000.0,128000000.0,128000000.0,128000000.0,128000000.0,128000000.0,128000000.0,128000000.0,128000000.0,128000000.0,128000000.0,128000000.0,128000000.0,128000000.0,128000000.0,128000000.0,128000000.0,128000000.0,128000000.0,128000000.0,128000000.0,128000000.0,128000000.0,128000000.0,128000000.0,128000000.0,128000000.0,128000000.0,128000000.0,128000000.0,128000000.0,128000000.0,128000000.0,128000000.0,128000000.0,128000000.0,128000000.0,128000000.0,128000000.0,128000000.0,128000000.0,128000000.0,128000000.0,128000000.0,128000000.0,128000000.0,128000000.0,128000000.0,128000000.0,128000000.0,128000000.0,128000000.0,128000000.0,128000000.0,128000000.0,128000000.0,128000000.0,128000000.0,128000000.0,128000000.0,128000000.0,128000000.0,128000000.0,128000000.0,128000000.0,128000000.0,128000000.0,128000000.0,128000000.0,128000000.0,128000000.0,128000000.0,128000000.0,128000000.0,128000000.0,128000000.0,128000000.0,128000000.0,128000000.0,128000000.0,128000000.0,128000000.0,128000000.0,128000000.0,128000000.0,128000000.0,128000000.0,128000000.0,128000000.0,128000000.0,128000000.0,128000000.0,128000000.0,128000000.0,128000000.0,128000000.0,128000000.0,128000000.0,128000000.0,128000000.0,128000000.0,128000000.0,128000000.0,128000000.0,128000000.0,128000000.0,128000000.0,128000000.0,128000000.0,128000000.0,128000000.0,128000000.0,128000000.0,128000000.0,128000000.0,128000000.0,128000000.0,128000000.0,128000000.0,128000000.0,128000000.0,128000000.0","33041000000.0,33169000000.0,33297000000.0,33425000000.0,33553000000.0,33681000000.0,33809000000.0,33937000000.0,34065000000.0,34193000000.0,34321000000.0,34449000000.0,34577000000.0,34705000000.0,34833000000.0,34961000000.0,35041000000.0,35169000000.0,35297000000.0,35425000000.0,35553000000.0,35681000000.0,35809000000.0,35937000000.0,36065000000.0,36193000000.0,36321000000.0,36449000000.0,36577000000.0,36705000000.0,36833000000.0,36961000000.0,29041000000.0,29169000000.0,29297000000.0,29425000000.0,29553000000.0,29681000000.0,29809000000.0,29937000000.0,30065000000.0,30193000000.0,30321000000.0,30449000000.0,30577000000.0,30705000000.0,30833000000.0,30961000000.0,31041000000.0,31169000000.0,31297000000.0,31425000000.0,31553000000.0,31681000000.0,31809000000.0,31937000000.0,32065000000.0,32193000000.0,32321000000.0,32449000000.0,32577000000.0,32705000000.0,32833000000.0,32961000000.0,33041000000.0,33169000000.0,33297000000.0,33425000000.0,33553000000.0,33681000000.0,33809000000.0,33937000000.0,34065000000.0,34193000000.0,34321000000.0,34449000000.0,34577000000.0,34705000000.0,34833000000.0,34961000000.0,35041000000.0,35169000000.0,35297000000.0,35425000000.0,35553000000.0,35681000000.0,35809000000.0,35937000000.0,36065000000.0,36193000000.0,36321000000.0,36449000000.0,36577000000.0,36705000000.0,36833000000.0,36961000000.0,29041000000.0,29169000000.0,29297000000.0,29425000000.0,29553000000.0,29681000000.0,29809000000.0,29937000000.0,30065000000.0,30193000000.0,30321000000.0,30449000000.0,30577000000.0,30705000000.0,30833000000.0,30961000000.0,31041000000.0,31169000000.0,31297000000.0,31425000000.0,31553000000.0,31681000000.0,31809000000.0,31937000000.0,32065000000.0,32193000000.0,32321000000.0,32449000000.0,32577000000.0,32705000000.0,32833000000.0,32961000000.0",A,3.6896E10,2.8976E10,EVLA,"64,64,64,64,64,64,64,64,64,64,64,64,64,64,64,64,64,64,64,64,64,64,64,64,64,64,64,64,64,64,64,64,64,64,64,64,64,64,64,64,64,64,64,64,64,64,64,64,64,64,64,64,64,64,64,64,64,64,64,64,64,64,64,64,64,64,64,64,64,64,64,64,64,64,64,64,64,64,64,64,64,64,64,64,64,64,64,64,64,64,64,64,64,64,64,64,64,64,64,64,64,64,64,64,64,64,64,64,64,64,64,64,64,64,64,64,64,64,64,64,64,64,64,64,64,64,64,64",24B-262.sb46661428.eb47295804.60636.02989805555,"RR, RL, LR, LL",24B-262,PUBLIC,30.597250002530473,23.499166666194885,"2000000.0,2000000.0,2000000.0,2000000.0,2000000.0,2000000.0,2000000.0,2000000.0,2000000.0,2000000.0,2000000.0,2000000.0,2000000.0,2000000.0,2000000.0,2000000.0,2000000.0,2000000.0,2000000.0,2000000.0,2000000.0,2000000.0,2000000.0,2000000.0,2000000.0,2000000.0,2000000.0,2000000.0,2000000.0,2000000.0,2000000.0,2000000.0,2000000.0,2000000.0,2000000.0,2000000.0,2000000.0,2000000.0,2000000.0,2000000.0,2000000.0,2000000.0,2000000.0,2000000.0,2000000.0,2000000.0,2000000.0,2000000.0,2000000.0,2000000.0,2000000.0,2000000.0,2000000.0,2000000.0,2000000.0,2000000.0,2000000.0,2000000.0,2000000.0,2000000.0,2000000.0,2000000.0,2000000.0,2000000.0,2000000.0,2000000.0,2000000.0,2000000.0,2000000.0,2000000.0,2000000.0,2000000.0,2000000.0,2000000.0,2000000.0,2000000.0,2000000.0,2000000.0,2000000.0,2000000.0,2000000.0,2000000.0,2000000.0,2000000.0,2000000.0,2000000.0,2000000.0,2000000.0,2000000.0,2000000.0,2000000.0,2000000.0,2000000.0,2000000.0,2000000.0,2000000.0,2000000.0,2000000.0,2000000.0,2000000.0,2000000.0,2000000.0,2000000.0,2000000.0,2000000.0,2000000.0,2000000.0,2000000.0,2000000.0,2000000.0,2000000.0,2000000.0,2000000.0,2000000.0,2000000.0,2000000.0,2000000.0,2000000.0,2000000.0,2000000.0,2000000.0,2000000.0,2000000.0,2000000.0,2000000.0,2000000.0,2000000.0,2000000.0","EVLA_KA#A1C1#2,EVLA_KA#A1C1#3,EVLA_KA#A1C1#4,EVLA_KA#A1C1#5,EVLA_KA#A1C1#6,EVLA_KA#A1C1#7,EVLA_KA#A1C1#8,EVLA_KA#A1C1#9,EVLA_KA#A1C1#10,EVLA_KA#A1C1#11,EVLA_KA#A1C1#12,EVLA_KA#A1C1#13,EVLA_KA#A1C1#14,EVLA_KA#A1C1#15,EVLA_KA#A1C1#16,EVLA_KA#A1C1#17,EVLA_KA#A2C2#18,EVLA_KA#A2C2#19,EVLA_KA#A2C2#20,EVLA_KA#A2C2#21,EVLA_KA#A2C2#22,EVLA_KA#A2C2#23,EVLA_KA#A2C2#24,EVLA_KA#A2C2#25,EVLA_KA#A2C2#26,EVLA_KA#A2C2#27,EVLA_KA#A2C2#28,EVLA_KA#A2C2#29,EVLA_KA#A2C2#30,EVLA_KA#A2C2#31,EVLA_KA#A2C2#32,EVLA_KA#A2C2#33,EVLA_KA#B1D1#34,EVLA_KA#B1D1#35,EVLA_KA#B1D1#36,EVLA_KA#B1D1#37,EVLA_KA#B1D1#38,EVLA_KA#B1D1#39,EVLA_KA#B1D1#40,EVLA_KA#B1D1#41,EVLA_KA#B1D1#42,EVLA_KA#B1D1#43,EVLA_KA#B1D1#44,EVLA_KA#B1D1#45,EVLA_KA#B1D1#46,EVLA_KA#B1D1#47,EVLA_KA#B1D1#48,EVLA_KA#B1D1#49,EVLA_KA#B2D2#50,EVLA_KA#B2D2#51,EVLA_KA#B2D2#52,EVLA_KA#B2D2#53,EVLA_KA#B2D2#54,EVLA_KA#B2D2#55,EVLA_KA#B2D2#56,EVLA_KA#B2D2#57,EVLA_KA#B2D2#58,EVLA_KA#B2D2#59,EVLA_KA#B2D2#60,EVLA_KA#B2D2#61,EVLA_KA#B2D2#62,EVLA_KA#B2D2#63,EVLA_KA#B2D2#64,EVLA_KA#B2D2#65,EVLA_KA#A1C1#2,EVLA_KA#A1C1#3,EVLA_KA#A1C1#4,EVLA_KA#A1C1#5,EVLA_KA#A1C1#6,EVLA_KA#A1C1#7,EVLA_KA#A1C1#8,EVLA_KA#A1C1#9,EVLA_KA#A1C1#10,EVLA_KA#A1C1#11,EVLA_KA#A1C1#12,EVLA_KA#A1C1#13,EVLA_KA#A1C1#14,EVLA_KA#A1C1#15,EVLA_KA#A1C1#16,EVLA_KA#A1C1#17,EVLA_KA#A2C2#18,EVLA_KA#A2C2#19,EVLA_KA#A2C2#20,EVLA_KA#A2C2#21,EVLA_KA#A2C2#22,EVLA_KA#A2C2#23,EVLA_KA#A2C2#24,EVLA_KA#A2C2#25,EVLA_KA#A2C2#26,EVLA_KA#A2C2#27,EVLA_KA#A2C2#28,EVLA_KA#A2C2#29,EVLA_KA#A2C2#30,EVLA_KA#A2C2#31,EVLA_KA#A2C2#32,EVLA_KA#A2C2#33,EVLA_KA#B1D1#34,EVLA_KA#B1D1#35,EVLA_KA#B1D1#36,EVLA_KA#B1D1#37,EVLA_KA#B1D1#38,EVLA_KA#B1D1#39,EVLA_KA#B1D1#40,EVLA_KA#B1D1#41,EVLA_KA#B1D1#42,EVLA_KA#B1D1#43,EVLA_KA#B1D1#44,EVLA_KA#B1D1#45,EVLA_KA#B1D1#46,EVLA_KA#B1D1#47,EVLA_KA#B1D1#48,EVLA_KA#B1D1#49,EVLA_KA#B2D2#50,EVLA_KA#B2D2#51,EVLA_KA#B2D2#52,EVLA_KA#B2D2#53,EVLA_KA#B2D2#54,EVLA_KA#B2D2#55,EVLA_KA#B2D2#56,EVLA_KA#B2D2#57,EVLA_KA#B2D2#58,EVLA_KA#B2D2#59,EVLA_KA#B2D2#60,EVLA_KA#B2D2#61,EVLA_KA#B2D2#62,EVLA_KA#B2D2#63,EVLA_KA#B2D2#64,EVLA_KA#B2D2#65",119.65,M33-Ka-8
https://data.nrao.edu/portal/#/productViewer/24B-262.sb46661428.eb47295804.60636.02989805555,"128000000.0,128000000.0,128000000.0,128000000.0,128000000.0,128000000.0,128000000.0,128000000.0,128000000.0,128000000.0,128000000.0,128000000.0,128000000.0,128000000.0,128000000.0,128000000.0,128000000.0,128000000.0,128000000.0,128000000.0,128000000.0,128000000.0,128000000.0,128000000.0,128000000.0,128000000.0,128000000.0,128000000.0,128000000.0,128000000.0,128000000.0,128000000.0,128000000.0,128000000.0,128000000.0,128000000.0,128000000.0,128000000.0,128000000.0,128000000.0,128000000.0,128000000.0,128000000.0,128000000.0,128000000.0,128000000.0,128000000.0,128000000.0,128000000.0,128000000.0,128000000.0,128000000.0,128000000.0,128000000.0,128000000.0,128000000.0,128000000.0,128000000.0,128000000.0,128000000.0,128000000.0,128000000.0,128000000.0,128000000.0,128000000.0,128000000.0,128000000.0,128000000.0,128000000.0,128000000.0,128000000.0,128000000.0,128000000.0,128000000.0,128000000.0,128000000.0,128000000.0,128000000.0,128000000.0,128000000.0,128000000.0,128000000.0,128000000.0,128000000.0,128000000.0,128000000.0,128000000.0,128000000.0,128000000.0,128000000.0,128000000.0,128000000.0,128000000.0,128000000.0,128000000.0,128000000.0,128000000.0,128000000.0,128000000.0,128000000.0,128000000.0,128000000.0,128000000.0,128000000.0,128000000.0,128000000.0,128000000.0,128000000.0,128000000.0,128000000.0,128000000.0,128000000.0,128000000.0,128000000.0,128000000.0,128000000.0,128000000.0,128000000.0,128000000.0,128000000.0,128000000.0,128000000.0,128000000.0,128000000.0,128000000.0,128000000.0,128000000.0,128000000.0","33041000000.0,33169000000.0,33297000000.0,33425000000.0,33553000000.0,33681000000.0,33809000000.0,33937000000.0,34065000000.0,34193000000.0,34321000000.0,34449000000.0,34577000000.0,34705000000.0,34833000000.0,34961000000.0,35041000000.0,35169000000.0,35297000000.0,35425000000.0,35553000000.0,35681000000.0,35809000000.0,35937000000.0,36065000000.0,36193000000.0,36321000000.0,36449000000.0,36577000000.0,36705000000.0,36833000000.0,36961000000.0,29041000000.0,29169000000.0,29297000000.0,29425000000.0,29553000000.0,29681000000.0,29809000000.0,29937000000.0,30065000000.0,30193000000.0,30321000000.0,30449000000.0,30577000000.0,30705000000.0,30833000000.0,30961000000.0,31041000000.0,31169000000.0,31297000000.0,31425000000.0,31553000000.0,31681000000.0,31809000000.0,31937000000.0,32065000000.0,32193000000.0,32321000000.0,32449000000.0,32577000000.0,32705000000.0,32833000000.0,32961000000.0,33041000000.0,33169000000.0,33297000000.0,33425000000.0,33553000000.0,33681000000.0,33809000000.0,33937000000.0,34065000000.0,34193000000.0,34321000000.0,34449000000.0,34577000000.0,34705000000.0,34833000000.0,34961000000.0,35041000000.0,35169000000.0,35297000000.0,35425000000.0,35553000000.0,35681000000.0,35809000000.0,35937000000.0,36065000000.0,36193000000.0,36321000000.0,36449000000.0,36577000000.0,36705000000.0,36833000000.0,36961000000.0,29041000000.0,29169000000.0,29297000000.0,29425000000.0,29553000000.0,29681000000.0,29809000000.0,29937000000.0,30065000000.0,30193000000.0,30321000000.0,30449000000.0,30577000000.0,30705000000.0,30833000000.0,30961000000.0,31041000000.0,31169000000.0,31297000000.0,31425000000.0,31553000000.0,31681000000.0,31809000000.0,31937000000.0,32065000000.0,32193000000.0,32321000000.0,32449000000.0,32577000000.0,32705000000.0,32833000000.0,32961000000.0",A,3.6896E10,2.8976E10,EVLA,"64,64,64,64,64,64,64,64,64,64,64,64,64,64,64,64,64,64,64,64,64,64,64,64,64,64,64,64,64,64,64,64,64,64,64,64,64,64,64,64,64,64,64,64,64,64,64,64,64,64,64,64,64,64,64,64,64,64,64,64,64,64,64,64,64,64,64,64,64,64,64,64,64,64,64,64,64,64,64,64,64,64,64,64,64,64,64,64,64,64,64,64,64,64,64,64,64,64,64,64,64,64,64,64,64,64,64,64,64,64,64,64,64,64,64,64,64,64,64,64,64,64,64,64,64,64,64,64",24B-262.sb46661428.eb47295804.60636.02989805555,"RR, RL, LR, LL",24B-262,PUBLIC,30.607055556399718,23.397499997973263,"2000000.0,2000000.0,2000000.0,2000000.0,2000000.0,2000000.0,2000000.0,2000000.0,2000000.0,2000000.0,2000000.0,2000000.0,2000000.0,2000000.0,2000000.0,2000000.0,2000000.0,2000000.0,2000000.0,2000000.0,2000000.0,2000000.0,2000000.0,2000000.0,2000000.0,2000000.0,2000000.0,2000000.0,2000000.0,2000000.0,2000000.0,2000000.0,2000000.0,2000000.0,2000000.0,2000000.0,2000000.0,2000000.0,2000000.0,2000000.0,2000000.0,2000000.0,2000000.0,2000000.0,2000000.0,2000000.0,2000000.0,2000000.0,2000000.0,2000000.0,2000000.0,2000000.0,2000000.0,2000000.0,2000000.0,2000000.0,2000000.0,2000000.0,2000000.0,2000000.0,2000000.0,2000000.0,2000000.0,2000000.0,2000000.0,2000000.0,2000000.0,2000000.0,2000000.0,2000000.0,2000000.0,2000000.0,2000000.0,2000000.0,2000000.0,2000000.0,2000000.0,2000000.0,2000000.0,2000000.0,2000000.0,2000000.0,2000000.0,2000000.0,2000000.0,2000000.0,2000000.0,2000000.0,2000000.0,2000000.0,2000000.0,2000000.0,2000000.0,2000000.0,2000000.0,2000000.0,2000000.0,2000000.0,2000000.0,2000000.0,2000000.0,2000000.0,2000000.0,2000000.0,2000000.0,2000000.0,2000000.0,2000000.0,2000000.0,2000000.0,2000000.0,2000000.0,2000000.0,2000000.0,2000000.0,2000000.0,2000000.0,2000000.0,2000000.0,2000000.0,2000000.0,2000000.0,2000000.0,2000000.0,2000000.0,2000000.0,2000000.0,2000000.0","EVLA_KA#A1C1#2,EVLA_KA#A1C1#3,EVLA_KA#A1C1#4,EVLA_KA#A1C1#5,EVLA_KA#A1C1#6,EVLA_KA#A1C1#7,EVLA_KA#A1C1#8,EVLA_KA#A1C1#9,EVLA_KA#A1C1#10,EVLA_KA#A1C1#11,EVLA_KA#A1C1#12,EVLA_KA#A1C1#13,EVLA_KA#A1C1#14,EVLA_KA#A1C1#15,EVLA_KA#A1C1#16,EVLA_KA#A1C1#17,EVLA_KA#A2C2#18,EVLA_KA#A2C2#19,EVLA_KA#A2C2#20,EVLA_KA#A2C2#21,EVLA_KA#A2C2#22,EVLA_KA#A2C2#23,EVLA_KA#A2C2#24,EVLA_KA#A2C2#25,EVLA_KA#A2C2#26,EVLA_KA#A2C2#27,EVLA_KA#A2C2#28,EVLA_KA#A2C2#29,EVLA_KA#A2C2#30,EVLA_KA#A2C2#31,EVLA_KA#A2C2#32,EVLA_KA#A2C2#33,EVLA_KA#B1D1#34,EVLA_KA#B1D1#35,EVLA_KA#B1D1#36,EVLA_KA#B1D1#37,EVLA_KA#B1D1#38,EVLA_KA#B1D1#39,EVLA_KA#B1D1#40,EVLA_KA#B1D1#41,EVLA_KA#B1D1#42,EVLA_KA#B1D1#43,EVLA_KA#B1D1#44,EVLA_KA#B1D1#45,EVLA_KA#B1D1#46,EVLA_KA#B1D1#47,EVLA_KA#B1D1#48,EVLA_KA#B1D1#49,EVLA_KA#B2D2#50,EVLA_KA#B2D2#51,EVLA_KA#B2D2#52,EVLA_KA#B2D2#53,EVLA_KA#B2D2#54,EVLA_KA#B2D2#55,EVLA_KA#B2D2#56,EVLA_KA#B2D2#57,EVLA_KA#B2D2#58,EVLA_KA#B2D2#59,EVLA_KA#B2D2#60,EVLA_KA#B2D2#61,EVLA_KA#B2D2#62,EVLA_KA#B2D2#63,EVLA_KA#B2D2#64,EVLA_KA#B2D2#65,EVLA_KA#A1C1#2,EVLA_KA#A1C1#3,EVLA_KA#A1C1#4,EVLA_KA#A1C1#5,EVLA_KA#A1C1#6,EVLA_KA#A1C1#7,EVLA_KA#A1C1#8,EVLA_KA#A1C1#9,EVLA_KA#A1C1#10,EVLA_KA#A1C1#11,EVLA_KA#A1C1#12,EVLA_KA#A1C1#13,EVLA_KA#A1C1#14,EVLA_KA#A1C1#15,EVLA_KA#A1C1#16,EVLA_KA#A1C1#17,EVLA_KA#A2C2#18,EVLA_KA#A2C2#19,EVLA_KA#A2C2#20,EVLA_KA#A2C2#21,EVLA_KA#A2C2#22,EVLA_KA#A2C2#23,EVLA_KA#A2C2#24,EVLA_KA#A2C2#25,EVLA_KA#A2C2#26,EVLA_KA#A2C2#27,EVLA_KA#A2C2#28,EVLA_KA#A2C2#29,EVLA_KA#A2C2#30,EVLA_KA#A2C2#31,EVLA_KA#A2C2#32,EVLA_KA#A2C2#33,EVLA_KA#B1D1#34,EVLA_KA#B1D1#35,EVLA_KA#B1D1#36,EVLA_KA#B1D1#37,EVLA_KA#B1D1#38,EVLA_KA#B1D1#39,EVLA_KA#B1D1#40,EVLA_KA#B1D1#41,EVLA_KA#B1D1#42,EVLA_KA#B1D1#43,EVLA_KA#B1D1#44,EVLA_KA#B1D1#45,EVLA_KA#B1D1#46,EVLA_KA#B1D1#47,EVLA_KA#B1D1#48,EVLA_KA#B1D1#49,EVLA_KA#B2D2#50,EVLA_KA#B2D2#51,EVLA_KA#B2D2#52,EVLA_KA#B2D2#53,EVLA_KA#B2D2#54,EVLA_KA#B2D2#55,EVLA_KA#B2D2#56,EVLA_KA#B2D2#57,EVLA_KA#B2D2#58,EVLA_KA#B2D2#59,EVLA_KA#B2D2#60,EVLA_KA#B2D2#61,EVLA_KA#B2D2#62,EVLA_KA#B2D2#63,EVLA_KA#B2D2#64,EVLA_KA#B2D2#65",119.7,M33-Ka-9
https://data.nrao.edu/portal/#/productViewer/24B-262.sb46661428.eb47295804.60636.02989805555,"128000000.0,128000000.0,128000000.0,128000000.0,128000000.0,128000000.0,128000000.0,128000000.0,128000000.0,128000000.0,128000000.0,128000000.0,128000000.0,128000000.0,128000000.0,128000000.0,128000000.0,128000000.0,128000000.0,128000000.0,128000000.0,128000000.0,128000000.0,128000000.0,128000000.0,128000000.0,128000000.0,128000000.0,128000000.0,128000000.0,128000000.0,128000000.0,128000000.0,128000000.0,128000000.0,128000000.0,128000000.0,128000000.0,128000000.0,128000000.0,128000000.0,128000000.0,128000000.0,128000000.0,128000000.0,128000000.0,128000000.0,128000000.0,128000000.0,128000000.0,128000000.0,128000000.0,128000000.0,128000000.0,128000000.0,128000000.0,128000000.0,128000000.0,128000000.0,128000000.0,128000000.0,128000000.0,128000000.0,128000000.0,128000000.0,128000000.0,128000000.0,128000000.0,128000000.0,128000000.0,128000000.0,128000000.0,128000000.0,128000000.0,128000000.0,128000000.0,128000000.0,128000000.0,128000000.0,128000000.0,128000000.0,128000000.0,128000000.0,128000000.0,128000000.0,128000000.0,128000000.0,128000000.0,128000000.0,128000000.0,128000000.0,128000000.0,128000000.0,128000000.0,128000000.0,128000000.0,128000000.0,128000000.0,128000000.0,128000000.0,128000000.0,128000000.0,128000000.0,128000000.0,128000000.0,128000000.0,128000000.0,128000000.0,128000000.0,128000000.0,128000000.0,128000000.0,128000000.0,128000000.0,128000000.0,128000000.0,128000000.0,128000000.0,128000000.0,128000000.0,128000000.0,128000000.0,128000000.0,128000000.0,128000000.0,128000000.0,128000000.0,128000000.0","33041000000.0,33169000000.0,33297000000.0,33425000000.0,33553000000.0,33681000000.0,33809000000.0,33937000000.0,34065000000.0,34193000000.0,34321000000.0,34449000000.0,34577000000.0,34705000000.0,34833000000.0,34961000000.0,35041000000.0,35169000000.0,35297000000.0,35425000000.0,35553000000.0,35681000000.0,35809000000.0,35937000000.0,36065000000.0,36193000000.0,36321000000.0,36449000000.0,36577000000.0,36705000000.0,36833000000.0,36961000000.0,29041000000.0,29169000000.0,29297000000.0,29425000000.0,29553000000.0,29681000000.0,29809000000.0,29937000000.0,30065000000.0,30193000000.0,30321000000.0,30449000000.0,30577000000.0,30705000000.0,30833000000.0,30961000000.0,31041000000.0,31169000000.0,31297000000.0,31425000000.0,31553000000.0,31681000000.0,31809000000.0,31937000000.0,32065000000.0,32193000000.0,32321000000.0,32449000000.0,32577000000.0,32705000000.0,32833000000.0,32961000000.0,33041000000.0,33169000000.0,33297000000.0,33425000000.0,33553000000.0,33681000000.0,33809000000.0,33937000000.0,34065000000.0,34193000000.0,34321000000.0,34449000000.0,34577000000.0,34705000000.0,34833000000.0,34961000000.0,35041000000.0,35169000000.0,35297000000.0,35425000000.0,35553000000.0,35681000000.0,35809000000.0,35937000000.0,36065000000.0,36193000000.0,36321000000.0,36449000000.0,36577000000.0,36705000000.0,36833000000.0,36961000000.0,29041000000.0,29169000000.0,29297000000.0,29425000000.0,29553000000.0,29681000000.0,29809000000.0,29937000000.0,30065000000.0,30193000000.0,30321000000.0,30449000000.0,30577000000.0,30705000000.0,30833000000.0,30961000000.0,31041000000.0,31169000000.0,31297000000.0,31425000000.0,31553000000.0,31681000000.0,31809000000.0,31937000000.0,32065000000.0,32193000000.0,32321000000.0,32449000000.0,32577000000.0,32705000000.0,32833000000.0,32961000000.0",A,3.6896E10,2.8976E10,EVLA,"64,64,64,64,64,64,64,64,64,64,64,64,64,64,64,64,64,64,64,64,64,64,64,64,64,64,64,64,64,64,64,64,64,64,64,64,64,64,64,64,64,64,64,64,64,64,64,64,64,64,64,64,64,64,64,64,64,64,64,64,64,64,64,64,64,64,64,64,64,64,64,64,64,64,64,64,64,64,64,64,64,64,64,64,64,64,64,64,64,64,64,64,64,64,64,64,64,64,64,64,64,64,64,64,64,64,64,64,64,64,64,64,64,64,64,64,64,64,64,64,64,64,64,64,64,64,64,64",24B-262.sb46661428.eb47295804.60636.02989805555,"RR, RL, LR, LL",24B-262,PUBLIC,30.606388891357188,23.41333333140787,"2000000.0,2000000.0,2000000.0,2000000.0,2000000.0,2000000.0,2000000.0,2000000.0,2000000.0,2000000.0,2000000.0,2000000.0,2000000.0,2000000.0,2000000.0,2000000.0,2000000.0,2000000.0,2000000.0,2000000.0,2000000.0,2000000.0,2000000.0,2000000.0,2000000.0,2000000.0,2000000.0,2000000.0,2000000.0,2000000.0,2000000.0,2000000.0,2000000.0,2000000.0,2000000.0,2000000.0,2000000.0,2000000.0,2000000.0,2000000.0,2000000.0,2000000.0,2000000.0,2000000.0,2000000.0,2000000.0,2000000.0,2000000.0,2000000.0,2000000.0,2000000.0,2000000.0,2000000.0,2000000.0,2000000.0,2000000.0,2000000.0,2000000.0,2000000.0,2000000.0,2000000.0,2000000.0,2000000.0,2000000.0,2000000.0,2000000.0,2000000.0,2000000.0,2000000.0,2000000.0,2000000.0,2000000.0,2000000.0,2000000.0,2000000.0,2000000.0,2000000.0,2000000.0,2000000.0,2000000.0,2000000.0,2000000.0,2000000.0,2000000.0,2000000.0,2000000.0,2000000.0,2000000.0,2000000.0,2000000.0,2000000.0,2000000.0,2000000.0,2000000.0,2000000.0,2000000.0,2000000.0,2000000.0,2000000.0,2000000.0,2000000.0,2000000.0,2000000.0,2000000.0,2000000.0,2000000.0,2000000.0,2000000.0,2000000.0,2000000.0,2000000.0,2000000.0,2000000.0,2000000.0,2000000.0,2000000.0,2000000.0,2000000.0,2000000.0,2000000.0,2000000.0,2000000.0,2000000.0,2000000.0,2000000.0,2000000.0,2000000.0,2000000.0","EVLA_KA#A1C1#2,EVLA_KA#A1C1#3,EVLA_KA#A1C1#4,EVLA_KA#A1C1#5,EVLA_KA#A1C1#6,EVLA_KA#A1C1#7,EVLA_KA#A1C1#8,EVLA_KA#A1C1#9,EVLA_KA#A1C1#10,EVLA_KA#A1C1#11,EVLA_KA#A1C1#12,EVLA_KA#A1C1#13,EVLA_KA#A1C1#14,EVLA_KA#A1C1#15,EVLA_KA#A1C1#16,EVLA_KA#A1C1#17,EVLA_KA#A2C2#18,EVLA_KA#A2C2#19,EVLA_KA#A2C2#20,EVLA_KA#A2C2#21,EVLA_KA#A2C2#22,EVLA_KA#A2C2#23,EVLA_KA#A2C2#24,EVLA_KA#A2C2#25,EVLA_KA#A2C2#26,EVLA_KA#A2C2#27,EVLA_KA#A2C2#28,EVLA_KA#A2C2#29,EVLA_KA#A2C2#30,EVLA_KA#A2C2#31,EVLA_KA#A2C2#32,EVLA_KA#A2C2#33,EVLA_KA#B1D1#34,EVLA_KA#B1D1#35,EVLA_KA#B1D1#36,EVLA_KA#B1D1#37,EVLA_KA#B1D1#38,EVLA_KA#B1D1#39,EVLA_KA#B1D1#40,EVLA_KA#B1D1#41,EVLA_KA#B1D1#42,EVLA_KA#B1D1#43,EVLA_KA#B1D1#44,EVLA_KA#B1D1#45,EVLA_KA#B1D1#46,EVLA_KA#B1D1#47,EVLA_KA#B1D1#48,EVLA_KA#B1D1#49,EVLA_KA#B2D2#50,EVLA_KA#B2D2#51,EVLA_KA#B2D2#52,EVLA_KA#B2D2#53,EVLA_KA#B2D2#54,EVLA_KA#B2D2#55,EVLA_KA#B2D2#56,EVLA_KA#B2D2#57,EVLA_KA#B2D2#58,EVLA_KA#B2D2#59,EVLA_KA#B2D2#60,EVLA_KA#B2D2#61,EVLA_KA#B2D2#62,EVLA_KA#B2D2#63,EVLA_KA#B2D2#64,EVLA_KA#B2D2#65,EVLA_KA#A1C1#2,EVLA_KA#A1C1#3,EVLA_KA#A1C1#4,EVLA_KA#A1C1#5,EVLA_KA#A1C1#6,EVLA_KA#A1C1#7,EVLA_KA#A1C1#8,EVLA_KA#A1C1#9,EVLA_KA#A1C1#10,EVLA_KA#A1C1#11,EVLA_KA#A1C1#12,EVLA_KA#A1C1#13,EVLA_KA#A1C1#14,EVLA_KA#A1C1#15,EVLA_KA#A1C1#16,EVLA_KA#A1C1#17,EVLA_KA#A2C2#18,EVLA_KA#A2C2#19,EVLA_KA#A2C2#20,EVLA_KA#A2C2#21,EVLA_KA#A2C2#22,EVLA_KA#A2C2#23,EVLA_KA#A2C2#24,EVLA_KA#A2C2#25,EVLA_KA#A2C2#26,EVLA_KA#A2C2#27,EVLA_KA#A2C2#28,EVLA_KA#A2C2#29,EVLA_KA#A2C2#30,EVLA_KA#A2C2#31,EVLA_KA#A2C2#32,EVLA_KA#A2C2#33,EVLA_KA#B1D1#34,EVLA_KA#B1D1#35,EVLA_KA#B1D1#36,EVLA_KA#B1D1#37,EVLA_KA#B1D1#38,EVLA_KA#B1D1#39,EVLA_KA#B1D1#40,EVLA_KA#B1D1#41,EVLA_KA#B1D1#42,EVLA_KA#B1D1#43,EVLA_KA#B1D1#44,EVLA_KA#B1D1#45,EVLA_KA#B1D1#46,EVLA_KA#B1D1#47,EVLA_KA#B1D1#48,EVLA_KA#B1D1#49,EVLA_KA#B2D2#50,EVLA_KA#B2D2#51,EVLA_KA#B2D2#52,EVLA_KA#B2D2#53,EVLA_KA#B2D2#54,EVLA_KA#B2D2#55,EVLA_KA#B2D2#56,EVLA_KA#B2D2#57,EVLA_KA#B2D2#58,EVLA_KA#B2D2#59,EVLA_KA#B2D2#60,EVLA_KA#B2D2#61,EVLA_KA#B2D2#62,EVLA_KA#B2D2#63,EVLA_KA#B2D2#64,EVLA_KA#B2D2#65",119.7,M33-Ka-10
https://data.nrao.edu/portal/#/productViewer/24B-262.sb46661428.eb47295804.60636.02989805555,"128000000.0,128000000.0,128000000.0,128000000.0,128000000.0,128000000.0,128000000.0,128000000.0,128000000.0,128000000.0,128000000.0,128000000.0,128000000.0,128000000.0,128000000.0,128000000.0,128000000.0,128000000.0,128000000.0,128000000.0,128000000.0,128000000.0,128000000.0,128000000.0,128000000.0,128000000.0,128000000.0,128000000.0,128000000.0,128000000.0,128000000.0,128000000.0,128000000.0,128000000.0,128000000.0,128000000.0,128000000.0,128000000.0,128000000.0,128000000.0,128000000.0,128000000.0,128000000.0,128000000.0,128000000.0,128000000.0,128000000.0,128000000.0,128000000.0,128000000.0,128000000.0,128000000.0,128000000.0,128000000.0,128000000.0,128000000.0,128000000.0,128000000.0,128000000.0,128000000.0,128000000.0,128000000.0,128000000.0,128000000.0,128000000.0,128000000.0,128000000.0,128000000.0,128000000.0,128000000.0,128000000.0,128000000.0,128000000.0,128000000.0,128000000.0,128000000.0,128000000.0,128000000.0,128000000.0,128000000.0,128000000.0,128000000.0,128000000.0,128000000.0,128000000.0,128000000.0,128000000.0,128000000.0,128000000.0,128000000.0,128000000.0,128000000.0,128000000.0,128000000.0,128000000.0,128000000.0,128000000.0,128000000.0,128000000.0,128000000.0,128000000.0,128000000.0,128000000.0,128000000.0,128000000.0,128000000.0,128000000.0,128000000.0,128000000.0,128000000.0,128000000.0,128000000.0,128000000.0,128000000.0,128000000.0,128000000.0,128000000.0,128000000.0,128000000.0,128000000.0,128000000.0,128000000.0,128000000.0,128000000.0,128000000.0,128000000.0,128000000.0,128000000.0","33041000000.0,33169000000.0,33297000000.0,33425000000.0,33553000000.0,33681000000.0,33809000000.0,33937000000.0,34065000000.0,34193000000.0,34321000000.0,34449000000.0,34577000000.0,34705000000.0,34833000000.0,34961000000.0,35041000000.0,35169000000.0,35297000000.0,35425000000.0,35553000000.0,35681000000.0,35809000000.0,35937000000.0,36065000000.0,36193000000.0,36321000000.0,36449000000.0,36577000000.0,36705000000.0,36833000000.0,36961000000.0,29041000000.0,29169000000.0,29297000000.0,29425000000.0,29553000000.0,29681000000.0,29809000000.0,29937000000.0,30065000000.0,30193000000.0,30321000000.0,30449000000.0,30577000000.0,30705000000.0,30833000000.0,30961000000.0,31041000000.0,31169000000.0,31297000000.0,31425000000.0,31553000000.0,31681000000.0,31809000000.0,31937000000.0,32065000000.0,32193000000.0,32321000000.0,32449000000.0,32577000000.0,32705000000.0,32833000000.0,32961000000.0,33041000000.0,33169000000.0,33297000000.0,33425000000.0,33553000000.0,33681000000.0,33809000000.0,33937000000.0,34065000000.0,34193000000.0,34321000000.0,34449000000.0,34577000000.0,34705000000.0,34833000000.0,34961000000.0,35041000000.0,35169000000.0,35297000000.0,35425000000.0,35553000000.0,35681000000.0,35809000000.0,35937000000.0,36065000000.0,36193000000.0,36321000000.0,36449000000.0,36577000000.0,36705000000.0,36833000000.0,36961000000.0,29041000000.0,29169000000.0,29297000000.0,29425000000.0,29553000000.0,29681000000.0,29809000000.0,29937000000.0,30065000000.0,30193000000.0,30321000000.0,30449000000.0,30577000000.0,30705000000.0,30833000000.0,30961000000.0,31041000000.0,31169000000.0,31297000000.0,31425000000.0,31553000000.0,31681000000.0,31809000000.0,31937000000.0,32065000000.0,32193000000.0,32321000000.0,32449000000.0,32577000000.0,32705000000.0,32833000000.0,32961000000.0",A,3.6896E10,2.8976E10,EVLA,"64,64,64,64,64,64,64,64,64,64,64,64,64,64,64,64,64,64,64,64,64,64,64,64,64,64,64,64,64,64,64,64,64,64,64,64,64,64,64,64,64,64,64,64,64,64,64,64,64,64,64,64,64,64,64,64,64,64,64,64,64,64,64,64,64,64,64,64,64,64,64,64,64,64,64,64,64,64,64,64,64,64,64,64,64,64,64,64,64,64,64,64,64,64,64,64,64,64,64,64,64,64,64,64,64,64,64,64,64,64,64,64,64,64,64,64,64,64,64,64,64,64,64,64,64,64,64,64",24B-262.sb46661428.eb47295804.60636.02989805555,"RR, RL, LR, LL",24B-262,PUBLIC,30.601305558232585,23.43708333155978,"2000000.0,2000000.0,2000000.0,2000000.0,2000000.0,2000000.0,2000000.0,2000000.0,2000000.0,2000000.0,2000000.0,2000000.0,2000000.0,2000000.0,2000000.0,2000000.0,2000000.0,2000000.0,2000000.0,2000000.0,2000000.0,2000000.0,2000000.0,2000000.0,2000000.0,2000000.0,2000000.0,2000000.0,2000000.0,2000000.0,2000000.0,2000000.0,2000000.0,2000000.0,2000000.0,2000000.0,2000000.0,2000000.0,2000000.0,2000000.0,2000000.0,2000000.0,2000000.0,2000000.0,2000000.0,2000000.0,2000000.0,2000000.0,2000000.0,2000000.0,2000000.0,2000000.0,2000000.0,2000000.0,2000000.0,2000000.0,2000000.0,2000000.0,2000000.0,2000000.0,2000000.0,2000000.0,2000000.0,2000000.0,2000000.0,2000000.0,2000000.0,2000000.0,2000000.0,2000000.0,2000000.0,2000000.0,2000000.0,2000000.0,2000000.0,2000000.0,2000000.0,2000000.0,2000000.0,2000000.0,2000000.0,2000000.0,2000000.0,2000000.0,2000000.0,2000000.0,2000000.0,2000000.0,2000000.0,2000000.0,2000000.0,2000000.0,2000000.0,2000000.0,2000000.0,2000000.0,2000000.0,2000000.0,2000000.0,2000000.0,2000000.0,2000000.0,2000000.0,2000000.0,2000000.0,2000000.0,2000000.0,2000000.0,2000000.0,2000000.0,2000000.0,2000000.0,2000000.0,2000000.0,2000000.0,2000000.0,2000000.0,2000000.0,2000000.0,2000000.0,2000000.0,2000000.0,2000000.0,2000000.0,2000000.0,2000000.0,2000000.0,2000000.0","EVLA_KA#A1C1#2,EVLA_KA#A1C1#3,EVLA_KA#A1C1#4,EVLA_KA#A1C1#5,EVLA_KA#A1C1#6,EVLA_KA#A1C1#7,EVLA_KA#A1C1#8,EVLA_KA#A1C1#9,EVLA_KA#A1C1#10,EVLA_KA#A1C1#11,EVLA_KA#A1C1#12,EVLA_KA#A1C1#13,EVLA_KA#A1C1#14,EVLA_KA#A1C1#15,EVLA_KA#A1C1#16,EVLA_KA#A1C1#17,EVLA_KA#A2C2#18,EVLA_KA#A2C2#19,EVLA_KA#A2C2#20,EVLA_KA#A2C2#21,EVLA_KA#A2C2#22,EVLA_KA#A2C2#23,EVLA_KA#A2C2#24,EVLA_KA#A2C2#25,EVLA_KA#A2C2#26,EVLA_KA#A2C2#27,EVLA_KA#A2C2#28,EVLA_KA#A2C2#29,EVLA_KA#A2C2#30,EVLA_KA#A2C2#31,EVLA_KA#A2C2#32,EVLA_KA#A2C2#33,EVLA_KA#B1D1#34,EVLA_KA#B1D1#35,EVLA_KA#B1D1#36,EVLA_KA#B1D1#37,EVLA_KA#B1D1#38,EVLA_KA#B1D1#39,EVLA_KA#B1D1#40,EVLA_KA#B1D1#41,EVLA_KA#B1D1#42,EVLA_KA#B1D1#43,EVLA_KA#B1D1#44,EVLA_KA#B1D1#45,EVLA_KA#B1D1#46,EVLA_KA#B1D1#47,EVLA_KA#B1D1#48,EVLA_KA#B1D1#49,EVLA_KA#B2D2#50,EVLA_KA#B2D2#51,EVLA_KA#B2D2#52,EVLA_KA#B2D2#53,EVLA_KA#B2D2#54,EVLA_KA#B2D2#55,EVLA_KA#B2D2#56,EVLA_KA#B2D2#57,EVLA_KA#B2D2#58,EVLA_KA#B2D2#59,EVLA_KA#B2D2#60,EVLA_KA#B2D2#61,EVLA_KA#B2D2#62,EVLA_KA#B2D2#63,EVLA_KA#B2D2#64,EVLA_KA#B2D2#65,EVLA_KA#A1C1#2,EVLA_KA#A1C1#3,EVLA_KA#A1C1#4,EVLA_KA#A1C1#5,EVLA_KA#A1C1#6,EVLA_KA#A1C1#7,EVLA_KA#A1C1#8,EVLA_KA#A1C1#9,EVLA_KA#A1C1#10,EVLA_KA#A1C1#11,EVLA_KA#A1C1#12,EVLA_KA#A1C1#13,EVLA_KA#A1C1#14,EVLA_KA#A1C1#15,EVLA_KA#A1C1#16,EVLA_KA#A1C1#17,EVLA_KA#A2C2#18,EVLA_KA#A2C2#19,EVLA_KA#A2C2#20,EVLA_KA#A2C2#21,EVLA_KA#A2C2#22,EVLA_KA#A2C2#23,EVLA_KA#A2C2#24,EVLA_KA#A2C2#25,EVLA_KA#A2C2#26,EVLA_KA#A2C2#27,EVLA_KA#A2C2#28,EVLA_KA#A2C2#29,EVLA_KA#A2C2#30,EVLA_KA#A2C2#31,EVLA_KA#A2C2#32,EVLA_KA#A2C2#33,EVLA_KA#B1D1#34,EVLA_KA#B1D1#35,EVLA_KA#B1D1#36,EVLA_KA#B1D1#37,EVLA_KA#B1D1#38,EVLA_KA#B1D1#39,EVLA_KA#B1D1#40,EVLA_KA#B1D1#41,EVLA_KA#B1D1#42,EVLA_KA#B1D1#43,EVLA_KA#B1D1#44,EVLA_KA#B1D1#45,EVLA_KA#B1D1#46,EVLA_KA#B1D1#47,EVLA_KA#B1D1#48,EVLA_KA#B1D1#49,EVLA_KA#B2D2#50,EVLA_KA#B2D2#51,EVLA_KA#B2D2#52,EVLA_KA#B2D2#53,EVLA_KA#B2D2#54,EVLA_KA#B2D2#55,EVLA_KA#B2D2#56,EVLA_KA#B2D2#57,EVLA_KA#B2D2#58,EVLA_KA#B2D2#59,EVLA_KA#B2D2#60,EVLA_KA#B2D2#61,EVLA_KA#B2D2#62,EVLA_KA#B2D2#63,EVLA_KA#B2D2#64,EVLA_KA#B2D2#65",119.7,M33-Ka-11
https://data.nrao.edu/portal/#/productViewer/24B-262.sb46661428.eb47295804.60636.02989805555,"128000000.0,128000000.0,128000000.0,128000000.0,128000000.0,128000000.0,128000000.0,128000000.0,128000000.0,128000000.0,128000000.0,128000000.0,128000000.0,128000000.0,128000000.0,128000000.0,128000000.0,128000000.0,128000000.0,128000000.0,128000000.0,128000000.0,128000000.0,128000000.0,128000000.0,128000000.0,128000000.0,128000000.0,128000000.0,128000000.0,128000000.0,128000000.0,128000000.0,128000000.0,128000000.0,128000000.0,128000000.0,128000000.0,128000000.0,128000000.0,128000000.0,128000000.0,128000000.0,128000000.0,128000000.0,128000000.0,128000000.0,128000000.0,128000000.0,128000000.0,128000000.0,128000000.0,128000000.0,128000000.0,128000000.0,128000000.0,128000000.0,128000000.0,128000000.0,128000000.0,128000000.0,128000000.0,128000000.0,128000000.0,128000000.0,128000000.0,128000000.0,128000000.0,128000000.0,128000000.0,128000000.0,128000000.0,128000000.0,128000000.0,128000000.0,128000000.0,128000000.0,128000000.0,128000000.0,128000000.0,128000000.0,128000000.0,128000000.0,128000000.0,128000000.0,128000000.0,128000000.0,128000000.0,128000000.0,128000000.0,128000000.0,128000000.0,128000000.0,128000000.0,128000000.0,128000000.0,128000000.0,128000000.0,128000000.0,128000000.0,128000000.0,128000000.0,128000000.0,128000000.0,128000000.0,128000000.0,128000000.0,128000000.0,128000000.0,128000000.0,128000000.0,128000000.0,128000000.0,128000000.0,128000000.0,128000000.0,128000000.0,128000000.0,128000000.0,128000000.0,128000000.0,128000000.0,128000000.0,128000000.0,128000000.0,128000000.0,128000000.0,128000000.0","33041000000.0,33169000000.0,33297000000.0,33425000000.0,33553000000.0,33681000000.0,33809000000.0,33937000000.0,34065000000.0,34193000000.0,34321000000.0,34449000000.0,34577000000.0,34705000000.0,34833000000.0,34961000000.0,35041000000.0,35169000000.0,35297000000.0,35425000000.0,35553000000.0,35681000000.0,35809000000.0,35937000000.0,36065000000.0,36193000000.0,36321000000.0,36449000000.0,36577000000.0,36705000000.0,36833000000.0,36961000000.0,29041000000.0,29169000000.0,29297000000.0,29425000000.0,29553000000.0,29681000000.0,29809000000.0,29937000000.0,30065000000.0,30193000000.0,30321000000.0,30449000000.0,30577000000.0,30705000000.0,30833000000.0,30961000000.0,31041000000.0,31169000000.0,31297000000.0,31425000000.0,31553000000.0,31681000000.0,31809000000.0,31937000000.0,32065000000.0,32193000000.0,32321000000.0,32449000000.0,32577000000.0,32705000000.0,32833000000.0,32961000000.0,33041000000.0,33169000000.0,33297000000.0,33425000000.0,33553000000.0,33681000000.0,33809000000.0,33937000000.0,34065000000.0,34193000000.0,34321000000.0,34449000000.0,34577000000.0,34705000000.0,34833000000.0,34961000000.0,35041000000.0,35169000000.0,35297000000.0,35425000000.0,35553000000.0,35681000000.0,35809000000.0,35937000000.0,36065000000.0,36193000000.0,36321000000.0,36449000000.0,36577000000.0,36705000000.0,36833000000.0,36961000000.0,29041000000.0,29169000000.0,29297000000.0,29425000000.0,29553000000.0,29681000000.0,29809000000.0,29937000000.0,30065000000.0,30193000000.0,30321000000.0,30449000000.0,30577000000.0,30705000000.0,30833000000.0,30961000000.0,31041000000.0,31169000000.0,31297000000.0,31425000000.0,31553000000.0,31681000000.0,31809000000.0,31937000000.0,32065000000.0,32193000000.0,32321000000.0,32449000000.0,32577000000.0,32705000000.0,32833000000.0,32961000000.0",A,3.6896E10,2.8976E10,EVLA,"64,64,64,64,64,64,64,64,64,64,64,64,64,64,64,64,64,64,64,64,64,64,64,64,64,64,64,64,64,64,64,64,64,64,64,64,64,64,64,64,64,64,64,64,64,64,64,64,64,64,64,64,64,64,64,64,64,64,64,64,64,64,64,64,64,64,64,64,64,64,64,64,64,64,64,64,64,64,64,64,64,64,64,64,64,64,64,64,64,64,64,64,64,64,64,64,64,64,64,64,64,64,64,64,64,64,64,64,64,64,64,64,64,64,64,64,64,64,64,64,64,64,64,64,64,64,64,64",24B-262.sb46661428.eb47295804.60636.02989805555,"RR, RL, LR, LL",24B-262,PUBLIC,30.61172222315654,23.43708333155978,"2000000.0,2000000.0,2000000.0,2000000.0,2000000.0,2000000.0,2000000.0,2000000.0,2000000.0,2000000.0,2000000.0,2000000.0,2000000.0,2000000.0,2000000.0,2000000.0,2000000.0,2000000.0,2000000.0,2000000.0,2000000.0,2000000.0,2000000.0,2000000.0,2000000.0,2000000.0,2000000.0,2000000.0,2000000.0,2000000.0,2000000.0,2000000.0,2000000.0,2000000.0,2000000.0,2000000.0,2000000.0,2000000.0,2000000.0,2000000.0,2000000.0,2000000.0,2000000.0,2000000.0,2000000.0,2000000.0,2000000.0,2000000.0,2000000.0,2000000.0,2000000.0,2000000.0,2000000.0,2000000.0,2000000.0,2000000.0,2000000.0,2000000.0,2000000.0,2000000.0,2000000.0,2000000.0,2000000.0,2000000.0,2000000.0,2000000.0,2000000.0,2000000.0,2000000.0,2000000.0,2000000.0,2000000.0,2000000.0,2000000.0,2000000.0,2000000.0,2000000.0,2000000.0,2000000.0,2000000.0,2000000.0,2000000.0,2000000.0,2000000.0,2000000.0,2000000.0,2000000.0,2000000.0,2000000.0,2000000.0,2000000.0,2000000.0,2000000.0,2000000.0,2000000.0,2000000.0,2000000.0,2000000.0,2000000.0,2000000.0,2000000.0,2000000.0,2000000.0,2000000.0,2000000.0,2000000.0,2000000.0,2000000.0,2000000.0,2000000.0,2000000.0,2000000.0,2000000.0,2000000.0,2000000.0,2000000.0,2000000.0,2000000.0,2000000.0,2000000.0,2000000.0,2000000.0,2000000.0,2000000.0,2000000.0,2000000.0,2000000.0,2000000.0","EVLA_KA#A1C1#2,EVLA_KA#A1C1#3,EVLA_KA#A1C1#4,EVLA_KA#A1C1#5,EVLA_KA#A1C1#6,EVLA_KA#A1C1#7,EVLA_KA#A1C1#8,EVLA_KA#A1C1#9,EVLA_KA#A1C1#10,EVLA_KA#A1C1#11,EVLA_KA#A1C1#12,EVLA_KA#A1C1#13,EVLA_KA#A1C1#14,EVLA_KA#A1C1#15,EVLA_KA#A1C1#16,EVLA_KA#A1C1#17,EVLA_KA#A2C2#18,EVLA_KA#A2C2#19,EVLA_KA#A2C2#20,EVLA_KA#A2C2#21,EVLA_KA#A2C2#22,EVLA_KA#A2C2#23,EVLA_KA#A2C2#24,EVLA_KA#A2C2#25,EVLA_KA#A2C2#26,EVLA_KA#A2C2#27,EVLA_KA#A2C2#28,EVLA_KA#A2C2#29,EVLA_KA#A2C2#30,EVLA_KA#A2C2#31,EVLA_KA#A2C2#32,EVLA_KA#A2C2#33,EVLA_KA#B1D1#34,EVLA_KA#B1D1#35,EVLA_KA#B1D1#36,EVLA_KA#B1D1#37,EVLA_KA#B1D1#38,EVLA_KA#B1D1#39,EVLA_KA#B1D1#40,EVLA_KA#B1D1#41,EVLA_KA#B1D1#42,EVLA_KA#B1D1#43,EVLA_KA#B1D1#44,EVLA_KA#B1D1#45,EVLA_KA#B1D1#46,EVLA_KA#B1D1#47,EVLA_KA#B1D1#48,EVLA_KA#B1D1#49,EVLA_KA#B2D2#50,EVLA_KA#B2D2#51,EVLA_KA#B2D2#52,EVLA_KA#B2D2#53,EVLA_KA#B2D2#54,EVLA_KA#B2D2#55,EVLA_KA#B2D2#56,EVLA_KA#B2D2#57,EVLA_KA#B2D2#58,EVLA_KA#B2D2#59,EVLA_KA#B2D2#60,EVLA_KA#B2D2#61,EVLA_KA#B2D2#62,EVLA_KA#B2D2#63,EVLA_KA#B2D2#64,EVLA_KA#B2D2#65,EVLA_KA#A1C1#2,EVLA_KA#A1C1#3,EVLA_KA#A1C1#4,EVLA_KA#A1C1#5,EVLA_KA#A1C1#6,EVLA_KA#A1C1#7,EVLA_KA#A1C1#8,EVLA_KA#A1C1#9,EVLA_KA#A1C1#10,EVLA_KA#A1C1#11,EVLA_KA#A1C1#12,EVLA_KA#A1C1#13,EVLA_KA#A1C1#14,EVLA_KA#A1C1#15,EVLA_KA#A1C1#16,EVLA_KA#A1C1#17,EVLA_KA#A2C2#18,EVLA_KA#A2C2#19,EVLA_KA#A2C2#20,EVLA_KA#A2C2#21,EVLA_KA#A2C2#22,EVLA_KA#A2C2#23,EVLA_KA#A2C2#24,EVLA_KA#A2C2#25,EVLA_KA#A2C2#26,EVLA_KA#A2C2#27,EVLA_KA#A2C2#28,EVLA_KA#A2C2#29,EVLA_KA#A2C2#30,EVLA_KA#A2C2#31,EVLA_KA#A2C2#32,EVLA_KA#A2C2#33,EVLA_KA#B1D1#34,EVLA_KA#B1D1#35,EVLA_KA#B1D1#36,EVLA_KA#B1D1#37,EVLA_KA#B1D1#38,EVLA_KA#B1D1#39,EVLA_KA#B1D1#40,EVLA_KA#B1D1#41,EVLA_KA#B1D1#42,EVLA_KA#B1D1#43,EVLA_KA#B1D1#44,EVLA_KA#B1D1#45,EVLA_KA#B1D1#46,EVLA_KA#B1D1#47,EVLA_KA#B1D1#48,EVLA_KA#B1D1#49,EVLA_KA#B2D2#50,EVLA_KA#B2D2#51,EVLA_KA#B2D2#52,EVLA_KA#B2D2#53,EVLA_KA#B2D2#54,EVLA_KA#B2D2#55,EVLA_KA#B2D2#56,EVLA_KA#B2D2#57,EVLA_KA#B2D2#58,EVLA_KA#B2D2#59,EVLA_KA#B2D2#60,EVLA_KA#B2D2#61,EVLA_KA#B2D2#62,EVLA_KA#B2D2#63,EVLA_KA#B2D2#64,EVLA_KA#B2D2#65",119.65,M33-Ka-12
https://data.nrao.edu/portal/#/productViewer/24B-262.sb46661428.eb47295804.60636.02989805555,"128000000.0,128000000.0,128000000.0,128000000.0,128000000.0,128000000.0,128000000.0,128000000.0,128000000.0,128000000.0,128000000.0,128000000.0,128000000.0,128000000.0,128000000.0,128000000.0,128000000.0,128000000.0,128000000.0,128000000.0,128000000.0,128000000.0,128000000.0,128000000.0,128000000.0,128000000.0,128000000.0,128000000.0,128000000.0,128000000.0,128000000.0,128000000.0,128000000.0,128000000.0,128000000.0,128000000.0,128000000.0,128000000.0,128000000.0,128000000.0,128000000.0,128000000.0,128000000.0,128000000.0,128000000.0,128000000.0,128000000.0,128000000.0,128000000.0,128000000.0,128000000.0,128000000.0,128000000.0,128000000.0,128000000.0,128000000.0,128000000.0,128000000.0,128000000.0,128000000.0,128000000.0,128000000.0,128000000.0,128000000.0,128000000.0,128000000.0,128000000.0,128000000.0,128000000.0,128000000.0,128000000.0,128000000.0,128000000.0,128000000.0,128000000.0,128000000.0,128000000.0,128000000.0,128000000.0,128000000.0,128000000.0,128000000.0,128000000.0,128000000.0,128000000.0,128000000.0,128000000.0,128000000.0,128000000.0,128000000.0,128000000.0,128000000.0,128000000.0,128000000.0,128000000.0,128000000.0,128000000.0,128000000.0,128000000.0,128000000.0,128000000.0,128000000.0,128000000.0,128000000.0,128000000.0,128000000.0,128000000.0,128000000.0,128000000.0,128000000.0,128000000.0,128000000.0,128000000.0,128000000.0,128000000.0,128000000.0,128000000.0,128000000.0,128000000.0,128000000.0,128000000.0,128000000.0,128000000.0,128000000.0,128000000.0,128000000.0,128000000.0,128000000.0","33041000000.0,33169000000.0,33297000000.0,33425000000.0,33553000000.0,33681000000.0,33809000000.0,33937000000.0,34065000000.0,34193000000.0,34321000000.0,34449000000.0,34577000000.0,34705000000.0,34833000000.0,34961000000.0,35041000000.0,35169000000.0,35297000000.0,35425000000.0,35553000000.0,35681000000.0,35809000000.0,35937000000.0,36065000000.0,36193000000.0,36321000000.0,36449000000.0,36577000000.0,36705000000.0,36833000000.0,36961000000.0,29041000000.0,29169000000.0,29297000000.0,29425000000.0,29553000000.0,29681000000.0,29809000000.0,29937000000.0,30065000000.0,30193000000.0,30321000000.0,30449000000.0,30577000000.0,30705000000.0,30833000000.0,30961000000.0,31041000000.0,31169000000.0,31297000000.0,31425000000.0,31553000000.0,31681000000.0,31809000000.0,31937000000.0,32065000000.0,32193000000.0,32321000000.0,32449000000.0,32577000000.0,32705000000.0,32833000000.0,32961000000.0,33041000000.0,33169000000.0,33297000000.0,33425000000.0,33553000000.0,33681000000.0,33809000000.0,33937000000.0,34065000000.0,34193000000.0,34321000000.0,34449000000.0,34577000000.0,34705000000.0,34833000000.0,34961000000.0,35041000000.0,35169000000.0,35297000000.0,35425000000.0,35553000000.0,35681000000.0,35809000000.0,35937000000.0,36065000000.0,36193000000.0,36321000000.0,36449000000.0,36577000000.0,36705000000.0,36833000000.0,36961000000.0,29041000000.0,29169000000.0,29297000000.0,29425000000.0,29553000000.0,29681000000.0,29809000000.0,29937000000.0,30065000000.0,30193000000.0,30321000000.0,30449000000.0,30577000000.0,30705000000.0,30833000000.0,30961000000.0,31041000000.0,31169000000.0,31297000000.0,31425000000.0,31553000000.0,31681000000.0,31809000000.0,31937000000.0,32065000000.0,32193000000.0,32321000000.0,32449000000.0,32577000000.0,32705000000.0,32833000000.0,32961000000.0",A,3.6896E10,2.8976E10,EVLA,"64,64,64,64,64,64,64,64,64,64,64,64,64,64,64,64,64,64,64,64,64,64,64,64,64,64,64,64,64,64,64,64,64,64,64,64,64,64,64,64,64,64,64,64,64,64,64,64,64,64,64,64,64,64,64,64,64,64,64,64,64,64,64,64,64,64,64,64,64,64,64,64,64,64,64,64,64,64,64,64,64,64,64,64,64,64,64,64,64,64,64,64,64,64,64,64,64,64,64,64,64,64,64,64,64,64,64,64,64,64,64,64,64,64,64,64,64,64,64,64,64,64,64,64,64,64,64,64",24B-262.sb46661428.eb47295804.60636.02989805555,"RR, RL, LR, LL",24B-262,PUBLIC,30.625194443354037,23.45916666624059,"2000000.0,2000000.0,2000000.0,2000000.0,2000000.0,2000000.0,2000000.0,2000000.0,2000000.0,2000000.0,2000000.0,2000000.0,2000000.0,2000000.0,2000000.0,2000000.0,2000000.0,2000000.0,2000000.0,2000000.0,2000000.0,2000000.0,2000000.0,2000000.0,2000000.0,2000000.0,2000000.0,2000000.0,2000000.0,2000000.0,2000000.0,2000000.0,2000000.0,2000000.0,2000000.0,2000000.0,2000000.0,2000000.0,2000000.0,2000000.0,2000000.0,2000000.0,2000000.0,2000000.0,2000000.0,2000000.0,2000000.0,2000000.0,2000000.0,2000000.0,2000000.0,2000000.0,2000000.0,2000000.0,2000000.0,2000000.0,2000000.0,2000000.0,2000000.0,2000000.0,2000000.0,2000000.0,2000000.0,2000000.0,2000000.0,2000000.0,2000000.0,2000000.0,2000000.0,2000000.0,2000000.0,2000000.0,2000000.0,2000000.0,2000000.0,2000000.0,2000000.0,2000000.0,2000000.0,2000000.0,2000000.0,2000000.0,2000000.0,2000000.0,2000000.0,2000000.0,2000000.0,2000000.0,2000000.0,2000000.0,2000000.0,2000000.0,2000000.0,2000000.0,2000000.0,2000000.0,2000000.0,2000000.0,2000000.0,2000000.0,2000000.0,2000000.0,2000000.0,2000000.0,2000000.0,2000000.0,2000000.0,2000000.0,2000000.0,2000000.0,2000000.0,2000000.0,2000000.0,2000000.0,2000000.0,2000000.0,2000000.0,2000000.0,2000000.0,2000000.0,2000000.0,2000000.0,2000000.0,2000000.0,2000000.0,2000000.0,2000000.0,2000000.0","EVLA_KA#A1C1#2,EVLA_KA#A1C1#3,EVLA_KA#A1C1#4,EVLA_KA#A1C1#5,EVLA_KA#A1C1#6,EVLA_KA#A1C1#7,EVLA_KA#A1C1#8,EVLA_KA#A1C1#9,EVLA_KA#A1C1#10,EVLA_KA#A1C1#11,EVLA_KA#A1C1#12,EVLA_KA#A1C1#13,EVLA_KA#A1C1#14,EVLA_KA#A1C1#15,EVLA_KA#A1C1#16,EVLA_KA#A1C1#17,EVLA_KA#A2C2#18,EVLA_KA#A2C2#19,EVLA_KA#A2C2#20,EVLA_KA#A2C2#21,EVLA_KA#A2C2#22,EVLA_KA#A2C2#23,EVLA_KA#A2C2#24,EVLA_KA#A2C2#25,EVLA_KA#A2C2#26,EVLA_KA#A2C2#27,EVLA_KA#A2C2#28,EVLA_KA#A2C2#29,EVLA_KA#A2C2#30,EVLA_KA#A2C2#31,EVLA_KA#A2C2#32,EVLA_KA#A2C2#33,EVLA_KA#B1D1#34,EVLA_KA#B1D1#35,EVLA_KA#B1D1#36,EVLA_KA#B1D1#37,EVLA_KA#B1D1#38,EVLA_KA#B1D1#39,EVLA_KA#B1D1#40,EVLA_KA#B1D1#41,EVLA_KA#B1D1#42,EVLA_KA#B1D1#43,EVLA_KA#B1D1#44,EVLA_KA#B1D1#45,EVLA_KA#B1D1#46,EVLA_KA#B1D1#47,EVLA_KA#B1D1#48,EVLA_KA#B1D1#49,EVLA_KA#B2D2#50,EVLA_KA#B2D2#51,EVLA_KA#B2D2#52,EVLA_KA#B2D2#53,EVLA_KA#B2D2#54,EVLA_KA#B2D2#55,EVLA_KA#B2D2#56,EVLA_KA#B2D2#57,EVLA_KA#B2D2#58,EVLA_KA#B2D2#59,EVLA_KA#B2D2#60,EVLA_KA#B2D2#61,EVLA_KA#B2D2#62,EVLA_KA#B2D2#63,EVLA_KA#B2D2#64,EVLA_KA#B2D2#65,EVLA_KA#A1C1#2,EVLA_KA#A1C1#3,EVLA_KA#A1C1#4,EVLA_KA#A1C1#5,EVLA_KA#A1C1#6,EVLA_KA#A1C1#7,EVLA_KA#A1C1#8,EVLA_KA#A1C1#9,EVLA_KA#A1C1#10,EVLA_KA#A1C1#11,EVLA_KA#A1C1#12,EVLA_KA#A1C1#13,EVLA_KA#A1C1#14,EVLA_KA#A1C1#15,EVLA_KA#A1C1#16,EVLA_KA#A1C1#17,EVLA_KA#A2C2#18,EVLA_KA#A2C2#19,EVLA_KA#A2C2#20,EVLA_KA#A2C2#21,EVLA_KA#A2C2#22,EVLA_KA#A2C2#23,EVLA_KA#A2C2#24,EVLA_KA#A2C2#25,EVLA_KA#A2C2#26,EVLA_KA#A2C2#27,EVLA_KA#A2C2#28,EVLA_KA#A2C2#29,EVLA_KA#A2C2#30,EVLA_KA#A2C2#31,EVLA_KA#A2C2#32,EVLA_KA#A2C2#33,EVLA_KA#B1D1#34,EVLA_KA#B1D1#35,EVLA_KA#B1D1#36,EVLA_KA#B1D1#37,EVLA_KA#B1D1#38,EVLA_KA#B1D1#39,EVLA_KA#B1D1#40,EVLA_KA#B1D1#41,EVLA_KA#B1D1#42,EVLA_KA#B1D1#43,EVLA_KA#B1D1#44,EVLA_KA#B1D1#45,EVLA_KA#B1D1#46,EVLA_KA#B1D1#47,EVLA_KA#B1D1#48,EVLA_KA#B1D1#49,EVLA_KA#B2D2#50,EVLA_KA#B2D2#51,EVLA_KA#B2D2#52,EVLA_KA#B2D2#53,EVLA_KA#B2D2#54,EVLA_KA#B2D2#55,EVLA_KA#B2D2#56,EVLA_KA#B2D2#57,EVLA_KA#B2D2#58,EVLA_KA#B2D2#59,EVLA_KA#B2D2#60,EVLA_KA#B2D2#61,EVLA_KA#B2D2#62,EVLA_KA#B2D2#63,EVLA_KA#B2D2#64,EVLA_KA#B2D2#65",119.65,M33-Ka-13
https://data.nrao.edu/portal/#/productViewer/24B-262.sb46661428.eb47295804.60636.02989805555,"128000000.0,128000000.0,128000000.0,128000000.0,128000000.0,128000000.0,128000000.0,128000000.0,128000000.0,128000000.0,128000000.0,128000000.0,128000000.0,128000000.0,128000000.0,128000000.0,128000000.0,128000000.0,128000000.0,128000000.0,128000000.0,128000000.0,128000000.0,128000000.0,128000000.0,128000000.0,128000000.0,128000000.0,128000000.0,128000000.0,128000000.0,128000000.0,128000000.0,128000000.0,128000000.0,128000000.0,128000000.0,128000000.0,128000000.0,128000000.0,128000000.0,128000000.0,128000000.0,128000000.0,128000000.0,128000000.0,128000000.0,128000000.0,128000000.0,128000000.0,128000000.0,128000000.0,128000000.0,128000000.0,128000000.0,128000000.0,128000000.0,128000000.0,128000000.0,128000000.0,128000000.0,128000000.0,128000000.0,128000000.0,128000000.0,128000000.0,128000000.0,128000000.0,128000000.0,128000000.0,128000000.0,128000000.0,128000000.0,128000000.0,128000000.0,128000000.0,128000000.0,128000000.0,128000000.0,128000000.0,128000000.0,128000000.0,128000000.0,128000000.0,128000000.0,128000000.0,128000000.0,128000000.0,128000000.0,128000000.0,128000000.0,128000000.0,128000000.0,128000000.0,128000000.0,128000000.0,128000000.0,128000000.0,128000000.0,128000000.0,128000000.0,128000000.0,128000000.0,128000000.0,128000000.0,128000000.0,128000000.0,128000000.0,128000000.0,128000000.0,128000000.0,128000000.0,128000000.0,128000000.0,128000000.0,128000000.0,128000000.0,128000000.0,128000000.0,128000000.0,128000000.0,128000000.0,128000000.0,128000000.0,128000000.0,128000000.0,128000000.0,128000000.0","33041000000.0,33169000000.0,33297000000.0,33425000000.0,33553000000.0,33681000000.0,33809000000.0,33937000000.0,34065000000.0,34193000000.0,34321000000.0,34449000000.0,34577000000.0,34705000000.0,34833000000.0,34961000000.0,35041000000.0,35169000000.0,35297000000.0,35425000000.0,35553000000.0,35681000000.0,35809000000.0,35937000000.0,36065000000.0,36193000000.0,36321000000.0,36449000000.0,36577000000.0,36705000000.0,36833000000.0,36961000000.0,29041000000.0,29169000000.0,29297000000.0,29425000000.0,29553000000.0,29681000000.0,29809000000.0,29937000000.0,30065000000.0,30193000000.0,30321000000.0,30449000000.0,30577000000.0,30705000000.0,30833000000.0,30961000000.0,31041000000.0,31169000000.0,31297000000.0,31425000000.0,31553000000.0,31681000000.0,31809000000.0,31937000000.0,32065000000.0,32193000000.0,32321000000.0,32449000000.0,32577000000.0,32705000000.0,32833000000.0,32961000000.0,33041000000.0,33169000000.0,33297000000.0,33425000000.0,33553000000.0,33681000000.0,33809000000.0,33937000000.0,34065000000.0,34193000000.0,34321000000.0,34449000000.0,34577000000.0,34705000000.0,34833000000.0,34961000000.0,35041000000.0,35169000000.0,35297000000.0,35425000000.0,35553000000.0,35681000000.0,35809000000.0,35937000000.0,36065000000.0,36193000000.0,36321000000.0,36449000000.0,36577000000.0,36705000000.0,36833000000.0,36961000000.0,29041000000.0,29169000000.0,29297000000.0,29425000000.0,29553000000.0,29681000000.0,29809000000.0,29937000000.0,30065000000.0,30193000000.0,30321000000.0,30449000000.0,30577000000.0,30705000000.0,30833000000.0,30961000000.0,31041000000.0,31169000000.0,31297000000.0,31425000000.0,31553000000.0,31681000000.0,31809000000.0,31937000000.0,32065000000.0,32193000000.0,32321000000.0,32449000000.0,32577000000.0,32705000000.0,32833000000.0,32961000000.0",A,3.6896E10,2.8976E10,EVLA,"64,64,64,64,64,64,64,64,64,64,64,64,64,64,64,64,64,64,64,64,64,64,64,64,64,64,64,64,64,64,64,64,64,64,64,64,64,64,64,64,64,64,64,64,64,64,64,64,64,64,64,64,64,64,64,64,64,64,64,64,64,64,64,64,64,64,64,64,64,64,64,64,64,64,64,64,64,64,64,64,64,64,64,64,64,64,64,64,64,64,64,64,64,64,64,64,64,64,64,64,64,64,64,64,64,64,64,64,64,64,64,64,64,64,64,64,64,64,64,64,64,64,64,64,64,64,64,64",24B-262.sb46661428.eb47295804.60636.02989805555,"RR, RL, LR, LL",24B-262,PUBLIC,30.604472221481764,23.473750000571872,"2000000.0,2000000.0,2000000.0,2000000.0,2000000.0,2000000.0,2000000.0,2000000.0,2000000.0,2000000.0,2000000.0,2000000.0,2000000.0,2000000.0,2000000.0,2000000.0,2000000.0,2000000.0,2000000.0,2000000.0,2000000.0,2000000.0,2000000.0,2000000.0,2000000.0,2000000.0,2000000.0,2000000.0,2000000.0,2000000.0,2000000.0,2000000.0,2000000.0,2000000.0,2000000.0,2000000.0,2000000.0,2000000.0,2000000.0,2000000.0,2000000.0,2000000.0,2000000.0,2000000.0,2000000.0,2000000.0,2000000.0,2000000.0,2000000.0,2000000.0,2000000.0,2000000.0,2000000.0,2000000.0,2000000.0,2000000.0,2000000.0,2000000.0,2000000.0,2000000.0,2000000.0,2000000.0,2000000.0,2000000.0,2000000.0,2000000.0,2000000.0,2000000.0,2000000.0,2000000.0,2000000.0,2000000.0,2000000.0,2000000.0,2000000.0,2000000.0,2000000.0,2000000.0,2000000.0,2000000.0,2000000.0,2000000.0,2000000.0,2000000.0,2000000.0,2000000.0,2000000.0,2000000.0,2000000.0,2000000.0,2000000.0,2000000.0,2000000.0,2000000.0,2000000.0,2000000.0,2000000.0,2000000.0,2000000.0,2000000.0,2000000.0,2000000.0,2000000.0,2000000.0,2000000.0,2000000.0,2000000.0,2000000.0,2000000.0,2000000.0,2000000.0,2000000.0,2000000.0,2000000.0,2000000.0,2000000.0,2000000.0,2000000.0,2000000.0,2000000.0,2000000.0,2000000.0,2000000.0,2000000.0,2000000.0,2000000.0,2000000.0,2000000.0","EVLA_KA#A1C1#2,EVLA_KA#A1C1#3,EVLA_KA#A1C1#4,EVLA_KA#A1C1#5,EVLA_KA#A1C1#6,EVLA_KA#A1C1#7,EVLA_KA#A1C1#8,EVLA_KA#A1C1#9,EVLA_KA#A1C1#10,EVLA_KA#A1C1#11,EVLA_KA#A1C1#12,EVLA_KA#A1C1#13,EVLA_KA#A1C1#14,EVLA_KA#A1C1#15,EVLA_KA#A1C1#16,EVLA_KA#A1C1#17,EVLA_KA#A2C2#18,EVLA_KA#A2C2#19,EVLA_KA#A2C2#20,EVLA_KA#A2C2#21,EVLA_KA#A2C2#22,EVLA_KA#A2C2#23,EVLA_KA#A2C2#24,EVLA_KA#A2C2#25,EVLA_KA#A2C2#26,EVLA_KA#A2C2#27,EVLA_KA#A2C2#28,EVLA_KA#A2C2#29,EVLA_KA#A2C2#30,EVLA_KA#A2C2#31,EVLA_KA#A2C2#32,EVLA_KA#A2C2#33,EVLA_KA#B1D1#34,EVLA_KA#B1D1#35,EVLA_KA#B1D1#36,EVLA_KA#B1D1#37,EVLA_KA#B1D1#38,EVLA_KA#B1D1#39,EVLA_KA#B1D1#40,EVLA_KA#B1D1#41,EVLA_KA#B1D1#42,EVLA_KA#B1D1#43,EVLA_KA#B1D1#44,EVLA_KA#B1D1#45,EVLA_KA#B1D1#46,EVLA_KA#B1D1#47,EVLA_KA#B1D1#48,EVLA_KA#B1D1#49,EVLA_KA#B2D2#50,EVLA_KA#B2D2#51,EVLA_KA#B2D2#52,EVLA_KA#B2D2#53,EVLA_KA#B2D2#54,EVLA_KA#B2D2#55,EVLA_KA#B2D2#56,EVLA_KA#B2D2#57,EVLA_KA#B2D2#58,EVLA_KA#B2D2#59,EVLA_KA#B2D2#60,EVLA_KA#B2D2#61,EVLA_KA#B2D2#62,EVLA_KA#B2D2#63,EVLA_KA#B2D2#64,EVLA_KA#B2D2#65,EVLA_KA#A1C1#2,EVLA_KA#A1C1#3,EVLA_KA#A1C1#4,EVLA_KA#A1C1#5,EVLA_KA#A1C1#6,EVLA_KA#A1C1#7,EVLA_KA#A1C1#8,EVLA_KA#A1C1#9,EVLA_KA#A1C1#10,EVLA_KA#A1C1#11,EVLA_KA#A1C1#12,EVLA_KA#A1C1#13,EVLA_KA#A1C1#14,EVLA_KA#A1C1#15,EVLA_KA#A1C1#16,EVLA_KA#A1C1#17,EVLA_KA#A2C2#18,EVLA_KA#A2C2#19,EVLA_KA#A2C2#20,EVLA_KA#A2C2#21,EVLA_KA#A2C2#22,EVLA_KA#A2C2#23,EVLA_KA#A2C2#24,EVLA_KA#A2C2#25,EVLA_KA#A2C2#26,EVLA_KA#A2C2#27,EVLA_KA#A2C2#28,EVLA_KA#A2C2#29,EVLA_KA#A2C2#30,EVLA_KA#A2C2#31,EVLA_KA#A2C2#32,EVLA_KA#A2C2#33,EVLA_KA#B1D1#34,EVLA_KA#B1D1#35,EVLA_KA#B1D1#36,EVLA_KA#B1D1#37,EVLA_KA#B1D1#38,EVLA_KA#B1D1#39,EVLA_KA#B1D1#40,EVLA_KA#B1D1#41,EVLA_KA#B1D1#42,EVLA_KA#B1D1#43,EVLA_KA#B1D1#44,EVLA_KA#B1D1#45,EVLA_KA#B1D1#46,EVLA_KA#B1D1#47,EVLA_KA#B1D1#48,EVLA_KA#B1D1#49,EVLA_KA#B2D2#50,EVLA_KA#B2D2#51,EVLA_KA#B2D2#52,EVLA_KA#B2D2#53,EVLA_KA#B2D2#54,EVLA_KA#B2D2#55,EVLA_KA#B2D2#56,EVLA_KA#B2D2#57,EVLA_KA#B2D2#58,EVLA_KA#B2D2#59,EVLA_KA#B2D2#60,EVLA_KA#B2D2#61,EVLA_KA#B2D2#62,EVLA_KA#B2D2#63,EVLA_KA#B2D2#64,EVLA_KA#B2D2#65",119.65,M33-Ka-14
https://data.nrao.edu/portal/#/productViewer/24B-262.sb46661428.eb47295804.60636.02989805555,"128000000.0,128000000.0,128000000.0,128000000.0,128000000.0,128000000.0,128000000.0,128000000.0,128000000.0,128000000.0,128000000.0,128000000.0,128000000.0,128000000.0,128000000.0,128000000.0,128000000.0,128000000.0,128000000.0,128000000.0,128000000.0,128000000.0,128000000.0,128000000.0,128000000.0,128000000.0,128000000.0,128000000.0,128000000.0,128000000.0,128000000.0,128000000.0,128000000.0,128000000.0,128000000.0,128000000.0,128000000.0,128000000.0,128000000.0,128000000.0,128000000.0,128000000.0,128000000.0,128000000.0,128000000.0,128000000.0,128000000.0,128000000.0,128000000.0,128000000.0,128000000.0,128000000.0,128000000.0,128000000.0,128000000.0,128000000.0,128000000.0,128000000.0,128000000.0,128000000.0,128000000.0,128000000.0,128000000.0,128000000.0,128000000.0,128000000.0,128000000.0,128000000.0,128000000.0,128000000.0,128000000.0,128000000.0,128000000.0,128000000.0,128000000.0,128000000.0,128000000.0,128000000.0,128000000.0,128000000.0,128000000.0,128000000.0,128000000.0,128000000.0,128000000.0,128000000.0,128000000.0,128000000.0,128000000.0,128000000.0,128000000.0,128000000.0,128000000.0,128000000.0,128000000.0,128000000.0,128000000.0,128000000.0,128000000.0,128000000.0,128000000.0,128000000.0,128000000.0,128000000.0,128000000.0,128000000.0,128000000.0,128000000.0,128000000.0,128000000.0,128000000.0,128000000.0,128000000.0,128000000.0,128000000.0,128000000.0,128000000.0,128000000.0,128000000.0,128000000.0,128000000.0,128000000.0,128000000.0,128000000.0,128000000.0,128000000.0,128000000.0,128000000.0","33041000000.0,33169000000.0,33297000000.0,33425000000.0,33553000000.0,33681000000.0,33809000000.0,33937000000.0,34065000000.0,34193000000.0,34321000000.0,34449000000.0,34577000000.0,34705000000.0,34833000000.0,34961000000.0,35041000000.0,35169000000.0,35297000000.0,35425000000.0,35553000000.0,35681000000.0,35809000000.0,35937000000.0,36065000000.0,36193000000.0,36321000000.0,36449000000.0,36577000000.0,36705000000.0,36833000000.0,36961000000.0,29041000000.0,29169000000.0,29297000000.0,29425000000.0,29553000000.0,29681000000.0,29809000000.0,29937000000.0,30065000000.0,30193000000.0,30321000000.0,30449000000.0,30577000000.0,30705000000.0,30833000000.0,30961000000.0,31041000000.0,31169000000.0,31297000000.0,31425000000.0,31553000000.0,31681000000.0,31809000000.0,31937000000.0,32065000000.0,32193000000.0,32321000000.0,32449000000.0,32577000000.0,32705000000.0,32833000000.0,32961000000.0,33041000000.0,33169000000.0,33297000000.0,33425000000.0,33553000000.0,33681000000.0,33809000000.0,33937000000.0,34065000000.0,34193000000.0,34321000000.0,34449000000.0,34577000000.0,34705000000.0,34833000000.0,34961000000.0,35041000000.0,35169000000.0,35297000000.0,35425000000.0,35553000000.0,35681000000.0,35809000000.0,35937000000.0,36065000000.0,36193000000.0,36321000000.0,36449000000.0,36577000000.0,36705000000.0,36833000000.0,36961000000.0,29041000000.0,29169000000.0,29297000000.0,29425000000.0,29553000000.0,29681000000.0,29809000000.0,29937000000.0,30065000000.0,30193000000.0,30321000000.0,30449000000.0,30577000000.0,30705000000.0,30833000000.0,30961000000.0,31041000000.0,31169000000.0,31297000000.0,31425000000.0,31553000000.0,31681000000.0,31809000000.0,31937000000.0,32065000000.0,32193000000.0,32321000000.0,32449000000.0,32577000000.0,32705000000.0,32833000000.0,32961000000.0",A,3.6896E10,2.8976E10,EVLA,"64,64,64,64,64,64,64,64,64,64,64,64,64,64,64,64,64,64,64,64,64,64,64,64,64,64,64,64,64,64,64,64,64,64,64,64,64,64,64,64,64,64,64,64,64,64,64,64,64,64,64,64,64,64,64,64,64,64,64,64,64,64,64,64,64,64,64,64,64,64,64,64,64,64,64,64,64,64,64,64,64,64,64,64,64,64,64,64,64,64,64,64,64,64,64,64,64,64,64,64,64,64,64,64,64,64,64,64,64,64,64,64,64,64,64,64,64,64,64,64,64,64,64,64,64,64,64,64",24B-262.sb46661428.eb47295804.60636.02989805555,"RR, RL, LR, LL",24B-262,PUBLIC,30.618361113776615,23.49312499813257,"2000000.0,2000000.0,2000000.0,2000000.0,2000000.0,2000000.0,2000000.0,2000000.0,2000000.0,2000000.0,2000000.0,2000000.0,2000000.0,2000000.0,2000000.0,2000000.0,2000000.0,2000000.0,2000000.0,2000000.0,2000000.0,2000000.0,2000000.0,2000000.0,2000000.0,2000000.0,2000000.0,2000000.0,2000000.0,2000000.0,2000000.0,2000000.0,2000000.0,2000000.0,2000000.0,2000000.0,2000000.0,2000000.0,2000000.0,2000000.0,2000000.0,2000000.0,2000000.0,2000000.0,2000000.0,2000000.0,2000000.0,2000000.0,2000000.0,2000000.0,2000000.0,2000000.0,2000000.0,2000000.0,2000000.0,2000000.0,2000000.0,2000000.0,2000000.0,2000000.0,2000000.0,2000000.0,2000000.0,2000000.0,2000000.0,2000000.0,2000000.0,2000000.0,2000000.0,2000000.0,2000000.0,2000000.0,2000000.0,2000000.0,2000000.0,2000000.0,2000000.0,2000000.0,2000000.0,2000000.0,2000000.0,2000000.0,2000000.0,2000000.0,2000000.0,2000000.0,2000000.0,2000000.0,2000000.0,2000000.0,2000000.0,2000000.0,2000000.0,2000000.0,2000000.0,2000000.0,2000000.0,2000000.0,2000000.0,2000000.0,2000000.0,2000000.0,2000000.0,2000000.0,2000000.0,2000000.0,2000000.0,2000000.0,2000000.0,2000000.0,2000000.0,2000000.0,2000000.0,2000000.0,2000000.0,2000000.0,2000000.0,2000000.0,2000000.0,2000000.0,2000000.0,2000000.0,2000000.0,2000000.0,2000000.0,2000000.0,2000000.0,2000000.0","EVLA_KA#A1C1#2,EVLA_KA#A1C1#3,EVLA_KA#A1C1#4,EVLA_KA#A1C1#5,EVLA_KA#A1C1#6,EVLA_KA#A1C1#7,EVLA_KA#A1C1#8,EVLA_KA#A1C1#9,EVLA_KA#A1C1#10,EVLA_KA#A1C1#11,EVLA_KA#A1C1#12,EVLA_KA#A1C1#13,EVLA_KA#A1C1#14,EVLA_KA#A1C1#15,EVLA_KA#A1C1#16,EVLA_KA#A1C1#17,EVLA_KA#A2C2#18,EVLA_KA#A2C2#19,EVLA_KA#A2C2#20,EVLA_KA#A2C2#21,EVLA_KA#A2C2#22,EVLA_KA#A2C2#23,EVLA_KA#A2C2#24,EVLA_KA#A2C2#25,EVLA_KA#A2C2#26,EVLA_KA#A2C2#27,EVLA_KA#A2C2#28,EVLA_KA#A2C2#29,EVLA_KA#A2C2#30,EVLA_KA#A2C2#31,EVLA_KA#A2C2#32,EVLA_KA#A2C2#33,EVLA_KA#B1D1#34,EVLA_KA#B1D1#35,EVLA_KA#B1D1#36,EVLA_KA#B1D1#37,EVLA_KA#B1D1#38,EVLA_KA#B1D1#39,EVLA_KA#B1D1#40,EVLA_KA#B1D1#41,EVLA_KA#B1D1#42,EVLA_KA#B1D1#43,EVLA_KA#B1D1#44,EVLA_KA#B1D1#45,EVLA_KA#B1D1#46,EVLA_KA#B1D1#47,EVLA_KA#B1D1#48,EVLA_KA#B1D1#49,EVLA_KA#B2D2#50,EVLA_KA#B2D2#51,EVLA_KA#B2D2#52,EVLA_KA#B2D2#53,EVLA_KA#B2D2#54,EVLA_KA#B2D2#55,EVLA_KA#B2D2#56,EVLA_KA#B2D2#57,EVLA_KA#B2D2#58,EVLA_KA#B2D2#59,EVLA_KA#B2D2#60,EVLA_KA#B2D2#61,EVLA_KA#B2D2#62,EVLA_KA#B2D2#63,EVLA_KA#B2D2#64,EVLA_KA#B2D2#65,EVLA_KA#A1C1#2,EVLA_KA#A1C1#3,EVLA_KA#A1C1#4,EVLA_KA#A1C1#5,EVLA_KA#A1C1#6,EVLA_KA#A1C1#7,EVLA_KA#A1C1#8,EVLA_KA#A1C1#9,EVLA_KA#A1C1#10,EVLA_KA#A1C1#11,EVLA_KA#A1C1#12,EVLA_KA#A1C1#13,EVLA_KA#A1C1#14,EVLA_KA#A1C1#15,EVLA_KA#A1C1#16,EVLA_KA#A1C1#17,EVLA_KA#A2C2#18,EVLA_KA#A2C2#19,EVLA_KA#A2C2#20,EVLA_KA#A2C2#21,EVLA_KA#A2C2#22,EVLA_KA#A2C2#23,EVLA_KA#A2C2#24,EVLA_KA#A2C2#25,EVLA_KA#A2C2#26,EVLA_KA#A2C2#27,EVLA_KA#A2C2#28,EVLA_KA#A2C2#29,EVLA_KA#A2C2#30,EVLA_KA#A2C2#31,EVLA_KA#A2C2#32,EVLA_KA#A2C2#33,EVLA_KA#B1D1#34,EVLA_KA#B1D1#35,EVLA_KA#B1D1#36,EVLA_KA#B1D1#37,EVLA_KA#B1D1#38,EVLA_KA#B1D1#39,EVLA_KA#B1D1#40,EVLA_KA#B1D1#41,EVLA_KA#B1D1#42,EVLA_KA#B1D1#43,EVLA_KA#B1D1#44,EVLA_KA#B1D1#45,EVLA_KA#B1D1#46,EVLA_KA#B1D1#47,EVLA_KA#B1D1#48,EVLA_KA#B1D1#49,EVLA_KA#B2D2#50,EVLA_KA#B2D2#51,EVLA_KA#B2D2#52,EVLA_KA#B2D2#53,EVLA_KA#B2D2#54,EVLA_KA#B2D2#55,EVLA_KA#B2D2#56,EVLA_KA#B2D2#57,EVLA_KA#B2D2#58,EVLA_KA#B2D2#59,EVLA_KA#B2D2#60,EVLA_KA#B2D2#61,EVLA_KA#B2D2#62,EVLA_KA#B2D2#63,EVLA_KA#B2D2#64,EVLA_KA#B2D2#65",119.7,M33-Ka-15
https://data.nrao.edu/portal/#/productViewer/24B-262.sb46661428.eb47295804.60636.02989805555,"128000000.0,128000000.0,128000000.0,128000000.0,128000000.0,128000000.0,128000000.0,128000000.0,128000000.0,128000000.0,128000000.0,128000000.0,128000000.0,128000000.0,128000000.0,128000000.0,128000000.0,128000000.0,128000000.0,128000000.0,128000000.0,128000000.0,128000000.0,128000000.0,128000000.0,128000000.0,128000000.0,128000000.0,128000000.0,128000000.0,128000000.0,128000000.0,128000000.0,128000000.0,128000000.0,128000000.0,128000000.0,128000000.0,128000000.0,128000000.0,128000000.0,128000000.0,128000000.0,128000000.0,128000000.0,128000000.0,128000000.0,128000000.0,128000000.0,128000000.0,128000000.0,128000000.0,128000000.0,128000000.0,128000000.0,128000000.0,128000000.0,128000000.0,128000000.0,128000000.0,128000000.0,128000000.0,128000000.0,128000000.0,128000000.0,128000000.0,128000000.0,128000000.0,128000000.0,128000000.0,128000000.0,128000000.0,128000000.0,128000000.0,128000000.0,128000000.0,128000000.0,128000000.0,128000000.0,128000000.0,128000000.0,128000000.0,128000000.0,128000000.0,128000000.0,128000000.0,128000000.0,128000000.0,128000000.0,128000000.0,128000000.0,128000000.0,128000000.0,128000000.0,128000000.0,128000000.0,128000000.0,128000000.0,128000000.0,128000000.0,128000000.0,128000000.0,128000000.0,128000000.0,128000000.0,128000000.0,128000000.0,128000000.0,128000000.0,128000000.0,128000000.0,128000000.0,128000000.0,128000000.0,128000000.0,128000000.0,128000000.0,128000000.0,128000000.0,128000000.0,128000000.0,128000000.0,128000000.0,128000000.0,128000000.0,128000000.0,128000000.0,128000000.0","33041000000.0,33169000000.0,33297000000.0,33425000000.0,33553000000.0,33681000000.0,33809000000.0,33937000000.0,34065000000.0,34193000000.0,34321000000.0,34449000000.0,34577000000.0,34705000000.0,34833000000.0,34961000000.0,35041000000.0,35169000000.0,35297000000.0,35425000000.0,35553000000.0,35681000000.0,35809000000.0,35937000000.0,36065000000.0,36193000000.0,36321000000.0,36449000000.0,36577000000.0,36705000000.0,36833000000.0,36961000000.0,29041000000.0,29169000000.0,29297000000.0,29425000000.0,29553000000.0,29681000000.0,29809000000.0,29937000000.0,30065000000.0,30193000000.0,30321000000.0,30449000000.0,30577000000.0,30705000000.0,30833000000.0,30961000000.0,31041000000.0,31169000000.0,31297000000.0,31425000000.0,31553000000.0,31681000000.0,31809000000.0,31937000000.0,32065000000.0,32193000000.0,32321000000.0,32449000000.0,32577000000.0,32705000000.0,32833000000.0,32961000000.0,33041000000.0,33169000000.0,33297000000.0,33425000000.0,33553000000.0,33681000000.0,33809000000.0,33937000000.0,34065000000.0,34193000000.0,34321000000.0,34449000000.0,34577000000.0,34705000000.0,34833000000.0,34961000000.0,35041000000.0,35169000000.0,35297000000.0,35425000000.0,35553000000.0,35681000000.0,35809000000.0,35937000000.0,36065000000.0,36193000000.0,36321000000.0,36449000000.0,36577000000.0,36705000000.0,36833000000.0,36961000000.0,29041000000.0,29169000000.0,29297000000.0,29425000000.0,29553000000.0,29681000000.0,29809000000.0,29937000000.0,30065000000.0,30193000000.0,30321000000.0,30449000000.0,30577000000.0,30705000000.0,30833000000.0,30961000000.0,31041000000.0,31169000000.0,31297000000.0,31425000000.0,31553000000.0,31681000000.0,31809000000.0,31937000000.0,32065000000.0,32193000000.0,32321000000.0,32449000000.0,32577000000.0,32705000000.0,32833000000.0,32961000000.0",A,3.6896E10,2.8976E10,EVLA,"64,64,64,64,64,64,64,64,64,64,64,64,64,64,64,64,64,64,64,64,64,64,64,64,64,64,64,64,64,64,64,64,64,64,64,64,64,64,64,64,64,64,64,64,64,64,64,64,64,64,64,64,64,64,64,64,64,64,64,64,64,64,64,64,64,64,64,64,64,64,64,64,64,64,64,64,64,64,64,64,64,64,64,64,64,64,64,64,64,64,64,64,64,64,64,64,64,64,64,64,64,64,64,64,64,64,64,64,64,64,64,64,64,64,64,64,64,64,64,64,64,64,64,64,64,64,64,64",24B-262.sb46661428.eb47295804.60636.02989805555,"RR, RL, LR, LL",24B-262,PUBLIC,30.628777778700567,23.47875000271475,"2000000.0,2000000.0,2000000.0,2000000.0,2000000.0,2000000.0,2000000.0,2000000.0,2000000.0,2000000.0,2000000.0,2000000.0,2000000.0,2000000.0,2000000.0,2000000.0,2000000.0,2000000.0,2000000.0,2000000.0,2000000.0,2000000.0,2000000.0,2000000.0,2000000.0,2000000.0,2000000.0,2000000.0,2000000.0,2000000.0,2000000.0,2000000.0,2000000.0,2000000.0,2000000.0,2000000.0,2000000.0,2000000.0,2000000.0,2000000.0,2000000.0,2000000.0,2000000.0,2000000.0,2000000.0,2000000.0,2000000.0,2000000.0,2000000.0,2000000.0,2000000.0,2000000.0,2000000.0,2000000.0,2000000.0,2000000.0,2000000.0,2000000.0,2000000.0,2000000.0,2000000.0,2000000.0,2000000.0,2000000.0,2000000.0,2000000.0,2000000.0,2000000.0,2000000.0,2000000.0,2000000.0,2000000.0,2000000.0,2000000.0,2000000.0,2000000.0,2000000.0,2000000.0,2000000.0,2000000.0,2000000.0,2000000.0,2000000.0,2000000.0,2000000.0,2000000.0,2000000.0,2000000.0,2000000.0,2000000.0,2000000.0,2000000.0,2000000.0,2000000.0,2000000.0,2000000.0,2000000.0,2000000.0,2000000.0,2000000.0,2000000.0,2000000.0,2000000.0,2000000.0,2000000.0,2000000.0,2000000.0,2000000.0,2000000.0,2000000.0,2000000.0,2000000.0,2000000.0,2000000.0,2000000.0,2000000.0,2000000.0,2000000.0,2000000.0,2000000.0,2000000.0,2000000.0,2000000.0,2000000.0,2000000.0,2000000.0,2000000.0,2000000.0","EVLA_KA#A1C1#2,EVLA_KA#A1C1#3,EVLA_KA#A1C1#4,EVLA_KA#A1C1#5,EVLA_KA#A1C1#6,EVLA_KA#A1C1#7,EVLA_KA#A1C1#8,EVLA_KA#A1C1#9,EVLA_KA#A1C1#10,EVLA_KA#A1C1#11,EVLA_KA#A1C1#12,EVLA_KA#A1C1#13,EVLA_KA#A1C1#14,EVLA_KA#A1C1#15,EVLA_KA#A1C1#16,EVLA_KA#A1C1#17,EVLA_KA#A2C2#18,EVLA_KA#A2C2#19,EVLA_KA#A2C2#20,EVLA_KA#A2C2#21,EVLA_KA#A2C2#22,EVLA_KA#A2C2#23,EVLA_KA#A2C2#24,EVLA_KA#A2C2#25,EVLA_KA#A2C2#26,EVLA_KA#A2C2#27,EVLA_KA#A2C2#28,EVLA_KA#A2C2#29,EVLA_KA#A2C2#30,EVLA_KA#A2C2#31,EVLA_KA#A2C2#32,EVLA_KA#A2C2#33,EVLA_KA#B1D1#34,EVLA_KA#B1D1#35,EVLA_KA#B1D1#36,EVLA_KA#B1D1#37,EVLA_KA#B1D1#38,EVLA_KA#B1D1#39,EVLA_KA#B1D1#40,EVLA_KA#B1D1#41,EVLA_KA#B1D1#42,EVLA_KA#B1D1#43,EVLA_KA#B1D1#44,EVLA_KA#B1D1#45,EVLA_KA#B1D1#46,EVLA_KA#B1D1#47,EVLA_KA#B1D1#48,EVLA_KA#B1D1#49,EVLA_KA#B2D2#50,EVLA_KA#B2D2#51,EVLA_KA#B2D2#52,EVLA_KA#B2D2#53,EVLA_KA#B2D2#54,EVLA_KA#B2D2#55,EVLA_KA#B2D2#56,EVLA_KA#B2D2#57,EVLA_KA#B2D2#58,EVLA_KA#B2D2#59,EVLA_KA#B2D2#60,EVLA_KA#B2D2#61,EVLA_KA#B2D2#62,EVLA_KA#B2D2#63,EVLA_KA#B2D2#64,EVLA_KA#B2D2#65,EVLA_KA#A1C1#2,EVLA_KA#A1C1#3,EVLA_KA#A1C1#4,EVLA_KA#A1C1#5,EVLA_KA#A1C1#6,EVLA_KA#A1C1#7,EVLA_KA#A1C1#8,EVLA_KA#A1C1#9,EVLA_KA#A1C1#10,EVLA_KA#A1C1#11,EVLA_KA#A1C1#12,EVLA_KA#A1C1#13,EVLA_KA#A1C1#14,EVLA_KA#A1C1#15,EVLA_KA#A1C1#16,EVLA_KA#A1C1#17,EVLA_KA#A2C2#18,EVLA_KA#A2C2#19,EVLA_KA#A2C2#20,EVLA_KA#A2C2#21,EVLA_KA#A2C2#22,EVLA_KA#A2C2#23,EVLA_KA#A2C2#24,EVLA_KA#A2C2#25,EVLA_KA#A2C2#26,EVLA_KA#A2C2#27,EVLA_KA#A2C2#28,EVLA_KA#A2C2#29,EVLA_KA#A2C2#30,EVLA_KA#A2C2#31,EVLA_KA#A2C2#32,EVLA_KA#A2C2#33,EVLA_KA#B1D1#34,EVLA_KA#B1D1#35,EVLA_KA#B1D1#36,EVLA_KA#B1D1#37,EVLA_KA#B1D1#38,EVLA_KA#B1D1#39,EVLA_KA#B1D1#40,EVLA_KA#B1D1#41,EVLA_KA#B1D1#42,EVLA_KA#B1D1#43,EVLA_KA#B1D1#44,EVLA_KA#B1D1#45,EVLA_KA#B1D1#46,EVLA_KA#B1D1#47,EVLA_KA#B1D1#48,EVLA_KA#B1D1#49,EVLA_KA#B2D2#50,EVLA_KA#B2D2#51,EVLA_KA#B2D2#52,EVLA_KA#B2D2#53,EVLA_KA#B2D2#54,EVLA_KA#B2D2#55,EVLA_KA#B2D2#56,EVLA_KA#B2D2#57,EVLA_KA#B2D2#58,EVLA_KA#B2D2#59,EVLA_KA#B2D2#60,EVLA_KA#B2D2#61,EVLA_KA#B2D2#62,EVLA_KA#B2D2#63,EVLA_KA#B2D2#64,EVLA_KA#B2D2#65",119.7,M33-Ka-16
