freq_Hz,freq_GHz,lineshape_1_per_Hz
37115949293.620422,37.115949293620,4.005590486428e-11
37115949479.201096,37.115949479201,4.106941154640e-11
37115949664.781769,37.115949664782,4.210750958181e-11
37115949850.362442,37.115949850362,4.317076799785e-11
37115950035.943115,37.115950035943,4.425976828685e-11
37115950221.523796,37.115950221524,4.537510470839e-11
37115950407.104469,37.115950407104,4.651738436558e-11
37115950592.685143,37.115950592685,4.768722774574e-11
37115950778.265816,37.115950778266,4.888526880878e-11
37115950963.846489,37.115950963846,5.011215530830e-11
37115951149.427162,37.115951149427,5.136854907250e-11
37115951335.007835,37.115951335008,5.265512629041e-11
37115951520.588516,37.115951520589,5.397257785831e-11
37115951706.169189,37.115951706169,5.532160945880e-11
37115951891.749863,37.115951891750,5.670294218839e-11
37115952077.330536,37.115952077331,5.811731265029e-11
37115952262.911209,37.115952262911,5.956547332192e-11
37115952448.491882,37.115952448492,6.104819287470e-11
37115952634.072563,37.115952634073,6.256625656286e-11
37115952819.653236,37.115952819653,6.412046630409e-11
37115953005.233910,37.115953005234,6.571164139179e-11
37115953190.814583,37.115953190815,6.734061859096e-11
37115953376.395256,37.115953376395,6.900825255029e-11
37115953561.975929,37.115953561976,7.071541615896e-11
37115953747.556602,37.115953747557,7.246300090996e-11
37115953933.137283,37.115953933137,7.425191734453e-11
37115954118.717957,37.115954118718,7.608309513297e-11
37115954304.298630,37.115954304299,7.795748389943e-11
37115954489.879303,37.115954489879,7.987605332010e-11
37115954675.459976,37.115954675460,8.183979359345e-11
37115954861.040649,37.115954861041,8.384971584509e-11
37115955046.621323,37.115955046621,8.590685253993e-11
37115955232.202003,37.115955232202,8.801225798926e-11
37115955417.782677,37.115955417783,9.016700842972e-11
37115955603.363350,37.115955603363,9.237220297729e-11
37115955788.944023,37.115955788944,9.462896372568e-11
37115955974.524696,37.115955974525,9.693843628239e-11
37115956160.105370,37.115956160105,9.930179022718e-11
37115956345.686050,37.115956345686,1.017202196794e-10
37115956531.266724,37.115956531267,1.041949433728e-10
37115956716.847397,37.115956716847,1.067272057357e-10
37115956902.428070,37.115956902428,1.093182769873e-10
37115957088.008743,37.115957088009,1.119694537366e-10
37115957273.589417,37.115957273589,1.146820594922e-10
37115957459.170090,37.115957459170,1.174574451801e-10
37115957644.750771,37.115957644751,1.202969897898e-10
37115957830.331444,37.115957830331,1.232021004412e-10
37115958015.912117,37.115958015912,1.261742136313e-10
37115958201.492790,37.115958201493,1.292147953252e-10
37115958387.073463,37.115958387073,1.323253416373e-10
37115958572.654137,37.115958572654,1.355073794061e-10
37115958758.234810,37.115958758235,1.387624667792e-10
37115958943.815491,37.115958943815,1.420921939474e-10
37115959129.396164,37.115959129396,1.454981831993e-10
37115959314.976837,37.115959314977,1.489820903584e-10
37115959500.557510,37.115959500558,1.525456048650e-10
37115959686.138184,37.115959686138,1.561904505495e-10
37115959871.718857,37.115959871719,1.599183862797e-10
37115960057.299538,37.115960057300,1.637312067788e-10
37115960242.880211,37.115960242880,1.676307426656e-10
37115960428.460884,37.115960428461,1.716188620763e-10
37115960614.041557,37.115960614042,1.756974707348e-10
37115960799.622231,37.115960799622,1.798685128124e-10
37115960985.202904,37.115960985203,1.841339716453e-10
37115961170.783577,37.115961170784,1.884958704631e-10
37115961356.364258,37.115961356364,1.929562733161e-10
37115961541.944931,37.115961541945,1.975172850913e-10
37115961727.525604,37.115961727526,2.021810533787e-10
37115961913.106277,37.115961913106,2.069497685216e-10
37115962098.686951,37.115962098687,2.118256645896e-10
37115962284.267624,37.115962284268,2.168110201843e-10
37115962469.848305,37.115962469848,2.219081594694e-10
37115962655.428978,37.115962655429,2.271194521607e-10
37115962841.009651,37.115962841010,2.324473156287e-10
37115963026.590324,37.115963026590,2.378942149253e-10
37115963212.170998,37.115963212171,2.434626638648e-10
37115963397.751671,37.115963397752,2.491552259125e-10
37115963583.332344,37.115963583332,2.549745150871e-10
37115963768.913025,37.115963768913,2.609231971261e-10
37115963954.493698,37.115963954494,2.670039894343e-10
37115964140.074371,37.115964140074,2.732196634991e-10
37115964325.655045,37.115964325655,2.795730448801e-10
37115964511.235718,37.115964511236,2.860670144301e-10
37115964696.816391,37.115964696816,2.927045092893e-10
37115964882.397064,37.115964882397,2.994885238955e-10
37115965067.977745,37.115965067978,3.064221112987e-10
37115965253.558418,37.115965253558,3.135083830583e-10
37115965439.139091,37.115965439139,3.207505120122e-10
37115965624.719765,37.115965624720,3.281517322197e-10
37115965810.300438,37.115965810300,3.357153403372e-10
37115965995.881111,37.115965995881,3.434446967288e-10
37115966181.461792,37.115966181462,3.513432269233e-10
37115966367.042465,37.115966367042,3.594144214548e-10
37115966552.623138,37.115966552623,3.676618389747e-10
37115966738.203812,37.115966738204,3.760891061429e-10
37115966923.784485,37.115966923784,3.846999191504e-10
37115967109.365158,37.115967109365,3.934980449386e-10
37115967294.945831,37.115967294946,4.024873224384e-10
37115967480.526512,37.115967480527,4.116716642104e-10
37115967666.107185,37.115967666107,4.210550562034e-10
37115967851.687859,37.115967851688,4.306415613180e-10
37115968037.268532,37.115968037269,4.404353192209e-10
37115968222.849205,37.115968222849,4.504405480569e-10
37115968408.429878,37.115968408430,4.606615458065e-10
37115968594.010559,37.115968594011,4.711026920990e-10
37115968779.591232,37.115968779591,4.817684478862e-10
37115968965.171906,37.115968965172,4.926633594392e-10
37115969150.752579,37.115969150753,5.037920580834e-10
37115969336.333252,37.115969336333,5.151592620876e-10
37115969521.913925,37.115969521914,5.267697781515e-10
37115969707.494598,37.115969707495,5.386285029141e-10
37115969893.075279,37.115969893075,5.507404249894e-10
37115970078.655952,37.115970078656,5.631106245187e-10
37115970264.236626,37.115970264237,5.757442777361e-10
37115970449.817299,37.115970449817,5.886466565892e-10
37115970635.397972,37.115970635398,6.018231308565e-10
37115970820.978645,37.115970820979,6.152791697974e-10
37115971006.559319,37.115971006559,6.290203438256e-10
37115971192.139999,37.115971192140,6.430523267907e-10
37115971377.720673,37.115971377721,6.573808953822e-10
37115971563.301346,37.115971563301,6.720119343386e-10
37115971748.882019,37.115971748882,6.869514359271e-10
37115971934.462692,37.115971934463,7.022055023137e-10
37115972120.043365,37.115972120043,7.177803473898e-10
37115972305.624046,37.115972305624,7.336822992854e-10
37115972491.204720,37.115972491205,7.499177996199e-10
37115972676.785393,37.115972676785,7.664934093309e-10
37115972862.366066,37.115972862366,7.834158080067e-10
37115973047.946739,37.115973047947,8.006917964948e-10
37115973233.527412,37.115973233527,8.183282988915e-10
37115973419.108086,37.115973419108,8.363323645596e-10
37115973604.688766,37.115973604689,8.547111709386e-10
37115973790.269440,37.115973790269,8.734720225823e-10
37115973975.850113,37.115973975850,8.926223577966e-10
37115974161.430786,37.115974161431,9.121697477674e-10
37115974347.011459,37.115974347011,9.321218994725e-10
37115974532.592133,37.115974532592,9.524866578768e-10
37115974718.172806,37.115974718173,9.732720081564e-10
37115974903.753487,37.115974903753,9.944860788368e-10
37115975089.334160,37.115975089334,1.016137140574e-09
37115975274.914833,37.115975274915,1.038233613704e-09
37115975460.495506,37.115975460496,1.060784067126e-09
37115975646.076180,37.115975646076,1.083797221548e-09
37115975831.656853,37.115975831657,1.107281951900e-09
37115976017.237534,37.115976017238,1.131247290782e-09
37115976202.818207,37.115976202818,1.155702426981e-09
37115976388.398880,37.115976388399,1.180656713903e-09
37115976573.979553,37.115976573980,1.206119668195e-09
37115976759.560226,37.115976759560,1.232100973310e-09
37115976945.140900,37.115976945141,1.258610482125e-09
37115977130.721573,37.115977130722,1.285658219590e-09
37115977316.302254,37.115977316302,1.313254386570e-09
37115977501.882927,37.115977501883,1.341409358002e-09
37115977687.463600,37.115977687464,1.370133692468e-09
37115977873.044273,37.115977873044,1.399438130476e-09
37115978058.624947,37.115978058625,1.429333598416e-09
37115978244.205620,37.115978244206,1.459831211431e-09
37115978429.786301,37.115978429786,1.490942277621e-09
37115978615.366974,37.115978615367,1.522678295845e-09
37115978800.947647,37.115978800948,1.555050966381e-09
37115978986.528320,37.115978986528,1.588072188859e-09
37115979172.108994,37.115979172109,1.621754066591e-09
37115979357.689667,37.115979357690,1.656108909671e-09
37115979543.270340,37.115979543270,1.691149238120e-09
37115979728.851021,37.115979728851,1.726887786546e-09
37115979914.431694,37.115979914432,1.763337501467e-09
37115980100.012367,37.115980100012,1.800511553383e-09
37115980285.593040,37.115980285593,1.838423334239e-09
37115980471.173714,37.115980471174,1.877086462218e-09
37115980656.754387,37.115980656754,1.916514785134e-09
37115980842.335060,37.115980842335,1.956722383860e-09
37115981027.915741,37.115981027916,1.997723577504e-09
37115981213.496414,37.115981213496,2.039532920147e-09
37115981399.077087,37.115981399077,2.082165214518e-09
37115981584.657761,37.115981584658,2.125635508886e-09
37115981770.238434,37.115981770238,2.169959102375e-09
37115981955.819107,37.115981955819,2.215151548658e-09
37115982141.399788,37.115982141400,2.261228661603e-09
37115982326.980461,37.115982326980,2.308206511444e-09
37115982512.561134,37.115982512561,2.356101439971e-09
37115982698.141808,37.115982698142,2.404930056864e-09
37115982883.722481,37.115982883722,2.454709245487e-09
37115983069.303154,37.115983069303,2.505456166856e-09
37115983254.883827,37.115983254884,2.557188263651e-09
37115983440.464508,37.115983440465,2.609923266467e-09
37115983626.045181,37.115983626045,2.663679189206e-09
37115983811.625854,37.115983811626,2.718474346244e-09
37115983997.206528,37.115983997207,2.774327348007e-09
37115984182.787201,37.115984182787,2.831257107368e-09
37115984368.367874,37.115984368368,2.889282843954e-09
37115984553.948555,37.115984553949,2.948424090953e-09
37115984739.529228,37.115984739529,3.008700689743e-09
37115984925.109901,37.115984925110,3.070132808938e-09
37115985110.690575,37.115985110691,3.132740939207e-09
37115985296.271248,37.115985296271,3.196545900242e-09
37115985481.851921,37.115985481852,3.261568845362e-09
37115985667.432594,37.115985667433,3.327831266172e-09
37115985853.013275,37.115985853013,3.395355000076e-09
37115986038.593948,37.115986038594,3.464162223884e-09
37115986224.174622,37.115986224175,3.534275475281e-09
37115986409.755295,37.115986409755,3.605717646646e-09
37115986595.335968,37.115986595336,3.678511992722e-09
37115986780.916641,37.115986780917,3.752682135596e-09
37115986966.497314,37.115986966497,3.828252069725e-09
37115987152.077995,37.115987152078,3.905246170218e-09
37115987337.658669,37.115987337659,3.983689185253e-09
37115987523.239342,37.115987523239,4.063606260267e-09
37115987708.820015,37.115987708820,4.145022930597e-09
37115987894.400688,37.115987894401,4.227965129931e-09
37115988079.981361,37.115988079981,4.312459195659e-09
37115988265.562042,37.115988265562,4.398531877873e-09
37115988451.142715,37.115988451143,4.486210330615e-09
37115988636.723389,37.115988636723,4.575522138642e-09
37115988822.304062,37.115988822304,4.666495308929e-09
37115989007.884735,37.115989007885,4.759158279818e-09
37115989193.465408,37.115989193465,4.853539926723e-09
37115989379.046082,37.115989379046,4.949669567897e-09
37115989564.626762,37.115989564627,5.047576974310e-09
37115989750.207436,37.115989750207,5.147292359360e-09
37115989935.788109,37.115989935788,5.248846408959e-09
37115990121.368782,37.115990121369,5.352270271504e-09
37115990306.949455,37.115990306949,5.457595567926e-09
37115990492.530128,37.115990492530,5.564854397807e-09
37115990678.110809,37.115990678111,5.674079350087e-09
37115990863.691483,37.115990863691,5.785303491262e-09
37115991049.272156,37.115991049272,5.898560398623e-09
37115991234.852829,37.115991234853,6.013884148734e-09
37115991420.433502,37.115991420434,6.131309328305e-09
37115991606.014175,37.115991606014,6.250871040669e-09
37115991791.594849,37.115991791595,6.372604912332e-09
37115991977.175529,37.115991977176,6.496547104712e-09
37115992162.756203,37.115992162756,6.622734300336e-09
37115992348.336876,37.115992348337,6.751203740140e-09
37115992533.917549,37.115992533918,6.881993209968e-09
37115992719.498222,37.115992719498,7.015141052479e-09
37115992905.078896,37.115992905079,7.150686174056e-09
37115993090.659569,37.115993090660,7.288668051791e-09
37115993276.240250,37.115993276240,7.429126746349e-09
37115993461.820923,37.115993461821,7.572102885873e-09
37115993647.401596,37.115993647402,7.717637707798e-09
37115993832.982269,37.115993832982,7.865773043084e-09
37115994018.562943,37.115994018563,8.016551329238e-09
37115994204.143616,37.115994204144,8.170015617668e-09
37115994389.724297,37.115994389724,8.326209587585e-09
37115994575.304970,37.115994575305,8.485177527691e-09
37115994760.885643,37.115994760886,8.646964382252e-09
37115994946.466316,37.115994946466,8.811615733141e-09
37115995132.046989,37.115995132047,8.979177813880e-09
37115995317.627663,37.115995317628,9.149697517382e-09
37115995503.208336,37.115995503208,9.323222403753e-09
37115995688.789017,37.115995688789,9.499800715490e-09
37115995874.369690,37.115995874370,9.679481356245e-09
37115996059.950363,37.115996059950,9.862313942381e-09
37115996245.531036,37.115996245531,1.004834878212e-08
37115996431.111710,37.115996431112,1.023763689088e-08
37115996616.692383,37.115996616692,1.043022999943e-08
37115996802.273056,37.115996802273,1.062618056219e-08
37115996987.853737,37.115996987854,1.082554177378e-08
37115997173.434410,37.115997173434,1.102836754449e-08
37115997359.015083,37.115997359015,1.123471255793e-08
37115997544.595757,37.115997544596,1.144463224683e-08
37115997730.176430,37.115997730176,1.165818280981e-08
37115997915.757103,37.115997915757,1.187542121997e-08
37115998101.337784,37.115998101338,1.209640524278e-08
37115998286.918457,37.115998286918,1.232119340835e-08
37115998472.499130,37.115998472499,1.254984507476e-08
37115998658.079803,37.115998658080,1.278242040074e-08
37115998843.660477,37.115998843660,1.301898036368e-08
37115999029.241150,37.115999029241,1.325958676863e-08
37115999214.821823,37.115999214822,1.350430225736e-08
37115999400.402504,37.115999400403,1.375319032785e-08
37115999585.983177,37.115999585983,1.400631530236e-08
37115999771.563850,37.115999771564,1.426374239812e-08
37115999957.144524,37.115999957145,1.452553769589e-08
37116000142.725197,37.116000142725,1.479176815948e-08
37116000328.305870,37.116000328306,1.506250164523e-08
37116000513.886551,37.116000513887,1.533780692289e-08
37116000699.467224,37.116000699467,1.561775363980e-08
37116000885.047897,37.116000885048,1.590241239835e-08
37116001070.628571,37.116001070629,1.619185472063e-08
37116001256.209244,37.116001256209,1.648615306941e-08
37116001441.789917,37.116001441790,1.678538085792e-08
37116001627.370590,37.116001627371,1.708961245975e-08
37116001812.951271,37.116001812951,1.739892323158e-08
37116001998.531944,37.116001998532,1.771338947207e-08
37116002184.112617,37.116002184113,1.803308850825e-08
37116002369.693291,37.116002369693,1.835809865490e-08
37116002555.273964,37.116002555274,1.868849923738e-08
37116002740.854637,37.116002740855,1.902437060176e-08
37116002926.435310,37.116002926435,1.936579412517e-08
37116003112.015991,37.116003112016,1.971285224045e-08
37116003297.596664,37.116003297597,2.006562838921e-08
37116003483.177338,37.116003483177,2.042420711792e-08
37116003668.758011,37.116003668758,2.078867403148e-08
37116003854.338684,37.116003854339,2.115911581797e-08
37116004039.919357,37.116004039919,2.153562025917e-08
37116004225.500038,37.116004225500,2.191827625711e-08
37116004411.080711,37.116004411081,2.230717378152e-08
37116004596.661385,37.116004596661,2.270240397501e-08
37116004782.242058,37.116004782242,2.310405910111e-08
37116004967.822731,37.116004967823,2.351223257076e-08
37116005153.403404,37.116005153403,2.392701895318e-08
37116005338.984077,37.116005338984,2.434851398675e-08
37116005524.564758,37.116005524565,2.477681460778e-08
37116005710.145432,37.116005710145,2.521201889078e-08
37116005895.726105,37.116005895726,2.565422616518e-08
37116006081.306778,37.116006081307,2.610353695624e-08
37116006266.887451,37.116006266887,2.656005301371e-08
37116006452.468124,37.116006452468,2.702387732298e-08
37116006638.048805,37.116006638049,2.749511413584e-08
37116006823.629478,37.116006823629,2.797386890394e-08
37116007009.210152,37.116007009210,2.846024840632e-08
37116007194.790825,37.116007194791,2.895436068355e-08
37116007380.371498,37.116007380371,2.945631506837e-08
37116007565.952171,37.116007565952,2.996622219702e-08
37116007751.532845,37.116007751533,3.048419402074e-08
37116007937.113525,37.116007937114,3.101034383902e-08
37116008122.694199,37.116008122694,3.154478622423e-08
37116008308.274872,37.116008308275,3.208763716297e-08
37116008493.855545,37.116008493856,3.263901398140e-08
37116008679.436218,37.116008679436,3.319903537833e-08
37116008865.016891,37.116008865017,3.376782143682e-08
37116009050.597565,37.116009050598,3.434549363580e-08
37116009236.178246,37.116009236178,3.493217488610e-08
37116009421.758919,37.116009421759,3.552798944521e-08
37116009607.339592,37.116009607340,3.613306307376e-08
37116009792.920265,37.116009792920,3.674752295110e-08
37116009978.500938,37.116009978501,3.737149771102e-08
37116010164.081612,37.116010164082,3.800511745347e-08
37116010349.662292,37.116010349662,3.864851378301e-08
37116010535.242966,37.116010535243,3.930181971440e-08
37116010720.823639,37.116010720824,3.996516984307e-08
37116010906.404312,37.116010906404,4.063870025158e-08
37116011091.984985,37.116011091985,4.132254854765e-08
37116011277.565659,37.116011277566,4.201685387601e-08
37116011463.146332,37.116011463146,4.272175693023e-08
37116011648.727013,37.116011648727,4.343739999417e-08
37116011834.307686,37.116011834308,4.416392683575e-08
37116012019.888359,37.116012019888,4.490148289526e-08
37116012205.469032,37.116012205469,4.565021517997e-08
37116012391.049706,37.116012391050,4.641027230520e-08
37116012576.630379,37.116012576630,4.718180450608e-08
37116012762.211052,37.116012762211,4.796496364944e-08
37116012947.791733,37.116012947792,4.875990327851e-08
37116013133.372406,37.116013133372,4.956677849351e-08
37116013318.953079,37.116013318953,5.038574615955e-08
37116013504.533752,37.116013504534,5.121696478812e-08
37116013690.114426,37.116013690114,5.206059458136e-08
37116013875.695099,37.116013875695,5.291679744372e-08
37116014061.275780,37.116014061276,5.378573702969e-08
37116014246.856453,37.116014246856,5.466757861211e-08
37116014432.437126,37.116014432437,5.556248930814e-08
37116014618.017799,37.116014618018,5.647063794853e-08
37116014803.598473,37.116014803598,5.739219512471e-08
37116014989.179146,37.116014989179,5.832733320038e-08
37116015174.759819,37.116015174760,5.927622632302e-08
37116015360.340500,37.116015360340,6.023905047531e-08
37116015545.921173,37.116015545921,6.121598332765e-08
37116015731.501846,37.116015731502,6.220720448713e-08
37116015917.082520,37.116015917083,6.321289535112e-08
37116016102.663193,37.116016102663,6.423323915794e-08
37116016288.243866,37.116016288244,6.526842099810e-08
37116016473.824547,37.116016473825,6.631862786909e-08
37116016659.405220,37.116016659405,6.738404851321e-08
37116016844.985893,37.116016844986,6.846487368773e-08
37116017030.566566,37.116017030567,6.956129600392e-08
37116017216.147240,37.116017216147,7.067350998090e-08
37116017401.727913,37.116017401728,7.180171205660e-08
37116017587.308586,37.116017587309,7.294610059864e-08
37116017772.889267,37.116017772889,7.410687596318e-08
37116017958.469940,37.116017958470,7.528424031412e-08
37116018144.050613,37.116018144051,7.647839792008e-08
37116018329.631287,37.116018329631,7.768955497477e-08
37116018515.211960,37.116018515212,7.891791965490e-08
37116018700.792633,37.116018700793,8.016370213057e-08
37116018886.373306,37.116018886373,8.142711457565e-08
37116019071.953987,37.116019071954,8.270837123100e-08
37116019257.534660,37.116019257535,8.400768820328e-08
37116019443.115334,37.116019443115,8.532528379099e-08
37116019628.696007,37.116019628696,8.666137828448e-08
37116019814.276680,37.116019814277,8.801619402812e-08
37116019999.857353,37.116019999857,8.938995543008e-08
37116020185.438034,37.116020185438,9.078288902961e-08
37116020371.018707,37.116020371019,9.219522327674e-08
37116020556.599380,37.116020556599,9.362718888527e-08
37116020742.180054,37.116020742180,9.507901861387e-08
37116020927.760727,37.116020927761,9.655094733204e-08
37116021113.341400,37.116021113341,9.804321202928e-08
37116021298.922073,37.116021298922,9.955605182394e-08
37116021484.502754,37.116021484503,1.010897080356e-07
37116021670.083427,37.116021670083,1.026444239405e-07
37116021855.664101,37.116021855664,1.042204451587e-07
37116022041.244774,37.116022041245,1.058180194108e-07
37116022226.825447,37.116022226825,1.074373965889e-07
37116022412.406120,37.116022412406,1.090788287650e-07
37116022597.986801,37.116022597987,1.107425702674e-07
37116022783.567474,37.116022783567,1.124288774143e-07
37116022969.148148,37.116022969148,1.141380089314e-07
37116023154.728821,37.116023154729,1.158702256875e-07
37116023340.309494,37.116023340309,1.176257907688e-07
37116023525.890167,37.116023525890,1.194049694868e-07
37116023711.470840,37.116023711471,1.212080293850e-07
37116023897.051521,37.116023897052,1.230352403213e-07
37116024082.632195,37.116024082632,1.248868741731e-07
37116024268.212868,37.116024268213,1.267632052946e-07
37116024453.793541,37.116024453794,1.286645102235e-07
37116024639.374214,37.116024639374,1.305910677619e-07
37116024824.954887,37.116024824955,1.325431589816e-07
37116025010.535561,37.116025010536,1.345210672304e-07
37116025196.116241,37.116025196116,1.365250782203e-07
37116025381.696915,37.116025381697,1.385554797019e-07
37116025567.277588,37.116025567278,1.406125619641e-07
37116025752.858261,37.116025752858,1.426966175103e-07
37116025938.438934,37.116025938439,1.448079411450e-07
37116026124.019608,37.116026124020,1.469468299779e-07
37116026309.600288,37.116026309600,1.491135835181e-07
37116026495.180962,37.116026495181,1.513085033206e-07
37116026680.761635,37.116026680762,1.535318935242e-07
37116026866.342308,37.116026866342,1.557840604998e-07
37116027051.922981,37.116027051923,1.580653129425e-07
37116027237.503654,37.116027237504,1.603759618744e-07
37116027423.084328,37.116027423084,1.627163206472e-07
37116027608.665009,37.116027608665,1.650867050430e-07
37116027794.245682,37.116027794246,1.674874328854e-07
37116027979.826355,37.116027979826,1.699188246262e-07
37116028165.407028,37.116028165407,1.723812029584e-07
37116028350.987701,37.116028350988,1.748748929148e-07
37116028536.568375,37.116028536568,1.774002218687e-07
37116028722.149055,37.116028722149,1.799575196410e-07
37116028907.729729,37.116028907730,1.825471180789e-07
37116029093.310402,37.116029093310,1.851693516867e-07
37116029278.891075,37.116029278891,1.878245572070e-07
37116029464.471748,37.116029464472,1.905130737246e-07
37116029650.052422,37.116029650052,1.932352426663e-07
37116029835.633095,37.116029835633,1.959914077995e-07
37116030021.213776,37.116030021214,1.987819153471e-07
37116030206.794449,37.116030206794,2.016071135251e-07
37116030392.375122,37.116030392375,2.044673532296e-07
37116030577.955795,37.116030577956,2.073629875769e-07
37116030763.536469,37.116030763536,2.102943720154e-07
37116030949.117142,37.116030949117,2.132618643224e-07
37116031134.697815,37.116031134698,2.162658246012e-07
37116031320.278496,37.116031320278,2.193066154038e-07
37116031505.859169,37.116031505859,2.223846012247e-07
37116031691.439842,37.116031691440,2.255001492477e-07
37116031877.020515,37.116031877021,2.286536288425e-07
37116032062.601189,37.116032062601,2.318454116841e-07
37116032248.181862,37.116032248182,2.350758717476e-07
37116032433.762543,37.116032433763,2.383453854380e-07
37116032619.343216,37.116032619343,2.416543310452e-07
37116032804.923889,37.116032804924,2.450030895435e-07
37116032990.504562,37.116032990505,2.483920440498e-07
37116033176.085236,37.116033176085,2.518215799495e-07
37116033361.665909,37.116033361666,2.552920848893e-07
37116033547.246582,37.116033547247,2.588039487695e-07
37116033732.827263,37.116033732827,2.623575638825e-07
37116033918.407936,37.116033918408,2.659533243185e-07
37116034103.988609,37.116034103989,2.695916268326e-07
37116034289.569283,37.116034289569,2.732728702529e-07
37116034475.149956,37.116034475150,2.769974556164e-07
37116034660.730629,37.116034660731,2.807657861579e-07
37116034846.311302,37.116034846311,2.845782673001e-07
37116035031.891983,37.116035031892,2.884353068018e-07
37116035217.472656,37.116035217473,2.923373141101e-07
37116035403.053329,37.116035403053,2.962847013002e-07
37116035588.634003,37.116035588634,3.002778824305e-07
37116035774.214676,37.116035774215,3.043172736875e-07
37116035959.795349,37.116035959795,3.084032933725e-07
37116036145.376030,37.116036145376,3.125363620589e-07
37116036330.956703,37.116036330957,3.167169018965e-07
37116036516.537376,37.116036516537,3.209453376165e-07
37116036702.118050,37.116036702118,3.252220958383e-07
37116036887.698723,37.116036887699,3.295476052239e-07
37116037073.279396,37.116037073279,3.339222964609e-07
37116037258.860069,37.116037258860,3.383466022469e-07
37116037444.440750,37.116037444441,3.428209574572e-07
37116037630.021423,37.116037630021,3.473457983896e-07
37116037815.602097,37.116037815602,3.519215638505e-07
37116038001.182770,37.116038001183,3.565486944026e-07
37116038186.763443,37.116038186763,3.612276325292e-07
37116038372.344116,37.116038372344,3.659588226148e-07
37116038557.924797,37.116038557925,3.707427111230e-07
37116038743.505470,37.116038743505,3.755797457877e-07
37116038929.086143,37.116038929086,3.804703767719e-07
37116039114.666817,37.116039114667,3.854150558625e-07
37116039300.247490,37.116039300247,3.904142366434e-07
37116039485.828163,37.116039485828,3.954683744736e-07
37116039671.408836,37.116039671409,4.005779264646e-07
37116039856.989517,37.116039856990,4.057433516700e-07
37116040042.570190,37.116040042570,4.109651102105e-07
37116040228.150864,37.116040228151,4.162436645233e-07
37116040413.731537,37.116040413732,4.215794784905e-07
37116040599.312210,37.116040599312,4.269730176242e-07
37116040784.892883,37.116040784893,4.324247490412e-07
37116040970.473557,37.116040970474,4.379351414364e-07
37116041156.054237,37.116041156054,4.435046652857e-07
37116041341.634911,37.116041341635,4.491337919002e-07
37116041527.215584,37.116041527216,4.548229947722e-07
37116041712.796257,37.116041712796,4.605727486328e-07
37116041898.376930,37.116041898377,4.663835296506e-07
37116042083.957603,37.116042083958,4.722558154018e-07
37116042269.538284,37.116042269538,4.781900850856e-07
37116042455.118958,37.116042455119,4.841868185142e-07
37116042640.699631,37.116042640700,4.902464975458e-07
37116042826.280304,37.116042826280,4.963696050792e-07
37116043011.860977,37.116043011861,5.025566252635e-07
37116043197.441650,37.116043197442,5.088080434658e-07
37116043383.022324,37.116043383022,5.151243462368e-07
37116043568.603004,37.116043568603,5.215060215408e-07
37116043754.183678,37.116043754184,5.279535576683e-07
37116043939.764351,37.116043939764,5.344674447753e-07
37116044125.345024,37.116044125345,5.410481738002e-07
37116044310.925697,37.116044310926,5.476962366885e-07
37116044496.506371,37.116044496506,5.544121263556e-07
37116044682.087051,37.116044682087,5.611963369296e-07
37116044867.667725,37.116044867668,5.680493625942e-07
37116045053.248398,37.116045053248,5.749716992240e-07
37116045238.829071,37.116045238829,5.819638432316e-07
37116045424.409744,37.116045424410,5.890262918054e-07
37116045609.990417,37.116045609990,5.961595428689e-07
37116045795.571091,37.116045795571,6.033640950399e-07
37116045981.151772,37.116045981152,6.106404478888e-07
37116046166.732445,37.116046166732,6.179891006970e-07
37116046352.313118,37.116046352313,6.254105542090e-07
37116046537.893791,37.116046537894,6.329053093949e-07
37116046723.474464,37.116046723474,6.404738677043e-07
37116046909.055138,37.116046909055,6.481167310212e-07
37116047094.635811,37.116047094636,6.558344016192e-07
37116047280.216492,37.116047280216,6.636273824373e-07
37116047465.797165,37.116047465797,6.714961757485e-07
37116047651.377838,37.116047651378,6.794412850357e-07
37116047836.958511,37.116047836959,6.874632136651e-07
37116048022.539185,37.116048022539,6.955624651570e-07
37116048208.119858,37.116048208120,7.037395431367e-07
37116048393.700539,37.116048393701,7.119949516267e-07
37116048579.281212,37.116048579281,7.203291936352e-07
37116048764.861885,37.116048764862,7.287427731423e-07
37116048950.442558,37.116048950443,7.372361936944e-07
37116049136.023232,37.116049136023,7.458099586899e-07
37116049321.603905,37.116049321604,7.544645713274e-07
37116049507.184578,37.116049507185,7.632005345523e-07
37116049692.765259,37.116049692765,7.720183513677e-07
37116049878.345932,37.116049878346,7.809185233267e-07
37116050063.926605,37.116050063927,7.899015526532e-07
37116050249.507278,37.116050249507,7.989679407392e-07
37116050435.087952,37.116050435088,8.081181884508e-07
37116050620.668625,37.116050620669,8.173527960707e-07
37116050806.249298,37.116050806249,8.266722632421e-07
37116050991.829979,37.116050991830,8.360770892992e-07
37116051177.410652,37.116051177411,8.455677716587e-07
37116051362.991325,37.116051362991,8.551448080816e-07
37116051548.571999,37.116051548572,8.648086950701e-07
37116051734.152672,37.116051734153,8.745599281935e-07
37116051919.733345,37.116051919733,8.843990020271e-07
37116052105.314026,37.116052105314,8.943264105016e-07
37116052290.894699,37.116052290895,9.043426452055e-07
37116052476.475372,37.116052476475,9.144481977714e-07
37116052662.056046,37.116052662056,9.246435581850e-07
37116052847.636719,37.116052847637,9.349292151281e-07
37116053033.217392,37.116053033217,9.453056559149e-07
37116053218.798065,37.116053218798,9.557733664278e-07
37116053404.378746,37.116053404379,9.663328314885e-07
37116053589.959419,37.116053589959,9.769845330530e-07
37116053775.540092,37.116053775540,9.877289527498e-07
37116053961.120766,37.116053961121,9.985665700814e-07
37116054146.701439,37.116054146701,1.009497862789e-06
37116054332.282112,37.116054332282,1.020523306787e-06
37116054517.862793,37.116054517863,1.031643376552e-06
37116054703.443466,37.116054703443,1.042858543222e-06
37116054889.024139,37.116054889024,1.054169277272e-06
37116055074.604813,37.116055074605,1.065576046621e-06
37116055260.185486,37.116055260185,1.077079317011e-06
37116055445.766159,37.116055445766,1.088679551947e-06
37116055631.346832,37.116055631347,1.100377212616e-06
37116055816.927513,37.116055816928,1.112172758308e-06
37116056002.508186,37.116056002508,1.124066644401e-06
37116056188.088860,37.116056188089,1.136059325196e-06
37116056373.669533,37.116056373670,1.148151251910e-06
37116056559.250206,37.116056559250,1.160342873084e-06
37116056744.830879,37.116056744831,1.172634634513e-06
37116056930.411552,37.116056930412,1.185026979168e-06
37116057115.992233,37.116057115992,1.197520347639e-06
37116057301.572906,37.116057301573,1.210115176004e-06
37116057487.153580,37.116057487154,1.222811898830e-06
37116057672.734253,37.116057672734,1.235610947053e-06
37116057858.314926,37.116057858315,1.248512748407e-06
37116058043.895599,37.116058043896,1.261517727355e-06
37116058229.476280,37.116058229476,1.274626305547e-06
37116058415.056953,37.116058415057,1.287838899584e-06
37116058600.637627,37.116058600638,1.301155924178e-06
37116058786.218300,37.116058786218,1.314577789917e-06
37116058971.798973,37.116058971799,1.328104903727e-06
37116059157.379646,37.116059157380,1.341737668793e-06
37116059342.960320,37.116059342960,1.355476484478e-06
37116059528.541000,37.116059528541,1.369321746817e-06
37116059714.121674,37.116059714122,1.383273846155e-06
37116059899.702347,37.116059899702,1.397333170483e-06
37116060085.283020,37.116060085283,1.411500103086e-06
37116060270.863693,37.116060270864,1.425775023027e-06
37116060456.444366,37.116060456444,1.440158305067e-06
37116060642.025047,37.116060642025,1.454650320184e-06
37116060827.605721,37.116060827606,1.469251433101e-06
37116061013.186394,37.116061013186,1.483962005782e-06
37116061198.767067,37.116061198767,1.498782394966e-06
37116061384.347740,37.116061384348,1.513712952687e-06
37116061569.928413,37.116061569928,1.528754026183e-06
37116061755.509087,37.116061755509,1.543905957818e-06
37116061941.089767,37.116061941090,1.559169085628e-06
37116062126.670441,37.116062126670,1.574543740724e-06
37116062312.251114,37.116062312251,1.590030250972e-06
37116062497.831787,37.116062497832,1.605628938405e-06
37116062683.412460,37.116062683412,1.621340119767e-06
37116062868.993134,37.116062868993,1.637164106424e-06
37116063054.573807,37.116063054574,1.653101204286e-06
37116063240.154488,37.116063240154,1.669151714382e-06
37116063425.735161,37.116063425735,1.685315930130e-06
37116063611.315834,37.116063611316,1.701594141217e-06
37116063796.896507,37.116063796897,1.717986630875e-06
37116063982.477180,37.116063982477,1.734493676456e-06
37116064168.057854,37.116064168058,1.751115549350e-06
37116064353.638535,37.116064353639,1.767852515586e-06
37116064539.219208,37.116064539219,1.784704832993e-06
37116064724.799881,37.116064724800,1.801672755244e-06
37116064910.380554,37.116064910381,1.818756529024e-06
37116065095.961227,37.116065095961,1.835956394629e-06
37116065281.541901,37.116065281542,1.853272585883e-06
37116065467.122574,37.116065467123,1.870705330053e-06
37116065652.703255,37.116065652703,1.888254848489e-06
37116065838.283928,37.116065838284,1.905921353646e-06
37116066023.864601,37.116066023865,1.923705053331e-06
37116066209.445274,37.116066209445,1.941606147736e-06
37116066395.025948,37.116066395026,1.959624830073e-06
37116066580.606621,37.116066580607,1.977761286491e-06
37116066766.187302,37.116066766187,1.996015696739e-06
37116066951.767975,37.116066951768,2.014388231086e-06
37116067137.348648,37.116067137349,2.032879054726e-06
37116067322.929321,37.116067322929,2.051488324711e-06
37116067508.509995,37.116067508510,2.070216190603e-06
37116067694.090668,37.116067694091,2.089062794399e-06
37116067879.671341,37.116067879671,2.108028270446e-06
37116068065.252022,37.116068065252,2.127112746140e-06
37116068250.832695,37.116068250833,2.146316338705e-06
37116068436.413368,37.116068436413,2.165639159818e-06
37116068621.994041,37.116068621994,2.185081312389e-06
37116068807.574715,37.116068807575,2.204642891265e-06
37116068993.155388,37.116068993155,2.224323983144e-06
37116069178.736061,37.116069178736,2.244124666499e-06
37116069364.316742,37.116069364317,2.264045012312e-06
37116069549.897415,37.116069549897,2.284085080717e-06
37116069735.478088,37.116069735478,2.304244925829e-06
37116069921.058762,37.116069921059,2.324524592396e-06
37116070106.639435,37.116070106639,2.344924116535e-06
37116070292.220108,37.116070292220,2.365443525651e-06
37116070477.800789,37.116070477801,2.386082839210e-06
37116070663.381462,37.116070663381,2.406842065260e-06
37116070848.962135,37.116070848962,2.427721205446e-06
37116071034.542809,37.116071034543,2.448720251539e-06
37116071220.123482,37.116071220123,2.469839186209e-06
37116071405.704155,37.116071405704,2.491077982945e-06
37116071591.284828,37.116071591285,2.512436605981e-06
37116071776.865509,37.116071776866,2.533915011102e-06
37116071962.446182,37.116071962446,2.555513142036e-06
37116072148.026855,37.116072148027,2.577230935671e-06
37116072333.607529,37.116072333608,2.599068318461e-06
37116072519.188202,37.116072519188,2.621025207226e-06
37116072704.768875,37.116072704769,2.643101509084e-06
37116072890.349548,37.116072890350,2.665297121373e-06
37116073075.930229,37.116073075930,2.687611932505e-06
37116073261.510902,37.116073261511,2.710045818214e-06
37116073447.091576,37.116073447092,2.732598646993e-06
37116073632.672249,37.116073632672,2.755270276362e-06
37116073818.252922,37.116073818253,2.778060553705e-06
37116074003.833595,37.116074003834,2.800969316210e-06
37116074189.414276,37.116074189414,2.823996391745e-06
37116074374.994949,37.116074374995,2.847141595002e-06
37116074560.575623,37.116074560576,2.870404733108e-06
37116074746.156296,37.116074746156,2.893785601778e-06
37116074931.736969,37.116074931737,2.917283986198e-06
37116075117.317642,37.116075117318,2.940899660953e-06
37116075302.898315,37.116075302898,2.964632389973e-06
37116075488.478996,37.116075488479,2.988481927444e-06
37116075674.059669,37.116075674060,3.012448013827e-06
37116075859.640343,37.116075859640,3.036530381676e-06
37116076045.221016,37.116076045221,3.060728751662e-06
37116076230.801689,37.116076230802,3.085042833491e-06
37116076416.382362,37.116076416382,3.109472325848e-06
37116076601.963043,37.116076601963,3.134016917348e-06
37116076787.543716,37.116076787544,3.158676282443e-06
37116076973.124390,37.116076973124,3.183450087414e-06
37116077158.705063,37.116077158705,3.208337986294e-06
37116077344.285736,37.116077344286,3.233339621813e-06
37116077529.866409,37.116077529866,3.258454625350e-06
37116077715.447083,37.116077715447,3.283682616883e-06
37116077901.027763,37.116077901028,3.309023205976e-06
37116078086.608437,37.116078086608,3.334475987566e-06
37116078272.189110,37.116078272189,3.360040548160e-06
37116078457.769783,37.116078457770,3.385716461625e-06
37116078643.350456,37.116078643350,3.411503290186e-06
37116078828.931129,37.116078828931,3.437400584376e-06
37116079014.511803,37.116079014512,3.463407882996e-06
37116079200.092484,37.116079200092,3.489524714145e-06
37116079385.673157,37.116079385673,3.515750590880e-06
37116079571.253830,37.116079571254,3.542085017618e-06
37116079756.834503,37.116079756835,3.568527485809e-06
37116079942.415176,37.116079942415,3.595077474965e-06
37116080127.995850,37.116080127996,3.621734452624e-06
37116080313.576530,37.116080313577,3.648497875420e-06
37116080499.157204,37.116080499157,3.675367184639e-06
37116080684.737877,37.116080684738,3.702341812792e-06
37116080870.318550,37.116080870319,3.729421179182e-06
37116081055.899223,37.116081055899,3.756604690974e-06
37116081241.479897,37.116081241480,3.783891743165e-06
37116081427.060570,37.116081427061,3.811281718557e-06
37116081612.641251,37.116081612641,3.838773988861e-06
37116081798.221924,37.116081798222,3.866367910146e-06
37116081983.802597,37.116081983803,3.894062829602e-06
37116082169.383270,37.116082169383,3.921858080993e-06
37116082354.963943,37.116082354964,3.949752985768e-06
37116082540.544617,37.116082540545,3.977746853043e-06
37116082726.125298,37.116082726125,4.005838980734e-06
37116082911.705971,37.116082911706,4.034028650921e-06
37116083097.286644,37.116083097287,4.062315136761e-06
37116083282.867317,37.116083282867,4.090697697858e-06
37116083468.447990,37.116083468448,4.119175581401e-06
37116083654.028664,37.116083654029,4.147748022157e-06
37116083839.609337,37.116083839609,4.176414242457e-06
37116084025.190018,37.116084025190,4.205173453377e-06
37116084210.770691,37.116084210771,4.234024849992e-06
37116084396.351364,37.116084396351,4.262967618471e-06
37116084581.932037,37.116084581932,4.292000931342e-06
37116084767.512711,37.116084767513,4.321123948676e-06
37116084953.093384,37.116084953093,4.350335818081e-06
37116085138.674057,37.116085138674,4.379635674708e-06
37116085324.254738,37.116085324255,4.409022642460e-06
37116085509.835411,37.116085509835,4.438495829161e-06
37116085695.416084,37.116085695416,4.468054333809e-06
37116085880.996758,37.116085880997,4.497697241760e-06
37116086066.577431,37.116086066577,4.527423625936e-06
37116086252.158104,37.116086252158,4.557232546839e-06
37116086437.738785,37.116086437739,4.587123053794e-06
37116086623.319458,37.116086623319,4.617094180044e-06
37116086808.900131,37.116086808900,4.647144950137e-06
37116086994.480804,37.116086994481,4.677274375034e-06
37116087180.061478,37.116087180061,4.707481453350e-06
37116087365.642151,37.116087365642,4.737765171381e-06
37116087551.222824,37.116087551223,4.768124503120e-06
37116087736.803505,37.116087736804,4.798558411537e-06
37116087922.384178,37.116087922384,4.829065843596e-06
37116088107.964851,37.116088107965,4.859645737789e-06
37116088293.545525,37.116088293546,4.890297019163e-06
37116088479.126198,37.116088479126,4.921018600602e-06
37116088664.706871,37.116088664707,4.951809382856e-06
37116088850.287544,37.116088850288,4.982668254577e-06
37116089035.868225,37.116089035868,5.013594093630e-06
37116089221.448898,37.116089221449,5.044585762036e-06
37116089407.029572,37.116089407030,5.075642113648e-06
37116089592.610245,37.116089592610,5.106761989100e-06
37116089778.190918,37.116089778191,5.137944217128e-06
37116089963.771591,37.116089963772,5.169187614607e-06
37116090149.352272,37.116090149352,5.200490987893e-06
37116090334.932945,37.116090334933,5.231853127715e-06
37116090520.513618,37.116090520514,5.263272816949e-06
37116090706.094292,37.116090706094,5.294748825523e-06
37116090891.674965,37.116090891675,5.326279911758e-06
37116091077.255638,37.116091077256,5.357864822423e-06
37116091262.836311,37.116091262836,5.389502292787e-06
37116091448.416992,37.116091448417,5.421191047989e-06
37116091633.997665,37.116091633998,5.452929797880e-06
37116091819.578339,37.116091819578,5.484717244905e-06
37116092005.159012,37.116092005159,5.516552078953e-06
37116092190.739685,37.116092190740,5.548432978733e-06
37116092376.320358,37.116092376320,5.580358611832e-06
37116092561.901039,37.116092561901,5.612327636106e-06
37116092747.481712,37.116092747482,5.644338694493e-06
37116092933.062386,37.116092933062,5.676390422964e-06
37116093118.643059,37.116093118643,5.708481445351e-06
37116093304.223732,37.116093304224,5.740610374733e-06
37116093489.804405,37.116093489804,5.772775813513e-06
37116093675.385078,37.116093675385,5.804976353502e-06
37116093860.965759,37.116093860966,5.837210577323e-06
37116094046.546432,37.116094046546,5.869477053193e-06
37116094232.127106,37.116094232127,5.901774342963e-06
37116094417.707779,37.116094417708,5.934100996901e-06
37116094603.288452,37.116094603288,5.966455555109e-06
37116094788.869125,37.116094788869,5.998836547612e-06
37116094974.449799,37.116094974450,6.031242494451e-06
37116095160.030479,37.116095160030,6.063671907109e-06
37116095345.611153,37.116095345611,6.096123283278e-06
37116095531.191826,37.116095531192,6.128595114950e-06
37116095716.772499,37.116095716772,6.161085883190e-06
37116095902.353172,37.116095902353,6.193594059565e-06
37116096087.933846,37.116096087934,6.226118106251e-06
37116096273.514526,37.116096273515,6.258656477473e-06
37116096459.095200,37.116096459095,6.291207614259e-06
37116096644.675873,37.116096644676,6.323769952581e-06
37116096830.256546,37.116096830257,6.356341918104e-06
37116097015.837219,37.116097015837,6.388921927644e-06
37116097201.417892,37.116097201418,6.421508389276e-06
37116097386.998566,37.116097386999,6.454099702451e-06
37116097572.579247,37.116097572579,6.486694259453e-06
37116097758.159920,37.116097758160,6.519290440153e-06
37116097943.740593,37.116097943741,6.551886620174e-06
37116098129.321266,37.116098129321,6.584481165649e-06
37116098314.901939,37.116098314902,6.617072434686e-06
37116098500.482613,37.116098500483,6.649658777493e-06
37116098686.063293,37.116098686063,6.682238537839e-06
37116098871.643967,37.116098871644,6.714810047831e-06
37116099057.224640,37.116099057225,6.747371636076e-06
37116099242.805313,37.116099242805,6.779921622454e-06
37116099428.385986,37.116099428386,6.812458319593e-06
37116099613.966660,37.116099613967,6.844980033000e-06
37116099799.547333,37.116099799547,6.877485061197e-06
37116099985.128014,37.116099985128,6.909971697196e-06
37116100170.708687,37.116100170709,6.942438223295e-06
37116100356.289360,37.116100356289,6.974882919230e-06
37116100541.870033,37.116100541870,7.007304056974e-06
37116100727.450706,37.116100727451,7.039699902218e-06
37116100913.031380,37.116100913031,7.072068714516e-06
37116101098.612053,37.116101098612,7.104408747428e-06
37116101284.192734,37.116101284193,7.136718249997e-06
37116101469.773407,37.116101469773,7.168995461585e-06
37116101655.354080,37.116101655354,7.201238619995e-06
37116101840.934753,37.116101840935,7.233445956308e-06
37116102026.515427,37.116102026515,7.265615696362e-06
37116102212.096100,37.116102212096,7.297746060910e-06
37116102397.676781,37.116102397677,7.329835267091e-06
37116102583.257454,37.116102583257,7.361881523314e-06
37116102768.838127,37.116102768838,7.393883037331e-06
37116102954.418800,37.116102954419,7.425838011119e-06
37116103139.999474,37.116103139999,7.457744642357e-06
37116103325.580147,37.116103325580,7.489601124593e-06
37116103511.160820,37.116103511161,7.521405647405e-06
37116103696.741501,37.116103696742,7.553156397870e-06
37116103882.322174,37.116103882322,7.584851555507e-06
37116104067.902847,37.116104067903,7.616489300285e-06
37116104253.483521,37.116104253484,7.648067807556e-06
37116104439.064194,37.116104439064,7.679585249539e-06
37116104624.644867,37.116104624645,7.711039795487e-06
37116104810.225548,37.116104810226,7.742429613147e-06
37116104995.806221,37.116104995806,7.773752863773e-06
37116105181.386894,37.116105181387,7.805007710044e-06
37116105366.967567,37.116105366968,7.836192311071e-06
37116105552.548241,37.116105552548,7.867304823868e-06
37116105738.128914,37.116105738129,7.898343403522e-06
37116105923.709587,37.116105923710,7.929306203379e-06
37116106109.290268,37.116106109290,7.960191376481e-06
37116106294.870941,37.116106294871,7.990997070676e-06
37116106480.451614,37.116106480452,8.021721436414e-06
37116106666.032288,37.116106666032,8.052362621844e-06
37116106851.612961,37.116106851613,8.082918774271e-06
37116107037.193634,37.116107037194,8.113388040334e-06
37116107222.774307,37.116107222774,8.143768566192e-06
37116107408.354988,37.116107408355,8.174058498949e-06
37116107593.935661,37.116107593936,8.204255981865e-06
37116107779.516335,37.116107779516,8.234359162009e-06
37116107965.097008,37.116107965097,8.264366185462e-06
37116108150.677681,37.116108150678,8.294275198751e-06
37116108336.258354,37.116108336258,8.324084349036e-06
37116108521.839035,37.116108521839,8.353791785518e-06
37116108707.419708,37.116108707420,8.383395654744e-06
37116108893.000381,37.116108893000,8.412894108126e-06
37116109078.581055,37.116109078581,8.442285297241e-06
37116109264.161728,37.116109264162,8.471567375243e-06
37116109449.742401,37.116109449742,8.500738497057e-06
37116109635.323074,37.116109635323,8.529796819565e-06
37116109820.903755,37.116109820904,8.558740502987e-06
37116110006.484428,37.116110006484,8.587567706321e-06
37116110192.065102,37.116110192065,8.616276594669e-06
37116110377.645775,37.116110377646,8.644865334670e-06
37116110563.226448,37.116110563226,8.673332095882e-06
37116110748.807121,37.116110748807,8.701675050977e-06
37116110934.387794,37.116110934388,8.729892375931e-06
37116111119.968475,37.116111119968,8.757982251374e-06
37116111305.549149,37.116111305549,8.785942858168e-06
37116111491.129822,37.116111491130,8.813772384527e-06
37116111676.710495,37.116111676710,8.841469021590e-06
37116111862.291168,37.116111862291,8.869030964773e-06
37116112047.871841,37.116112047872,8.896456413960e-06
37116112233.452522,37.116112233453,8.923743574818e-06
37116112419.033195,37.116112419033,8.950890654509e-06
37116112604.613869,37.116112604614,8.977895868617e-06
37116112790.194542,37.116112790195,9.004757436845e-06
37116112975.775215,37.116112975775,9.031473584341e-06
37116113161.355888,37.116113161356,9.058042541883e-06
37116113346.936562,37.116113346937,9.084462546081e-06
37116113532.517242,37.116113532517,9.110731840642e-06
37116113718.097916,37.116113718098,9.136848672252e-06
37116113903.678589,37.116113903679,9.162811297251e-06
37116114089.259262,37.116114089259,9.188617977497e-06
37116114274.839935,37.116114274840,9.214266981643e-06
37116114460.420609,37.116114460421,9.239756585329e-06
37116114646.001289,37.116114646001,9.265085072414e-06
37116114831.581963,37.116114831582,9.290250731007e-06
37116115017.162636,37.116115017163,9.315251859907e-06
37116115202.743309,37.116115202743,9.340086764625e-06
37116115388.323982,37.116115388324,9.364753758613e-06
37116115573.904655,37.116115573905,9.389251163458e-06
37116115759.485329,37.116115759485,9.413577309075e-06
37116115945.066010,37.116115945066,9.437730534876e-06
37116116130.646683,37.116116130647,9.461709186003e-06
37116116316.227356,37.116116316227,9.485511619469e-06
37116116501.808029,37.116116501808,9.509136200365e-06
37116116687.388702,37.116116687389,9.532581303049e-06
37116116872.969376,37.116116872969,9.555845311325e-06
37116117058.550049,37.116117058550,9.578926618631e-06
37116117244.130730,37.116117244131,9.601823629163e-06
37116117429.711403,37.116117429711,9.624534754296e-06
37116117615.292076,37.116117615292,9.647058418420e-06
37116117800.872749,37.116117800873,9.669393055344e-06
37116117986.453423,37.116117986453,9.691537109428e-06
37116118172.034096,37.116118172034,9.713489035757e-06
37116118357.614777,37.116118357615,9.735247301216e-06
37116118543.195450,37.116118543195,9.756810381093e-06
37116118728.776123,37.116118728776,9.778176764628e-06
37116118914.356796,37.116118914357,9.799344951602e-06
37116119099.937469,37.116119099937,9.820313453409e-06
37116119285.518143,37.116119285518,9.841080793232e-06
37116119471.098816,37.116119471099,9.861645506215e-06
37116119656.679497,37.116119656679,9.882006140469e-06
37116119842.260170,37.116119842260,9.902161253901e-06
37116120027.840843,37.116120027841,9.922109419407e-06
37116120213.421516,37.116120213422,9.941849221686e-06
37116120399.002190,37.116120399002,9.961379258244e-06
37116120584.582863,37.116120584583,9.980698139562e-06
37116120770.163544,37.116120770164,9.999804490044e-06
37116120955.744217,37.116120955744,1.001869694504e-05
37116121141.324890,37.116121141325,1.003737415574e-05
37116121326.905563,37.116121326906,1.005583478614e-05
37116121512.486237,37.116121512486,1.007407751406e-05
37116121698.066910,37.116121698067,1.009210103122e-05
37116121883.647583,37.116121883648,1.010990404348e-05
37116122069.228264,37.116122069228,1.012748527164e-05
37116122254.808937,37.116122254809,1.014484344875e-05
37116122440.389610,37.116122440390,1.016197732460e-05
37116122625.970284,37.116122625970,1.017888566296e-05
37116122811.550957,37.116122811551,1.019556724245e-05
37116122997.131630,37.116122997132,1.021202085669e-05
37116123182.712303,37.116123182712,1.022824531446e-05
37116123368.292984,37.116123368293,1.024423944048e-05
37116123553.873657,37.116123553874,1.026000207293e-05
37116123739.454330,37.116123739454,1.027553206757e-05
37116123925.035004,37.116123925035,1.029082829517e-05
37116124110.615677,37.116124110616,1.030588964239e-05
37116124296.196350,37.116124296196,1.032071501184e-05
37116124481.777031,37.116124481777,1.033530332287e-05
37116124667.357704,37.116124667358,1.034965350928e-05
37116124852.938377,37.116124852938,1.036376452304e-05
37116125038.519051,37.116125038519,1.037763533204e-05
37116125224.099724,37.116125224100,1.039126492079e-05
37116125409.680397,37.116125409680,1.040465229056e-05
37116125595.261070,37.116125595261,1.041779645951e-05
37116125780.841751,37.116125780842,1.043069646331e-05
37116125966.422424,37.116125966422,1.044335135317e-05
37116126152.003098,37.116126152003,1.045576019912e-05
37116126337.583771,37.116126337584,1.046792208800e-05
37116126523.164444,37.116126523164,1.047983612413e-05
37116126708.745117,37.116126708745,1.049150142937e-05
37116126894.325790,37.116126894326,1.050291714328e-05
37116127079.906471,37.116127079906,1.051408242364e-05
37116127265.487144,37.116127265487,1.052499644475e-05
37116127451.067818,37.116127451068,1.053565840029e-05
37116127636.648491,37.116127636648,1.054606750154e-05
37116127822.229164,37.116127822229,1.055622297799e-05
37116128007.809837,37.116128007810,1.056612407739e-05
37116128193.390518,37.116128193391,1.057577006626e-05
37116128378.971191,37.116128378971,1.058516022840e-05
37116128564.551865,37.116128564552,1.059429386735e-05
37116128750.132538,37.116128750133,1.060317030490e-05
37116128935.713211,37.116128935713,1.061178888154e-05
37116129121.293884,37.116129121294,1.062014895658e-05
37116129306.874557,37.116129306875,1.062824990821e-05
37116129492.455238,37.116129492455,1.063609113389e-05
37116129678.035912,37.116129678036,1.064367204915e-05
37116129863.616585,37.116129863617,1.065099208961e-05
37116130049.197258,37.116130049197,1.065805070974e-05
37116130234.777931,37.116130234778,1.066484738323e-05
37116130420.358604,37.116130420359,1.067138160312e-05
37116130605.939285,37.116130605939,1.067765288204e-05
37116130791.519958,37.116130791520,1.068366075130e-05
37116130977.100632,37.116130977101,1.068940476248e-05
37116131162.681305,37.116131162681,1.069488448644e-05
37116131348.261978,37.116131348262,1.070009951366e-05
37116131533.842651,37.116131533843,1.070504945424e-05
37116131719.423325,37.116131719423,1.070973393801e-05
37116131905.004005,37.116131905004,1.071415261470e-05
37116132090.584679,37.116132090585,1.071830515331e-05
37116132276.165352,37.116132276165,1.072219124321e-05
37116132461.746025,37.116132461746,1.072581059347e-05
37116132647.326698,37.116132647327,1.072916293303e-05
37116132832.907372,37.116132832907,1.073224801082e-05
37116133018.488045,37.116133018488,1.073506559570e-05
37116133204.068726,37.116133204069,1.073761547665e-05
37116133389.649399,37.116133389649,1.073989746238e-05
37116133575.230072,37.116133575230,1.074191138194e-05
37116133760.810745,37.116133760811,1.074365708436e-05
37116133946.391418,37.116133946391,1.074513443877e-05
37116134131.972092,37.116134131972,1.074634333439e-05
37116134317.552773,37.116134317553,1.074728368060e-05
37116134503.133446,37.116134503133,1.074795540681e-05
37116134688.714119,37.116134688714,1.074835846269e-05
37116134874.294792,37.116134874295,1.074849281801e-05
37116135059.875465,37.116135059875,1.074835846269e-05
37116135245.456139,37.116135245456,1.074795540681e-05
37116135431.036812,37.116135431037,1.074728368060e-05
37116135616.617493,37.116135616617,1.074634333439e-05
37116135802.198166,37.116135802198,1.074513443877e-05
37116135987.778839,37.116135987779,1.074365708436e-05
37116136173.359512,37.116136173360,1.074191138194e-05
37116136358.940186,37.116136358940,1.073989746238e-05
37116136544.520859,37.116136544521,1.073761547665e-05
37116136730.101540,37.116136730102,1.073506559570e-05
37116136915.682213,37.116136915682,1.073224801082e-05
37116137101.262886,37.116137101263,1.072916293303e-05
37116137286.843559,37.116137286844,1.072581059347e-05
37116137472.424232,37.116137472424,1.072219124321e-05
37116137658.004906,37.116137658005,1.071830515331e-05
37116137843.585579,37.116137843586,1.071415261470e-05
37116138029.166260,37.116138029166,1.070973393801e-05
37116138214.746933,37.116138214747,1.070504945424e-05
37116138400.327606,37.116138400328,1.070009951366e-05
37116138585.908279,37.116138585908,1.069488448644e-05
37116138771.488953,37.116138771489,1.068940476248e-05
37116138957.069626,37.116138957070,1.068366075130e-05
37116139142.650299,37.116139142650,1.067765288204e-05
37116139328.230980,37.116139328231,1.067138160312e-05
37116139513.811653,37.116139513812,1.066484738323e-05
37116139699.392326,37.116139699392,1.065805070974e-05
37116139884.973000,37.116139884973,1.065099208961e-05
37116140070.553673,37.116140070554,1.064367204915e-05
37116140256.134346,37.116140256134,1.063609113389e-05
37116140441.715027,37.116140441715,1.062824990821e-05
37116140627.295700,37.116140627296,1.062014895658e-05
37116140812.876373,37.116140812876,1.061178888154e-05
37116140998.457047,37.116140998457,1.060317030490e-05
37116141184.037720,37.116141184038,1.059429386735e-05
37116141369.618393,37.116141369618,1.058516022840e-05
37116141555.199066,37.116141555199,1.057577006626e-05
37116141740.779747,37.116141740780,1.056612407739e-05
37116141926.360420,37.116141926360,1.055622297799e-05
37116142111.941093,37.116142111941,1.054606750154e-05
37116142297.521767,37.116142297522,1.053565840029e-05
37116142483.102440,37.116142483102,1.052499644475e-05
37116142668.683113,37.116142668683,1.051408242364e-05
37116142854.263794,37.116142854264,1.050291714328e-05
37116143039.844467,37.116143039844,1.049150142937e-05
37116143225.425140,37.116143225425,1.047983612413e-05
37116143411.005814,37.116143411006,1.046792208800e-05
37116143596.586487,37.116143596586,1.045576019912e-05
37116143782.167160,37.116143782167,1.044335135317e-05
37116143967.747833,37.116143967748,1.043069646331e-05
37116144153.328514,37.116144153329,1.041779645951e-05
37116144338.909187,37.116144338909,1.040465229056e-05
37116144524.489861,37.116144524490,1.039126492079e-05
37116144710.070534,37.116144710071,1.037763533204e-05
37116144895.651207,37.116144895651,1.036376452304e-05
37116145081.231880,37.116145081232,1.034965350928e-05
37116145266.812553,37.116145266813,1.033530332287e-05
37116145452.393234,37.116145452393,1.032071501184e-05
37116145637.973907,37.116145637974,1.030588964239e-05
37116145823.554581,37.116145823555,1.029082829517e-05
37116146009.135254,37.116146009135,1.027553206757e-05
37116146194.715927,37.116146194716,1.026000207293e-05
37116146380.296600,37.116146380297,1.024423944048e-05
37116146565.877281,37.116146565877,1.022824531446e-05
37116146751.457954,37.116146751458,1.021202085669e-05
37116146937.038628,37.116146937039,1.019556724245e-05
37116147122.619301,37.116147122619,1.017888566296e-05
37116147308.199974,37.116147308200,1.016197732460e-05
37116147493.780647,37.116147493781,1.014484344875e-05
37116147679.361320,37.116147679361,1.012748527164e-05
37116147864.942001,37.116147864942,1.010990404348e-05
37116148050.522675,37.116148050523,1.009210103122e-05
37116148236.103348,37.116148236103,1.007407751406e-05
37116148421.684021,37.116148421684,1.005583478614e-05
37116148607.264694,37.116148607265,1.003737415574e-05
37116148792.845367,37.116148792845,1.001869694504e-05
37116148978.426041,37.116148978426,9.999804490044e-06
37116149164.006721,37.116149164007,9.980698139562e-06
37116149349.587395,37.116149349587,9.961379258244e-06
37116149535.168068,37.116149535168,9.941849221686e-06
37116149720.748741,37.116149720749,9.922109419407e-06
37116149906.329414,37.116149906329,9.902161253901e-06
37116150091.910088,37.116150091910,9.882006140469e-06
37116150277.490768,37.116150277491,9.861645506215e-06
37116150463.071442,37.116150463071,9.841080793232e-06
37116150648.652115,37.116150648652,9.820313453409e-06
37116150834.232788,37.116150834233,9.799344951602e-06
37116151019.813461,37.116151019813,9.778176764628e-06
37116151205.394135,37.116151205394,9.756810381093e-06
37116151390.974808,37.116151390975,9.735247301216e-06
37116151576.555489,37.116151576555,9.713489035757e-06
37116151762.136162,37.116151762136,9.691537109428e-06
37116151947.716835,37.116151947717,9.669393055344e-06
37116152133.297508,37.116152133298,9.647058418420e-06
37116152318.878181,37.116152318878,9.624534754296e-06
37116152504.458855,37.116152504459,9.601823629163e-06
37116152690.039536,37.116152690040,9.578926618631e-06
37116152875.620209,37.116152875620,9.555845311325e-06
37116153061.200882,37.116153061201,9.532581303049e-06
37116153246.781555,37.116153246782,9.509136200365e-06
37116153432.362228,37.116153432362,9.485511619469e-06
37116153617.942902,37.116153617943,9.461709186003e-06
37116153803.523575,37.116153803524,9.437730534876e-06
37116153989.104256,37.116153989104,9.413577309075e-06
37116154174.684929,37.116154174685,9.389251163458e-06
37116154360.265602,37.116154360266,9.364753758613e-06
37116154545.846275,37.116154545846,9.340086764625e-06
37116154731.426949,37.116154731427,9.315251859907e-06
37116154917.007622,37.116154917008,9.290250731007e-06
37116155102.588295,37.116155102588,9.265085072414e-06
37116155288.168976,37.116155288169,9.239756585329e-06
37116155473.749649,37.116155473750,9.214266981643e-06
37116155659.330322,37.116155659330,9.188617977497e-06
37116155844.910995,37.116155844911,9.162811297251e-06
37116156030.491669,37.116156030492,9.136848672252e-06
37116156216.072342,37.116156216072,9.110731840642e-06
37116156401.653023,37.116156401653,9.084462546081e-06
37116156587.233696,37.116156587234,9.058042541883e-06
37116156772.814369,37.116156772814,9.031473584341e-06
37116156958.395042,37.116156958395,9.004757436845e-06
37116157143.975716,37.116157143976,8.977895868617e-06
37116157329.556389,37.116157329556,8.950890654509e-06
37116157515.137062,37.116157515137,8.923743574818e-06
37116157700.717743,37.116157700718,8.896456413960e-06
37116157886.298416,37.116157886298,8.869030964773e-06
37116158071.879089,37.116158071879,8.841469021590e-06
37116158257.459763,37.116158257460,8.813772384527e-06
37116158443.040436,37.116158443040,8.785942858168e-06
37116158628.621109,37.116158628621,8.757982251374e-06
37116158814.201790,37.116158814202,8.729892375931e-06
37116158999.782463,37.116158999782,8.701675050977e-06
37116159185.363136,37.116159185363,8.673332095882e-06
37116159370.943810,37.116159370944,8.644865334670e-06
37116159556.524483,37.116159556524,8.616276594669e-06
37116159742.105156,37.116159742105,8.587567706321e-06
37116159927.685829,37.116159927686,8.558740502987e-06
37116160113.266510,37.116160113267,8.529796819565e-06
37116160298.847183,37.116160298847,8.500738497057e-06
37116160484.427856,37.116160484428,8.471567375243e-06
37116160670.008530,37.116160670009,8.442285297241e-06
37116160855.589203,37.116160855589,8.412894108126e-06
37116161041.169876,37.116161041170,8.383395654744e-06
37116161226.750549,37.116161226751,8.353791785518e-06
37116161412.331230,37.116161412331,8.324084349036e-06
37116161597.911903,37.116161597912,8.294275198751e-06
37116161783.492577,37.116161783493,8.264366185462e-06
37116161969.073250,37.116161969073,8.234359162009e-06
37116162154.653923,37.116162154654,8.204255981865e-06
37116162340.234596,37.116162340235,8.174058498949e-06
37116162525.815277,37.116162525815,8.143768566192e-06
37116162711.395950,37.116162711396,8.113388040334e-06
37116162896.976624,37.116162896977,8.082918774271e-06
37116163082.557297,37.116163082557,8.052362621844e-06
37116163268.137970,37.116163268138,8.021721436414e-06
37116163453.718643,37.116163453719,7.990997070676e-06
37116163639.299316,37.116163639299,7.960191376481e-06
37116163824.879997,37.116163824880,7.929306203379e-06
37116164010.460670,37.116164010461,7.898343403522e-06
37116164196.041344,37.116164196041,7.867304823868e-06
37116164381.622017,37.116164381622,7.836192311071e-06
37116164567.202690,37.116164567203,7.805007710044e-06
37116164752.783363,37.116164752783,7.773752863773e-06
37116164938.364037,37.116164938364,7.742429613147e-06
37116165123.944717,37.116165123945,7.711039795487e-06
37116165309.525391,37.116165309525,7.679585249539e-06
37116165495.106064,37.116165495106,7.648067807556e-06
37116165680.686737,37.116165680687,7.616489300285e-06
37116165866.267410,37.116165866267,7.584851555507e-06
37116166051.848083,37.116166051848,7.553156397870e-06
37116166237.428764,37.116166237429,7.521405647405e-06
37116166423.009438,37.116166423009,7.489601124593e-06
37116166608.590111,37.116166608590,7.457744642357e-06
37116166794.170784,37.116166794171,7.425838011119e-06
37116166979.751457,37.116166979751,7.393883037331e-06
37116167165.332130,37.116167165332,7.361881523314e-06
37116167350.912804,37.116167350913,7.329835267091e-06
37116167536.493484,37.116167536493,7.297746060910e-06
37116167722.074158,37.116167722074,7.265615696362e-06
37116167907.654831,37.116167907655,7.233445956308e-06
37116168093.235504,37.116168093236,7.201238619995e-06
37116168278.816177,37.116168278816,7.168995461585e-06
37116168464.396851,37.116168464397,7.136718249997e-06
37116168649.977531,37.116168649978,7.104408747428e-06
37116168835.558205,37.116168835558,7.072068714516e-06
37116169021.138878,37.116169021139,7.039699902218e-06
37116169206.719551,37.116169206720,7.007304056974e-06
37116169392.300224,37.116169392300,6.974882919230e-06
37116169577.880898,37.116169577881,6.942438223295e-06
37116169763.461571,37.116169763462,6.909971697196e-06
37116169949.042252,37.116169949042,6.877485061197e-06
37116170134.622925,37.116170134623,6.844980033000e-06
37116170320.203598,37.116170320204,6.812458319593e-06
37116170505.784271,37.116170505784,6.779921622454e-06
37116170691.364944,37.116170691365,6.747371636076e-06
37116170876.945618,37.116170876946,6.714810047831e-06
37116171062.526291,37.116171062526,6.682238537839e-06
37116171248.106972,37.116171248107,6.649658777493e-06
37116171433.687645,37.116171433688,6.617072434686e-06
37116171619.268318,37.116171619268,6.584481165649e-06
37116171804.848991,37.116171804849,6.551886620174e-06
37116171990.429665,37.116171990430,6.519290440153e-06
37116172176.010338,37.116172176010,6.486694259453e-06
37116172361.591019,37.116172361591,6.454099702451e-06
37116172547.171692,37.116172547172,6.421508389276e-06
37116172732.752365,37.116172732752,6.388921927644e-06
37116172918.333038,37.116172918333,6.356341918104e-06
37116173103.913712,37.116173103914,6.323769952581e-06
37116173289.494385,37.116173289494,6.291207614259e-06
37116173475.075058,37.116173475075,6.258656477473e-06
37116173660.655739,37.116173660656,6.226118106251e-06
37116173846.236412,37.116173846236,6.193594059565e-06
37116174031.817085,37.116174031817,6.161085883190e-06
37116174217.397758,37.116174217398,6.128595114950e-06
37116174402.978432,37.116174402978,6.096123283278e-06
37116174588.559105,37.116174588559,6.063671907109e-06
37116174774.139786,37.116174774140,6.031242494451e-06
37116174959.720459,37.116174959720,5.998836547612e-06
37116175145.301132,37.116175145301,5.966455555109e-06
37116175330.881805,37.116175330882,5.934100996901e-06
37116175516.462479,37.116175516462,5.901774342963e-06
37116175702.043152,37.116175702043,5.869477053193e-06
37116175887.623825,37.116175887624,5.837210577323e-06
37116176073.204506,37.116176073205,5.804976353502e-06
37116176258.785179,37.116176258785,5.772775813513e-06
37116176444.365852,37.116176444366,5.740610374733e-06
37116176629.946526,37.116176629947,5.708481445351e-06
37116176815.527199,37.116176815527,5.676390422964e-06
37116177001.107872,37.116177001108,5.644338694493e-06
37116177186.688545,37.116177186689,5.612327636106e-06
37116177372.269226,37.116177372269,5.580358611832e-06
37116177557.849899,37.116177557850,5.548432978733e-06
37116177743.430573,37.116177743431,5.516552078953e-06
37116177929.011246,37.116177929011,5.484717244905e-06
37116178114.591919,37.116178114592,5.452929797880e-06
37116178300.172592,37.116178300173,5.421191047989e-06
37116178485.753273,37.116178485753,5.389502292787e-06
37116178671.333946,37.116178671334,5.357864822423e-06
37116178856.914619,37.116178856915,5.326279911758e-06
37116179042.495293,37.116179042495,5.294748825523e-06
37116179228.075966,37.116179228076,5.263272816949e-06
37116179413.656639,37.116179413657,5.231853127715e-06
37116179599.237312,37.116179599237,5.200490987893e-06
37116179784.817993,37.116179784818,5.169187614607e-06
37116179970.398666,37.116179970399,5.137944217128e-06
37116180155.979340,37.116180155979,5.106761989100e-06
37116180341.560013,37.116180341560,5.075642113648e-06
37116180527.140686,37.116180527141,5.044585762036e-06
37116180712.721359,37.116180712721,5.013594093630e-06
37116180898.302040,37.116180898302,4.982668254577e-06
37116181083.882713,37.116181083883,4.951809382856e-06
37116181269.463387,37.116181269463,4.921018600602e-06
37116181455.044060,37.116181455044,4.890297019163e-06
37116181640.624733,37.116181640625,4.859645737789e-06
37116181826.205406,37.116181826205,4.829065843596e-06
37116182011.786079,37.116182011786,4.798558411537e-06
37116182197.366760,37.116182197367,4.768124503120e-06
37116182382.947433,37.116182382947,4.737765171381e-06
37116182568.528107,37.116182568528,4.707481453350e-06
37116182754.108780,37.116182754109,4.677274375034e-06
37116182939.689453,37.116182939689,4.647144950137e-06
37116183125.270126,37.116183125270,4.617094180044e-06
37116183310.850800,37.116183310851,4.587123053794e-06
37116183496.431480,37.116183496431,4.557232546839e-06
37116183682.012154,37.116183682012,4.527423625936e-06
37116183867.592827,37.116183867593,4.497697241760e-06
37116184053.173500,37.116184053173,4.468054333809e-06
37116184238.754173,37.116184238754,4.438495829161e-06
37116184424.334846,37.116184424335,4.409022642460e-06
37116184609.915527,37.116184609916,4.379635674708e-06
37116184795.496201,37.116184795496,4.350335818081e-06
37116184981.076874,37.116184981077,4.321123948676e-06
37116185166.657547,37.116185166658,4.292000931342e-06
37116185352.238220,37.116185352238,4.262967618471e-06
37116185537.818893,37.116185537819,4.234024849992e-06
37116185723.399567,37.116185723400,4.205173453377e-06
37116185908.980247,37.116185908980,4.176414242457e-06
37116186094.560921,37.116186094561,4.147748022157e-06
37116186280.141594,37.116186280142,4.119175581401e-06
37116186465.722267,37.116186465722,4.090697697858e-06
37116186651.302940,37.116186651303,4.062315136761e-06
37116186836.883614,37.116186836884,4.034028650921e-06
37116187022.464287,37.116187022464,4.005838980734e-06
37116187208.044968,37.116187208045,3.977746853043e-06
37116187393.625641,37.116187393626,3.949752985768e-06
37116187579.206314,37.116187579206,3.921858080993e-06
37116187764.786987,37.116187764787,3.894062829602e-06
37116187950.367661,37.116187950368,3.866367910146e-06
37116188135.948334,37.116188135948,3.838773988861e-06
37116188321.529015,37.116188321529,3.811281718557e-06
37116188507.109688,37.116188507110,3.783891743165e-06
37116188692.690361,37.116188692690,3.756604690974e-06
37116188878.271034,37.116188878271,3.729421179182e-06
37116189063.851707,37.116189063852,3.702341812792e-06
37116189249.432381,37.116189249432,3.675367184639e-06
37116189435.013054,37.116189435013,3.648497875420e-06
37116189620.593735,37.116189620594,3.621734452624e-06
37116189806.174408,37.116189806174,3.595077474965e-06
37116189991.755081,37.116189991755,3.568527485809e-06
37116190177.335754,37.116190177336,3.542085017618e-06
37116190362.916428,37.116190362916,3.515750590880e-06
37116190548.497101,37.116190548497,3.489524714145e-06
37116190734.077782,37.116190734078,3.463407882996e-06
37116190919.658455,37.116190919658,3.437400584376e-06
37116191105.239128,37.116191105239,3.411503290186e-06
37116191290.819801,37.116191290820,3.385716461625e-06
37116191476.400475,37.116191476400,3.360040548160e-06
37116191661.981148,37.116191661981,3.334475987566e-06
37116191847.561821,37.116191847562,3.309023205976e-06
37116192033.142502,37.116192033143,3.283682616883e-06
37116192218.723175,37.116192218723,3.258454625350e-06
37116192404.303848,37.116192404304,3.233339621813e-06
37116192589.884521,37.116192589885,3.208337986294e-06
37116192775.465195,37.116192775465,3.183450087414e-06
37116192961.045868,37.116192961046,3.158676282443e-06
37116193146.626541,37.116193146627,3.134016917348e-06
37116193332.207222,37.116193332207,3.109472325848e-06
37116193517.787895,37.116193517788,3.085042833491e-06
37116193703.368568,37.116193703369,3.060728751662e-06
37116193888.949242,37.116193888949,3.036530381676e-06
37116194074.529915,37.116194074530,3.012448013827e-06
37116194260.110588,37.116194260111,2.988481927444e-06
37116194445.691269,37.116194445691,2.964632389973e-06
37116194631.271942,37.116194631272,2.940899660953e-06
37116194816.852615,37.116194816853,2.917283986198e-06
37116195002.433289,37.116195002433,2.893785601778e-06
37116195188.013962,37.116195188014,2.870404733108e-06
37116195373.594635,37.116195373595,2.847141595002e-06
37116195559.175308,37.116195559175,2.823996391745e-06
37116195744.755989,37.116195744756,2.800969316210e-06
37116195930.336662,37.116195930337,2.778060553705e-06
37116196115.917336,37.116196115917,2.755270276362e-06
37116196301.498009,37.116196301498,2.732598646993e-06
37116196487.078682,37.116196487079,2.710045818214e-06
37116196672.659355,37.116196672659,2.687611932505e-06
37116196858.240036,37.116196858240,2.665297121373e-06
37116197043.820709,37.116197043821,2.643101509084e-06
37116197229.401382,37.116197229401,2.621025207226e-06
37116197414.982056,37.116197414982,2.599068318461e-06
37116197600.562729,37.116197600563,2.577230935671e-06
37116197786.143402,37.116197786143,2.555513142036e-06
37116197971.724075,37.116197971724,2.533915011102e-06
37116198157.304756,37.116198157305,2.512436605981e-06
37116198342.885429,37.116198342885,2.491077982945e-06
37116198528.466103,37.116198528466,2.469839186209e-06
37116198714.046776,37.116198714047,2.448720251539e-06
37116198899.627449,37.116198899627,2.427721205446e-06
37116199085.208122,37.116199085208,2.406842065260e-06
37116199270.788795,37.116199270789,2.386082839210e-06
37116199456.369476,37.116199456369,2.365443525651e-06
37116199641.950150,37.116199641950,2.344924116535e-06
37116199827.530823,37.116199827531,2.324524592396e-06
37116200013.111496,37.116200013111,2.304244925829e-06
37116200198.692169,37.116200198692,2.284085080717e-06
37116200384.272842,37.116200384273,2.264045012312e-06
37116200569.853523,37.116200569854,2.244124666499e-06
37116200755.434196,37.116200755434,2.224323983144e-06
37116200941.014870,37.116200941015,2.204642891265e-06
37116201126.595543,37.116201126596,2.185081312389e-06
37116201312.176216,37.116201312176,2.165639159818e-06
37116201497.756889,37.116201497757,2.146316338705e-06
37116201683.337563,37.116201683338,2.127112746140e-06
37116201868.918243,37.116201868918,2.108028270446e-06
37116202054.498917,37.116202054499,2.089062794399e-06
37116202240.079590,37.116202240080,2.070216190603e-06
37116202425.660263,37.116202425660,2.051488324711e-06
37116202611.240936,37.116202611241,2.032879054726e-06
37116202796.821609,37.116202796822,2.014388231086e-06
37116202982.402283,37.116202982402,1.996015696739e-06
37116203167.982964,37.116203167983,1.977761286491e-06
37116203353.563637,37.116203353564,1.959624830073e-06
37116203539.144310,37.116203539144,1.941606147736e-06
37116203724.724983,37.116203724725,1.923705053331e-06
37116203910.305656,37.116203910306,1.905921353646e-06
37116204095.886330,37.116204095886,1.888254848489e-06
37116204281.467010,37.116204281467,1.870705330053e-06
37116204467.047684,37.116204467048,1.853272585883e-06
37116204652.628357,37.116204652628,1.835956394629e-06
37116204838.209030,37.116204838209,1.818756529024e-06
37116205023.789703,37.116205023790,1.801672755244e-06
37116205209.370377,37.116205209370,1.784704832993e-06
37116205394.951050,37.116205394951,1.767852515586e-06
37116205580.531731,37.116205580532,1.751115549350e-06
37116205766.112404,37.116205766112,1.734493676456e-06
37116205951.693077,37.116205951693,1.717986630875e-06
37116206137.273750,37.116206137274,1.701594141217e-06
37116206322.854424,37.116206322854,1.685315930130e-06
37116206508.435097,37.116206508435,1.669151714382e-06
37116206694.015778,37.116206694016,1.653101204286e-06
37116206879.596451,37.116206879596,1.637164106424e-06
37116207065.177124,37.116207065177,1.621340119767e-06
37116207250.757797,37.116207250758,1.605628938405e-06
37116207436.338470,37.116207436338,1.590030250972e-06
37116207621.919144,37.116207621919,1.574543740724e-06
37116207807.499817,37.116207807500,1.559169085628e-06
37116207993.080498,37.116207993081,1.543905957818e-06
37116208178.661171,37.116208178661,1.528754026183e-06
37116208364.241844,37.116208364242,1.513712952687e-06
37116208549.822517,37.116208549823,1.498782394966e-06
37116208735.403191,37.116208735403,1.483962005782e-06
37116208920.983864,37.116208920984,1.469251433101e-06
37116209106.564537,37.116209106565,1.454650320184e-06
37116209292.145218,37.116209292145,1.440158305067e-06
37116209477.725891,37.116209477726,1.425775023027e-06
37116209663.306564,37.116209663307,1.411500103086e-06
37116209848.887238,37.116209848887,1.397333170483e-06
37116210034.467911,37.116210034468,1.383273846155e-06
37116210220.048584,37.116210220049,1.369321746817e-06
37116210405.629265,37.116210405629,1.355476484478e-06
37116210591.209938,37.116210591210,1.341737668793e-06
37116210776.790611,37.116210776791,1.328104903727e-06
37116210962.371284,37.116210962371,1.314577789917e-06
37116211147.951958,37.116211147952,1.301155924178e-06
37116211333.532631,37.116211333533,1.287838899584e-06
37116211519.113304,37.116211519113,1.274626305547e-06
37116211704.693985,37.116211704694,1.261517727355e-06
37116211890.274658,37.116211890275,1.248512748407e-06
37116212075.855331,37.116212075855,1.235610947053e-06
37116212261.436005,37.116212261436,1.222811898830e-06
37116212447.016678,37.116212447017,1.210115176004e-06
37116212632.597351,37.116212632597,1.197520347639e-06
37116212818.178032,37.116212818178,1.185026979168e-06
37116213003.758705,37.116213003759,1.172634634513e-06
37116213189.339378,37.116213189339,1.160342873084e-06
37116213374.920052,37.116213374920,1.148151251910e-06
37116213560.500725,37.116213560501,1.136059325196e-06
37116213746.081398,37.116213746081,1.124066644401e-06
37116213931.662071,37.116213931662,1.112172758308e-06
37116214117.242752,37.116214117243,1.100377212616e-06
37116214302.823425,37.116214302823,1.088679551947e-06
37116214488.404099,37.116214488404,1.077079317011e-06
37116214673.984772,37.116214673985,1.065576046621e-06
37116214859.565445,37.116214859565,1.054169277272e-06
37116215045.146118,37.116215045146,1.042858543222e-06
37116215230.726791,37.116215230727,1.031643376552e-06
37116215416.307472,37.116215416307,1.020523306787e-06
37116215601.888145,37.116215601888,1.009497862789e-06
37116215787.468819,37.116215787469,9.985665700814e-07
37116215973.049492,37.116215973049,9.877289527498e-07
37116216158.630165,37.116216158630,9.769845330530e-07
37116216344.210838,37.116216344211,9.663328314885e-07
37116216529.791519,37.116216529792,9.557733664278e-07
37116216715.372192,37.116216715372,9.453056559149e-07
37116216900.952866,37.116216900953,9.349292151281e-07
37116217086.533539,37.116217086534,9.246435581850e-07
37116217272.114212,37.116217272114,9.144481977714e-07
37116217457.694885,37.116217457695,9.043426452055e-07
37116217643.275558,37.116217643276,8.943264105016e-07
37116217828.856239,37.116217828856,8.843990020271e-07
37116218014.436913,37.116218014437,8.745599281935e-07
37116218200.017586,37.116218200018,8.648086950701e-07
37116218385.598259,37.116218385598,8.551448080816e-07
37116218571.178932,37.116218571179,8.455677716587e-07
37116218756.759605,37.116218756760,8.360770892992e-07
37116218942.340286,37.116218942340,8.266722632421e-07
37116219127.920959,37.116219127921,8.173527960707e-07
37116219313.501633,37.116219313502,8.081181884508e-07
37116219499.082306,37.116219499082,7.989679407392e-07
37116219684.662979,37.116219684663,7.899015526532e-07
37116219870.243652,37.116219870244,7.809185233267e-07
37116220055.824326,37.116220055824,7.720183513677e-07
37116220241.405006,37.116220241405,7.632005345523e-07
37116220426.985680,37.116220426986,7.544645713274e-07
37116220612.566353,37.116220612566,7.458099586899e-07
37116220798.147026,37.116220798147,7.372361936944e-07
37116220983.727699,37.116220983728,7.287427731423e-07
37116221169.308372,37.116221169308,7.203291936352e-07
37116221354.889046,37.116221354889,7.119949516267e-07
37116221540.469727,37.116221540470,7.037395431367e-07
37116221726.050400,37.116221726050,6.955624651570e-07
37116221911.631073,37.116221911631,6.874632136651e-07
37116222097.211746,37.116222097212,6.794412850357e-07
37116222282.792419,37.116222282792,6.714961757485e-07
37116222468.373093,37.116222468373,6.636273824373e-07
37116222653.953773,37.116222653954,6.558344016192e-07
37116222839.534447,37.116222839534,6.481167310212e-07
37116223025.115120,37.116223025115,6.404738677043e-07
37116223210.695793,37.116223210696,6.329053093949e-07
37116223396.276466,37.116223396276,6.254105542090e-07
37116223581.857140,37.116223581857,6.179891006970e-07
37116223767.437813,37.116223767438,6.106404478888e-07
37116223953.018494,37.116223953018,6.033640950399e-07
37116224138.599167,37.116224138599,5.961595428689e-07
37116224324.179840,37.116224324180,5.890262918054e-07
37116224509.760513,37.116224509761,5.819638432316e-07
37116224695.341187,37.116224695341,5.749716992240e-07
37116224880.921860,37.116224880922,5.680493625942e-07
37116225066.502533,37.116225066503,5.611963369296e-07
37116225252.083214,37.116225252083,5.544121263556e-07
37116225437.663887,37.116225437664,5.476962366885e-07
37116225623.244560,37.116225623245,5.410481738002e-07
37116225808.825233,37.116225808825,5.344674447753e-07
37116225994.405907,37.116225994406,5.279535576683e-07
37116226179.986580,37.116226179987,5.215060215408e-07
37116226365.567261,37.116226365567,5.151243462368e-07
37116226551.147934,37.116226551148,5.088080434658e-07
37116226736.728607,37.116226736729,5.025566252635e-07
37116226922.309280,37.116226922309,4.963696050792e-07
37116227107.889954,37.116227107890,4.902464975458e-07
37116227293.470627,37.116227293471,4.841868185142e-07
37116227479.051300,37.116227479051,4.781900850856e-07
37116227664.631981,37.116227664632,4.722558154018e-07
37116227850.212654,37.116227850213,4.663835296506e-07
37116228035.793327,37.116228035793,4.605727486328e-07
37116228221.374001,37.116228221374,4.548229947722e-07
37116228406.954674,37.116228406955,4.491337919002e-07
37116228592.535347,37.116228592535,4.435046652857e-07
37116228778.116028,37.116228778116,4.379351414364e-07
37116228963.696701,37.116228963697,4.324247490412e-07
37116229149.277374,37.116229149277,4.269730176242e-07
37116229334.858047,37.116229334858,4.215794784905e-07
37116229520.438721,37.116229520439,4.162436645233e-07
37116229706.019394,37.116229706019,4.109651102105e-07
37116229891.600067,37.116229891600,4.057433516700e-07
37116230077.180748,37.116230077181,4.005779264646e-07
37116230262.761421,37.116230262761,3.954683744736e-07
37116230448.342094,37.116230448342,3.904142366434e-07
37116230633.922768,37.116230633923,3.854150558625e-07
37116230819.503441,37.116230819503,3.804703767719e-07
37116231005.084114,37.116231005084,3.755797457877e-07
37116231190.664787,37.116231190665,3.707427111230e-07
37116231376.245468,37.116231376245,3.659588226148e-07
37116231561.826141,37.116231561826,3.612276325292e-07
37116231747.406815,37.116231747407,3.565486944026e-07
37116231932.987488,37.116231932987,3.519215638505e-07
37116232118.568161,37.116232118568,3.473457983896e-07
37116232304.148834,37.116232304149,3.428209574572e-07
37116232489.729515,37.116232489730,3.383466022469e-07
37116232675.310188,37.116232675310,3.339222964609e-07
37116232860.890862,37.116232860891,3.295476052239e-07
37116233046.471535,37.116233046472,3.252220958383e-07
37116233232.052208,37.116233232052,3.209453376165e-07
37116233417.632881,37.116233417633,3.167169018965e-07
37116233603.213554,37.116233603214,3.125363620589e-07
37116233788.794235,37.116233788794,3.084032933725e-07
37116233974.374908,37.116233974375,3.043172736875e-07
37116234159.955582,37.116234159956,3.002778824305e-07
37116234345.536255,37.116234345536,2.962847013002e-07
37116234531.116928,37.116234531117,2.923373141101e-07
37116234716.697601,37.116234716698,2.884353068018e-07
37116234902.278282,37.116234902278,2.845782673001e-07
37116235087.858955,37.116235087859,2.807657861579e-07
37116235273.439629,37.116235273440,2.769974556164e-07
37116235459.020302,37.116235459020,2.732728702529e-07
37116235644.600975,37.116235644601,2.695916268326e-07
37116235830.181648,37.116235830182,2.659533243185e-07
37116236015.762321,37.116236015762,2.623575638825e-07
37116236201.343002,37.116236201343,2.588039487695e-07
37116236386.923676,37.116236386924,2.552920848893e-07
37116236572.504349,37.116236572504,2.518215799495e-07
37116236758.085022,37.116236758085,2.483920440498e-07
37116236943.665695,37.116236943666,2.450030895435e-07
37116237129.246368,37.116237129246,2.416543310452e-07
37116237314.827042,37.116237314827,2.383453854380e-07
37116237500.407722,37.116237500408,2.350758717476e-07
37116237685.988396,37.116237685988,2.318454116841e-07
37116237871.569069,37.116237871569,2.286536288425e-07
37116238057.149742,37.116238057150,2.255001492477e-07
37116238242.730415,37.116238242730,2.223846012247e-07
37116238428.311089,37.116238428311,2.193066154038e-07
37116238613.891769,37.116238613892,2.162658246012e-07
37116238799.472443,37.116238799472,2.132618643224e-07
37116238985.053116,37.116238985053,2.102943720154e-07
37116239170.633789,37.116239170634,2.073629875769e-07
37116239356.214462,37.116239356214,2.044673532296e-07
37116239541.795135,37.116239541795,2.016071135251e-07
37116239727.375809,37.116239727376,1.987819153471e-07
37116239912.956490,37.116239912956,1.959914077995e-07
37116240098.537163,37.116240098537,1.932352426663e-07
37116240284.117836,37.116240284118,1.905130737246e-07
37116240469.698509,37.116240469699,1.878245572070e-07
37116240655.279182,37.116240655279,1.851693516867e-07
37116240840.859856,37.116240840860,1.825471180789e-07
37116241026.440529,37.116241026441,1.799575196410e-07
37116241212.021210,37.116241212021,1.774002218687e-07
37116241397.601883,37.116241397602,1.748748929148e-07
37116241583.182556,37.116241583183,1.723812029584e-07
37116241768.763229,37.116241768763,1.699188246262e-07
37116241954.343903,37.116241954344,1.674874328854e-07
37116242139.924576,37.116242139925,1.650867050430e-07
37116242325.505257,37.116242325505,1.627163206472e-07
37116242511.085930,37.116242511086,1.603759618744e-07
37116242696.666603,37.116242696667,1.580653129425e-07
37116242882.247276,37.116242882247,1.557840604998e-07
37116243067.827950,37.116243067828,1.535318935242e-07
37116243253.408623,37.116243253409,1.513085033206e-07
37116243438.989296,37.116243438989,1.491135835181e-07
37116243624.569977,37.116243624570,1.469468299779e-07
37116243810.150650,37.116243810151,1.448079411450e-07
37116243995.731323,37.116243995731,1.426966175103e-07
37116244181.311996,37.116244181312,1.406125619641e-07
37116244366.892670,37.116244366893,1.385554797019e-07
37116244552.473343,37.116244552473,1.365250782203e-07
37116244738.054024,37.116244738054,1.345210672304e-07
37116244923.634697,37.116244923635,1.325431589816e-07
37116245109.215370,37.116245109215,1.305910677619e-07
37116245294.796043,37.116245294796,1.286645102235e-07
37116245480.376717,37.116245480377,1.267632052946e-07
37116245665.957390,37.116245665957,1.248868741731e-07
37116245851.538063,37.116245851538,1.230352403213e-07
37116246037.118744,37.116246037119,1.212080293850e-07
37116246222.699417,37.116246222699,1.194049694868e-07
37116246408.280090,37.116246408280,1.176257907688e-07
37116246593.860764,37.116246593861,1.158702256875e-07
37116246779.441437,37.116246779441,1.141380089314e-07
37116246965.022110,37.116246965022,1.124288774143e-07
37116247150.602783,37.116247150603,1.107425702674e-07
37116247336.183464,37.116247336183,1.090788287650e-07
37116247521.764137,37.116247521764,1.074373965889e-07
37116247707.344810,37.116247707345,1.058180194108e-07
37116247892.925484,37.116247892925,1.042204451587e-07
37116248078.506157,37.116248078506,1.026444239405e-07
37116248264.086830,37.116248264087,1.010897080356e-07
37116248449.667511,37.116248449668,9.955605182394e-08
37116248635.248184,37.116248635248,9.804321202928e-08
37116248820.828857,37.116248820829,9.655094733204e-08
37116249006.409531,37.116249006410,9.507901861387e-08
37116249191.990204,37.116249191990,9.362718888527e-08
37116249377.570877,37.116249377571,9.219522327674e-08
37116249563.151550,37.116249563152,9.078288902961e-08
37116249748.732231,37.116249748732,8.938995543008e-08
37116249934.312904,37.116249934313,8.801619402812e-08
37116250119.893578,37.116250119894,8.666137828448e-08
37116250305.474251,37.116250305474,8.532528379099e-08
37116250491.054924,37.116250491055,8.400768820328e-08
37116250676.635597,37.116250676636,8.270837123100e-08
37116250862.216278,37.116250862216,8.142711457565e-08
37116251047.796951,37.116251047797,8.016370213057e-08
37116251233.377625,37.116251233378,7.891791965490e-08
37116251418.958298,37.116251418958,7.768955497477e-08
37116251604.538971,37.116251604539,7.647839792008e-08
37116251790.119644,37.116251790120,7.528424031412e-08
37116251975.700317,37.116251975700,7.410687596318e-08
37116252161.280998,37.116252161281,7.294610059864e-08
37116252346.861671,37.116252346862,7.180171205660e-08
37116252532.442345,37.116252532442,7.067350998090e-08
37116252718.023018,37.116252718023,6.956129600392e-08
37116252903.603691,37.116252903604,6.846487368773e-08
37116253089.184364,37.116253089184,6.738404851321e-08
37116253274.765038,37.116253274765,6.631862786909e-08
37116253460.345718,37.116253460346,6.526842099810e-08
37116253645.926392,37.116253645926,6.423323915794e-08
37116253831.507065,37.116253831507,6.321289535112e-08
37116254017.087738,37.116254017088,6.220720448713e-08
37116254202.668411,37.116254202668,6.121598332765e-08
37116254388.249084,37.116254388249,6.023905047531e-08
37116254573.829765,37.116254573830,5.927622632302e-08
37116254759.410439,37.116254759410,5.832733320038e-08
37116254944.991112,37.116254944991,5.739219512471e-08
37116255130.571785,37.116255130572,5.647063794853e-08
37116255316.152458,37.116255316152,5.556248930814e-08
37116255501.733131,37.116255501733,5.466757861211e-08
37116255687.313805,37.116255687314,5.378573702969e-08
37116255872.894485,37.116255872894,5.291679744372e-08
37116256058.475159,37.116256058475,5.206059458136e-08
37116256244.055832,37.116256244056,5.121696478812e-08
37116256429.636505,37.116256429637,5.038574615955e-08
37116256615.217178,37.116256615217,4.956677849351e-08
37116256800.797852,37.116256800798,4.875990327851e-08
37116256986.378532,37.116256986379,4.796496364944e-08
37116257171.959206,37.116257171959,4.718180450608e-08
37116257357.539879,37.116257357540,4.641027230520e-08
37116257543.120552,37.116257543121,4.565021517997e-08
37116257728.701225,37.116257728701,4.490148289526e-08
37116257914.281898,37.116257914282,4.416392683575e-08
37116258099.862572,37.116258099863,4.343739999417e-08
37116258285.443253,37.116258285443,4.272175693023e-08
37116258471.023926,37.116258471024,4.201685387601e-08
37116258656.604599,37.116258656605,4.132254854765e-08
37116258842.185272,37.116258842185,4.063870025158e-08
37116259027.765945,37.116259027766,3.996516984307e-08
37116259213.346619,37.116259213347,3.930181971440e-08
37116259398.927292,37.116259398927,3.864851378301e-08
37116259584.507973,37.116259584508,3.800511745347e-08
37116259770.088646,37.116259770089,3.737149771102e-08
37116259955.669319,37.116259955669,3.674752295110e-08
37116260141.249992,37.116260141250,3.613306307376e-08
37116260326.830666,37.116260326831,3.552798944521e-08
37116260512.411339,37.116260512411,3.493217488610e-08
37116260697.992020,37.116260697992,3.434549363580e-08
37116260883.572693,37.116260883573,3.376782143682e-08
37116261069.153366,37.116261069153,3.319903537833e-08
37116261254.734039,37.116261254734,3.263901398140e-08
37116261440.314713,37.116261440315,3.208763716297e-08
37116261625.895386,37.116261625895,3.154478622423e-08
37116261811.476059,37.116261811476,3.101034383902e-08
37116261997.056740,37.116261997057,3.048419402074e-08
37116262182.637413,37.116262182637,2.996622219702e-08
37116262368.218086,37.116262368218,2.945631506837e-08
37116262553.798759,37.116262553799,2.895436068355e-08
37116262739.379433,37.116262739379,2.846024840632e-08
37116262924.960106,37.116262924960,2.797386890394e-08
37116263110.540779,37.116263110541,2.749511413584e-08
37116263296.121460,37.116263296121,2.702387732298e-08
37116263481.702133,37.116263481702,2.656005301371e-08
37116263667.282806,37.116263667283,2.610353695624e-08
37116263852.863480,37.116263852863,2.565422616518e-08
37116264038.444153,37.116264038444,2.521201889078e-08
37116264224.024826,37.116264224025,2.477681460778e-08
37116264409.605507,37.116264409606,2.434851398675e-08
37116264595.186180,37.116264595186,2.392701895318e-08
37116264780.766853,37.116264780767,2.351223257076e-08
37116264966.347527,37.116264966348,2.310405910111e-08
37116265151.928200,37.116265151928,2.270240397501e-08
37116265337.508873,37.116265337509,2.230717378152e-08
37116265523.089546,37.116265523090,2.191827625711e-08
37116265708.670227,37.116265708670,2.153562025917e-08
37116265894.250900,37.116265894251,2.115911581797e-08
37116266079.831573,37.116266079832,2.078867403148e-08
37116266265.412247,37.116266265412,2.042420711792e-08
37116266450.992920,37.116266450993,2.006562838921e-08
37116266636.573593,37.116266636574,1.971285224045e-08
37116266822.154274,37.116266822154,1.936579412517e-08
37116267007.734947,37.116267007735,1.902437060176e-08
37116267193.315620,37.116267193316,1.868849923738e-08
37116267378.896294,37.116267378896,1.835809865490e-08
37116267564.476967,37.116267564477,1.803308850825e-08
37116267750.057640,37.116267750058,1.771338947207e-08
37116267935.638313,37.116267935638,1.739892323158e-08
37116268121.218994,37.116268121219,1.708961245975e-08
37116268306.799667,37.116268306800,1.678538085792e-08
37116268492.380341,37.116268492380,1.648615306941e-08
37116268677.961014,37.116268677961,1.619185472063e-08
37116268863.541687,37.116268863542,1.590241239835e-08
37116269049.122360,37.116269049122,1.561775363980e-08
37116269234.703033,37.116269234703,1.533780692289e-08
37116269420.283714,37.116269420284,1.506250164523e-08
37116269605.864388,37.116269605864,1.479176815948e-08
37116269791.445061,37.116269791445,1.452553769589e-08
37116269977.025734,37.116269977026,1.426374239812e-08
37116270162.606407,37.116270162606,1.400631530236e-08
37116270348.187080,37.116270348187,1.375319032785e-08
37116270533.767761,37.116270533768,1.350430225736e-08
37116270719.348434,37.116270719348,1.325958676863e-08
37116270904.929108,37.116270904929,1.301898036368e-08
37116271090.509781,37.116271090510,1.278242040074e-08
37116271276.090454,37.116271276090,1.254984507476e-08
37116271461.671127,37.116271461671,1.232119340835e-08
37116271647.251801,37.116271647252,1.209640524278e-08
37116271832.832481,37.116271832832,1.187542121997e-08
37116272018.413155,37.116272018413,1.165818280981e-08
37116272203.993828,37.116272203994,1.144463224683e-08
37116272389.574501,37.116272389575,1.123471255793e-08
37116272575.155174,37.116272575155,1.102836754449e-08
37116272760.735847,37.116272760736,1.082554177378e-08
37116272946.316528,37.116272946317,1.062618056219e-08
37116273131.897202,37.116273131897,1.043022999943e-08
37116273317.477875,37.116273317478,1.023763689088e-08
37116273503.058548,37.116273503059,1.004834878212e-08
37116273688.639221,37.116273688639,9.862313942381e-09
37116273874.219894,37.116273874220,9.679481356245e-09
37116274059.800568,37.116274059801,9.499800715490e-09
37116274245.381248,37.116274245381,9.323222403753e-09
37116274430.961922,37.116274430962,9.149697517382e-09
37116274616.542595,37.116274616543,8.979177813880e-09
37116274802.123268,37.116274802123,8.811615733141e-09
37116274987.703941,37.116274987704,8.646964382252e-09
37116275173.284615,37.116275173285,8.485177527691e-09
37116275358.865288,37.116275358865,8.326209587585e-09
37116275544.445969,37.116275544446,8.170015617668e-09
37116275730.026642,37.116275730027,8.016551329238e-09
37116275915.607315,37.116275915607,7.865773043084e-09
37116276101.187988,37.116276101188,7.717637707798e-09
37116276286.768661,37.116276286769,7.572102885873e-09
37116276472.349335,37.116276472349,7.429126746349e-09
37116276657.930016,37.116276657930,7.288668051791e-09
37116276843.510689,37.116276843511,7.150686174056e-09
37116277029.091362,37.116277029091,7.015141052479e-09
37116277214.672035,37.116277214672,6.881993209968e-09
37116277400.252708,37.116277400253,6.751203740140e-09
37116277585.833382,37.116277585833,6.622734300336e-09
37116277771.414055,37.116277771414,6.496547104712e-09
37116277956.994736,37.116277956995,6.372604912332e-09
37116278142.575409,37.116278142575,6.250871040669e-09
37116278328.156082,37.116278328156,6.131309328305e-09
37116278513.736755,37.116278513737,6.013884148734e-09
37116278699.317429,37.116278699317,5.898560398623e-09
37116278884.898102,37.116278884898,5.785303491262e-09
37116279070.478775,37.116279070479,5.674079350087e-09
37116279256.059456,37.116279256059,5.564854397807e-09
37116279441.640129,37.116279441640,5.457595567926e-09
37116279627.220802,37.116279627221,5.352270271504e-09
37116279812.801476,37.116279812801,5.248846408959e-09
37116279998.382149,37.116279998382,5.147292359360e-09
37116280183.962822,37.116280183963,5.047576974310e-09
37116280369.543503,37.116280369544,4.949669567897e-09
37116280555.124176,37.116280555124,4.853539926723e-09
37116280740.704849,37.116280740705,4.759158279818e-09
37116280926.285522,37.116280926286,4.666495308929e-09
37116281111.866196,37.116281111866,4.575522138642e-09
37116281297.446869,37.116281297447,4.486210330615e-09
37116281483.027542,37.116281483028,4.398531877873e-09
37116281668.608223,37.116281668608,4.312459195659e-09
37116281854.188896,37.116281854189,4.227965129931e-09
37116282039.769569,37.116282039770,4.145022930597e-09
37116282225.350243,37.116282225350,4.063606260267e-09
37116282410.930916,37.116282410931,3.983689185253e-09
37116282596.511589,37.116282596512,3.905246170218e-09
37116282782.092270,37.116282782092,3.828252069725e-09
37116282967.672943,37.116282967673,3.752682135596e-09
37116283153.253616,37.116283153254,3.678511992722e-09
37116283338.834290,37.116283338834,3.605717646646e-09
37116283524.414963,37.116283524415,3.534275475281e-09
37116283709.995636,37.116283709996,3.464162223884e-09
37116283895.576309,37.116283895576,3.395355000076e-09
37116284081.156990,37.116284081157,3.327831266172e-09
37116284266.737663,37.116284266738,3.261568845362e-09
37116284452.318336,37.116284452318,3.196545900242e-09
37116284637.899010,37.116284637899,3.132740939207e-09
37116284823.479683,37.116284823480,3.070132808938e-09
37116285009.060356,37.116285009060,3.008700689743e-09
37116285194.641029,37.116285194641,2.948424090953e-09
37116285380.221710,37.116285380222,2.889282843954e-09
37116285565.802383,37.116285565802,2.831257107368e-09
37116285751.383057,37.116285751383,2.774327348007e-09
37116285936.963730,37.116285936964,2.718474346244e-09
37116286122.544403,37.116286122544,2.663679189206e-09
37116286308.125076,37.116286308125,2.609923266467e-09
37116286493.705757,37.116286493706,2.557188263651e-09
37116286679.286430,37.116286679286,2.505456166856e-09
37116286864.867104,37.116286864867,2.454709245487e-09
37116287050.447777,37.116287050448,2.404930056864e-09
37116287236.028450,37.116287236028,2.356101439971e-09
37116287421.609123,37.116287421609,2.308206511444e-09
37116287607.189796,37.116287607190,2.261228661603e-09
37116287792.770477,37.116287792770,2.215151548658e-09
37116287978.351151,37.116287978351,2.169959102375e-09
37116288163.931824,37.116288163932,2.125635508886e-09
37116288349.512497,37.116288349512,2.082165214518e-09
37116288535.093170,37.116288535093,2.039532920147e-09
37116288720.673843,37.116288720674,1.997723577504e-09
37116288906.254524,37.116288906255,1.956722383860e-09
37116289091.835197,37.116289091835,1.916514785134e-09
37116289277.415871,37.116289277416,1.877086462218e-09
37116289462.996544,37.116289462997,1.838423334239e-09
37116289648.577217,37.116289648577,1.800511553383e-09
37116289834.157890,37.116289834158,1.763337501467e-09
37116290019.738564,37.116290019739,1.726887786546e-09
37116290205.319244,37.116290205319,1.691149238120e-09
37116290390.899918,37.116290390900,1.656108909671e-09
37116290576.480591,37.116290576481,1.621754066591e-09
37116290762.061264,37.116290762061,1.588072188859e-09
37116290947.641937,37.116290947642,1.555050966381e-09
37116291133.222610,37.116291133223,1.522678295845e-09
37116291318.803284,37.116291318803,1.490942277621e-09
37116291504.383965,37.116291504384,1.459831211431e-09
37116291689.964638,37.116291689965,1.429333598416e-09
37116291875.545311,37.116291875545,1.399438130476e-09
37116292061.125984,37.116292061126,1.370133692468e-09
37116292246.706657,37.116292246707,1.341409358002e-09
37116292432.287331,37.116292432287,1.313254386570e-09
37116292617.868011,37.116292617868,1.285658219590e-09
37116292803.448685,37.116292803449,1.258610482125e-09
37116292989.029358,37.116292989029,1.232100973310e-09
37116293174.610031,37.116293174610,1.206119668195e-09
37116293360.190704,37.116293360191,1.180656713903e-09
37116293545.771378,37.116293545771,1.155702426981e-09
37116293731.352051,37.116293731352,1.131247290782e-09
37116293916.932732,37.116293916933,1.107281951900e-09
37116294102.513405,37.116294102513,1.083797221548e-09
37116294288.094078,37.116294288094,1.060784067126e-09
37116294473.674751,37.116294473675,1.038233613704e-09
37116294659.255424,37.116294659255,1.016137140574e-09
37116294844.836098,37.116294844836,9.944860788368e-10
37116295030.416779,37.116295030417,9.732720081564e-10
37116295215.997452,37.116295215997,9.524866578768e-10
37116295401.578125,37.116295401578,9.321218994725e-10
37116295587.158798,37.116295587159,9.121697477674e-10
37116295772.739471,37.116295772739,8.926223577966e-10
37116295958.320145,37.116295958320,8.734720225823e-10
37116296143.900818,37.116296143901,8.547111709386e-10
37116296329.481499,37.116296329482,8.363323645596e-10
37116296515.062172,37.116296515062,8.183282988915e-10
37116296700.642845,37.116296700643,8.006917964948e-10
37116296886.223518,37.116296886224,7.834158080067e-10
37116297071.804192,37.116297071804,7.664934093309e-10
37116297257.384865,37.116297257385,7.499177996199e-10
37116297442.965538,37.116297442966,7.336822992854e-10
37116297628.546219,37.116297628546,7.177803473898e-10
37116297814.126892,37.116297814127,7.022055023137e-10
37116297999.707565,37.116297999708,6.869514359271e-10
37116298185.288239,37.116298185288,6.720119343386e-10
37116298370.868912,37.116298370869,6.573808953822e-10
37116298556.449585,37.116298556450,6.430523267907e-10
37116298742.030266,37.116298742030,6.290203438256e-10
37116298927.610939,37.116298927611,6.152791697974e-10
37116299113.191612,37.116299113192,6.018231308565e-10
37116299298.772285,37.116299298772,5.886466565892e-10
37116299484.352959,37.116299484353,5.757442777361e-10
37116299669.933632,37.116299669934,5.631106245187e-10
37116299855.514305,37.116299855514,5.507404249894e-10
37116300041.094986,37.116300041095,5.386285029141e-10
37116300226.675659,37.116300226676,5.267697781515e-10
37116300412.256332,37.116300412256,5.151592620876e-10
37116300597.837006,37.116300597837,5.037920580834e-10
37116300783.417679,37.116300783418,4.926633594392e-10
37116300968.998352,37.116300968998,4.817684478862e-10
37116301154.579025,37.116301154579,4.711026920990e-10
37116301340.159706,37.116301340160,4.606615458065e-10
37116301525.740379,37.116301525740,4.504405480569e-10
37116301711.321053,37.116301711321,4.404353192209e-10
37116301896.901726,37.116301896902,4.306415613180e-10
37116302082.482399,37.116302082482,4.210550562034e-10
37116302268.063072,37.116302268063,4.116716642104e-10
37116302453.643753,37.116302453644,4.024873224384e-10
37116302639.224426,37.116302639224,3.934980449386e-10
37116302824.805099,37.116302824805,3.846999191504e-10
37116303010.385773,37.116303010386,3.760891061429e-10
37116303195.966446,37.116303195966,3.676618389747e-10
37116303381.547119,37.116303381547,3.594144214548e-10
37116303567.127792,37.116303567128,3.513432269233e-10
37116303752.708473,37.116303752708,3.434446967288e-10
37116303938.289146,37.116303938289,3.357153403372e-10
37116304123.869820,37.116304123870,3.281517322197e-10
37116304309.450493,37.116304309450,3.207505120122e-10
37116304495.031166,37.116304495031,3.135083830583e-10
37116304680.611839,37.116304680612,3.064221112987e-10
37116304866.192520,37.116304866193,2.994885238955e-10
37116305051.773193,37.116305051773,2.927045092893e-10
37116305237.353867,37.116305237354,2.860670144301e-10
37116305422.934540,37.116305422935,2.795730448801e-10
37116305608.515213,37.116305608515,2.732196634991e-10
37116305794.095886,37.116305794096,2.670039894343e-10
37116305979.676559,37.116305979677,2.609231971261e-10
37116306165.257240,37.116306165257,2.549745150871e-10
37116306350.837914,37.116306350838,2.491552259125e-10
37116306536.418587,37.116306536419,2.434626638648e-10
37116306721.999260,37.116306721999,2.378942149253e-10
37116306907.579933,37.116306907580,2.324473156287e-10
37116307093.160606,37.116307093161,2.271194521607e-10
37116307278.741280,37.116307278741,2.219081594694e-10
37116307464.321960,37.116307464322,2.168110201843e-10
37116307649.902634,37.116307649903,2.118256645896e-10
37116307835.483307,37.116307835483,2.069497685216e-10
37116308021.063980,37.116308021064,2.021810533787e-10
37116308206.644653,37.116308206645,1.975172850913e-10
37116308392.225327,37.116308392225,1.929562733161e-10
37116308577.806007,37.116308577806,1.884958704631e-10
37116308763.386681,37.116308763387,1.841339716453e-10
37116308948.967354,37.116308948967,1.798685128124e-10
37116309134.548027,37.116309134548,1.756974707348e-10
37116309320.128700,37.116309320129,1.716188620763e-10
37116309505.709373,37.116309505709,1.676307426656e-10
37116309691.290047,37.116309691290,1.637312067788e-10
37116309876.870728,37.116309876871,1.599183862797e-10
37116310062.451401,37.116310062451,1.561904505495e-10
37116310248.032074,37.116310248032,1.525456048650e-10
37116310433.612747,37.116310433613,1.489820903584e-10
37116310619.193420,37.116310619193,1.454981831993e-10
37116310804.774094,37.116310804774,1.420921939474e-10
37116310990.354774,37.116310990355,1.387624667792e-10
37116311175.935448,37.116311175935,1.355073794061e-10
37116311361.516121,37.116311361516,1.323253416373e-10
37116311547.096794,37.116311547097,1.292147953252e-10
37116311732.677467,37.116311732677,1.261742136313e-10
37116311918.258141,37.116311918258,1.232021004412e-10
37116312103.838814,37.116312103839,1.202969897898e-10
37116312289.419495,37.116312289419,1.174574451801e-10
37116312475.000168,37.116312475000,1.146820594922e-10
37116312660.580841,37.116312660581,1.119694537366e-10
37116312846.161514,37.116312846162,1.093182769873e-10
37116313031.742188,37.116313031742,1.067272057357e-10
37116313217.322861,37.116313217323,1.041949433728e-10
37116313402.903534,37.116313402904,1.017202196794e-10
37116313588.484215,37.116313588484,9.930179022718e-11
37116313774.064888,37.116313774065,9.693843628239e-11
37116313959.645561,37.116313959646,9.462896372568e-11
37116314145.226234,37.116314145226,9.237220297729e-11
37116314330.806908,37.116314330807,9.016700842972e-11
37116314516.387581,37.116314516388,8.801225798926e-11
37116314701.968262,37.116314701968,8.590685253993e-11
37116314887.548935,37.116314887549,8.384971584509e-11
37116315073.129608,37.116315073130,8.183979359345e-11
37116315258.710281,37.116315258710,7.987605332010e-11
37116315444.290955,37.116315444291,7.795748389943e-11
37116315629.871628,37.116315629872,7.608309513297e-11
37116315815.452301,37.116315815452,7.425191734453e-11
37116316001.032982,37.116316001033,7.246300090996e-11
37116316186.613655,37.116316186614,7.071541615896e-11
37116316372.194328,37.116316372194,6.900825255029e-11
37116316557.775002,37.116316557775,6.734061859096e-11
37116316743.355675,37.116316743356,6.571164139179e-11
37116316928.936348,37.116316928936,6.412046630409e-11
37116317114.517021,37.116317114517,6.256625656286e-11
37116317300.097702,37.116317300098,6.104819287470e-11
37116317485.678375,37.116317485678,5.956547332192e-11
37116317671.259048,37.116317671259,5.811731265029e-11
37116317856.839722,37.116317856840,5.670294218839e-11
37116318042.420395,37.116318042420,5.532160945880e-11
37116318228.001068,37.116318228001,5.397257785831e-11
37116318413.581749,37.116318413582,5.265512629041e-11
37116318599.162422,37.116318599162,5.136854907250e-11
37116318784.743095,37.116318784743,5.011215530830e-11
37116318970.323769,37.116318970324,4.888526880878e-11
37116319155.904442,37.116319155904,4.768722774574e-11
37116319341.485115,37.116319341485,4.651738436558e-11
37116319527.065788,37.116319527066,4.537510470839e-11
37116319712.646469,37.116319712646,4.425976828685e-11
37116319898.227142,37.116319898227,4.317076799785e-11
37116320083.807816,37.116320083808,4.210750958181e-11
37116320269.388489,37.116320269388,4.106941154640e-11
37116320454.969162,37.116320454969,4.005590486428e-11
